split,source,image,label
train,/mnt/d/merged_fruit_36_clean_v2/yolo_fruit_dataset/_tmp_frames/apple_rotten_01_mild_rotten_frame_000210.jpg,/mnt/d/merged_fruit_36_clean_v2/yolo_fruit_dataset/images/train/apple_rotten_01_mild_rotten_frame_000210.jpg,/mnt/d/merged_fruit_36_clean_v2/yolo_fruit_dataset/labels/train/apple_rotten_01_mild_rotten_frame_000210.txt
train,/mnt/d/merged_fruit_36_clean_v2/yolo_fruit_dataset/_tmp_frames/carrot_fresh_01_clear_closeup_frame_000315.jpg,/mnt/d/merged_fruit_36_clean_v2/yolo_fruit_dataset/images/train/carrot_fresh_01_clear_closeup_frame_000315.jpg,/mnt/d/merged_fruit_36_clean_v2/yolo_fruit_dataset/labels/train/carrot_fresh_01_clear_closeup_frame_000315.txt
train,/mnt/d/merged_fruit_36_clean_v2/yolo_fruit_dataset/_tmp_frames/orange_fresh_01_clear_closeup_frame_000165.jpg,/mnt/d/merged_fruit_36_clean_v2/yolo_fruit_dataset/images/train/orange_fresh_01_clear_closeup_frame_000165.jpg,/mnt/d/merged_fruit_36_clean_v2/yolo_fruit_dataset/labels/train/orange_fresh_01_clear_closeup_frame_000165.txt
train,/mnt/d/merged_fruit_36_clean_v2/yolo_fruit_dataset/_tmp_frames/carambola_rotten_02_mold_bruised_rotten_frame_001095.jpg,/mnt/d/merged_fruit_36_clean_v2/yolo_fruit_dataset/images/train/carambola_rotten_02_mold_bruised_rotten_frame_001095.jpg,/mnt/d/merged_fruit_36_clean_v2/yolo_fruit_dataset/labels/train/carambola_rotten_02_mold_bruised_rotten_frame_001095.txt
train,/mnt/d/merged_fruit_36_clean_v2/yolo_fruit_dataset/_tmp_frames/carambola_fresh_03_on_tree_hardcase_frame_000450.jpg,/mnt/d/merged_fruit_36_clean_v2/yolo_fruit_dataset/images/train/carambola_fresh_03_on_tree_hardcase_frame_000450.jpg,/mnt/d/merged_fruit_36_clean_v2/yolo_fruit_dataset/labels/train/carambola_fresh_03_on_tree_hardcase_frame_000450.txt
train,/mnt/d/merged_fruit_36_clean_v2/yolo_fruit_dataset/_tmp_frames/grape_fresh_01_clear_closeup_frame_000285.jpg,/mnt/d/merged_fruit_36_clean_v2/yolo_fruit_dataset/images/train/grape_fresh_01_clear_closeup_frame_000285.jpg,/mnt/d/merged_fruit_36_clean_v2/yolo_fruit_dataset/labels/train/grape_fresh_01_clear_closeup_frame_000285.txt
train,/mnt/d/merged_fruit_36_clean_v2/yolo_fruit_dataset/_tmp_frames/cucumber_fresh_03_cut_open_hardcase_frame_000120.jpg,/mnt/d/merged_fruit_36_clean_v2/yolo_fruit_dataset/images/train/cucumber_fresh_03_cut_open_hardcase_frame_000120.jpg,/mnt/d/merged_fruit_36_clean_v2/yolo_fruit_dataset/labels/train/cucumber_fresh_03_cut_open_hardcase_frame_000120.txt
train,/mnt/d/merged_fruit_36_clean_v2/yolo_fruit_dataset/_tmp_frames/guava_fresh_03_on_tree_hardcase_frame_000120.jpg,/mnt/d/merged_fruit_36_clean_v2/yolo_fruit_dataset/images/train/guava_fresh_03_on_tree_hardcase_frame_000120.jpg,/mnt/d/merged_fruit_36_clean_v2/yolo_fruit_dataset/labels/train/guava_fresh_03_on_tree_hardcase_frame_000120.txt
train,/mnt/d/merged_fruit_36_clean_v2/yolo_fruit_dataset/_tmp_frames/apple_rotten_01_mild_rotten_frame_000135.jpg,/mnt/d/merged_fruit_36_clean_v2/yolo_fruit_dataset/images/train/apple_rotten_01_mild_rotten_frame_000135.jpg,/mnt/d/merged_fruit_36_clean_v2/yolo_fruit_dataset/labels/train/apple_rotten_01_mild_rotten_frame_000135.txt
train,/mnt/d/merged_fruit_36_clean_v2/yolo_fruit_dataset/_tmp_frames/carambola_fresh_03_on_tree_hardcase_frame_000180.jpg,/mnt/d/merged_fruit_36_clean_v2/yolo_fruit_dataset/images/train/carambola_fresh_03_on_tree_hardcase_frame_000180.jpg,/mnt/d/merged_fruit_36_clean_v2/yolo_fruit_dataset/labels/train/carambola_fresh_03_on_tree_hardcase_frame_000180.txt
train,/mnt/d/merged_fruit_36_clean_v2/yolo_fruit_dataset/_tmp_frames/grape_fresh_03_on_tree_hardcase_frame_000270.jpg,/mnt/d/merged_fruit_36_clean_v2/yolo_fruit_dataset/images/train/grape_fresh_03_on_tree_hardcase_frame_000270.jpg,/mnt/d/merged_fruit_36_clean_v2/yolo_fruit_dataset/labels/train/grape_fresh_03_on_tree_hardcase_frame_000270.txt
train,/mnt/d/merged_fruit_36_clean_v2/yolo_fruit_dataset/_tmp_frames/potato_fresh_03_soil_hardcase_frame_000120.jpg,/mnt/d/merged_fruit_36_clean_v2/yolo_fruit_dataset/images/train/potato_fresh_03_soil_hardcase_frame_000120.jpg,/mnt/d/merged_fruit_36_clean_v2/yolo_fruit_dataset/labels/train/potato_fresh_03_soil_hardcase_frame_000120.txt
train,/mnt/d/merged_fruit_36_clean_v2/yolo_fruit_dataset/_tmp_frames/tomato_rotten_02_soft_mold_rotten_frame_000435.jpg,/mnt/d/merged_fruit_36_clean_v2/yolo_fruit_dataset/images/train/tomato_rotten_02_soft_mold_rotten_frame_000435.jpg,/mnt/d/merged_fruit_36_clean_v2/yolo_fruit_dataset/labels/train/tomato_rotten_02_soft_mold_rotten_frame_000435.txt
train,/mnt/d/merged_fruit_36_clean_v2/yolo_fruit_dataset/_tmp_frames/carrot_rotten_01_mild_rotten_frame_000165.jpg,/mnt/d/merged_fruit_36_clean_v2/yolo_fruit_dataset/images/train/carrot_rotten_01_mild_rotten_frame_000165.jpg,/mnt/d/merged_fruit_36_clean_v2/yolo_fruit_dataset/labels/train/carrot_rotten_01_mild_rotten_frame_000165.txt
train,/mnt/d/merged_fruit_36_clean_v2/yolo_fruit_dataset/_tmp_frames/avocado_fresh_02_real_context_frame_000300.jpg,/mnt/d/merged_fruit_36_clean_v2/yolo_fruit_dataset/images/train/avocado_fresh_02_real_context_frame_000300.jpg,/mnt/d/merged_fruit_36_clean_v2/yolo_fruit_dataset/labels/train/avocado_fresh_02_real_context_frame_000300.txt
train,/mnt/d/merged_fruit_36_clean_v2/yolo_fruit_dataset/_tmp_frames/avocado_rotten_01_mild_rotten_frame_000030.jpg,/mnt/d/merged_fruit_36_clean_v2/yolo_fruit_dataset/images/train/avocado_rotten_01_mild_rotten_frame_000030.jpg,/mnt/d/merged_fruit_36_clean_v2/yolo_fruit_dataset/labels/train/avocado_rotten_01_mild_rotten_frame_000030.txt
train,/mnt/d/merged_fruit_36_clean_v2/yolo_fruit_dataset/_tmp_frames/lemon_fresh_03_cut_open_hardcase_frame_000000.jpg,/mnt/d/merged_fruit_36_clean_v2/yolo_fruit_dataset/images/train/lemon_fresh_03_cut_open_hardcase_frame_000000.jpg,/mnt/d/merged_fruit_36_clean_v2/yolo_fruit_dataset/labels/train/lemon_fresh_03_cut_open_hardcase_frame_000000.txt
train,/mnt/d/merged_fruit_36_clean_v2/yolo_fruit_dataset/_tmp_frames/grape_rotten_01_mild_rotten_frame_000150.jpg,/mnt/d/merged_fruit_36_clean_v2/yolo_fruit_dataset/images/train/grape_rotten_01_mild_rotten_frame_000150.jpg,/mnt/d/merged_fruit_36_clean_v2/yolo_fruit_dataset/labels/train/grape_rotten_01_mild_rotten_frame_000150.txt
train,/mnt/d/merged_fruit_36_clean_v2/yolo_fruit_dataset/_tmp_frames/carambola_rotten_02_mold_bruised_rotten_frame_000045.jpg,/mnt/d/merged_fruit_36_clean_v2/yolo_fruit_dataset/images/train/carambola_rotten_02_mold_bruised_rotten_frame_000045.jpg,/mnt/d/merged_fruit_36_clean_v2/yolo_fruit_dataset/labels/train/carambola_rotten_02_mold_bruised_rotten_frame_000045.txt
train,/mnt/d/merged_fruit_36_clean_v2/yolo_fruit_dataset/_tmp_frames/carambola_fresh_02_real_context_frame_000030.jpg,/mnt/d/merged_fruit_36_clean_v2/yolo_fruit_dataset/images/train/carambola_fresh_02_real_context_frame_000030.jpg,/mnt/d/merged_fruit_36_clean_v2/yolo_fruit_dataset/labels/train/carambola_fresh_02_real_context_frame_000030.txt
train,/mnt/d/merged_fruit_36_clean_v2/yolo_fruit_dataset/_tmp_frames/jujube_fresh_01_clear_closeup_frame_000180.jpg,/mnt/d/merged_fruit_36_clean_v2/yolo_fruit_dataset/images/train/jujube_fresh_01_clear_closeup_frame_000180.jpg,/mnt/d/merged_fruit_36_clean_v2/yolo_fruit_dataset/labels/train/jujube_fresh_01_clear_closeup_frame_000180.txt
train,/mnt/d/merged_fruit_36_clean_v2/yolo_fruit_dataset/_tmp_frames/banana_rotten_03_hardcase_rotten_frame_000000.jpg,/mnt/d/merged_fruit_36_clean_v2/yolo_fruit_dataset/images/train/banana_rotten_03_hardcase_rotten_frame_000000.jpg,/mnt/d/merged_fruit_36_clean_v2/yolo_fruit_dataset/labels/train/banana_rotten_03_hardcase_rotten_frame_000000.txt
train,/mnt/d/merged_fruit_36_clean_v2/yolo_fruit_dataset/_tmp_frames/carambola_fresh_01_clear_closeup_frame_000075.jpg,/mnt/d/merged_fruit_36_clean_v2/yolo_fruit_dataset/images/train/carambola_fresh_01_clear_closeup_frame_000075.jpg,/mnt/d/merged_fruit_36_clean_v2/yolo_fruit_dataset/labels/train/carambola_fresh_01_clear_closeup_frame_000075.txt
train,/mnt/d/merged_fruit_36_clean_v2/yolo_fruit_dataset/_tmp_frames/mango_fresh_01_clear_closeup_frame_000120.jpg,/mnt/d/merged_fruit_36_clean_v2/yolo_fruit_dataset/images/train/mango_fresh_01_clear_closeup_frame_000120.jpg,/mnt/d/merged_fruit_36_clean_v2/yolo_fruit_dataset/labels/train/mango_fresh_01_clear_closeup_frame_000120.txt
train,/mnt/d/merged_fruit_36_clean_v2/yolo_fruit_dataset/_tmp_frames/peach_fresh_01_clear_closeup_frame_000375.jpg,/mnt/d/merged_fruit_36_clean_v2/yolo_fruit_dataset/images/train/peach_fresh_01_clear_closeup_frame_000375.jpg,/mnt/d/merged_fruit_36_clean_v2/yolo_fruit_dataset/labels/train/peach_fresh_01_clear_closeup_frame_000375.txt
train,/mnt/d/merged_fruit_36_clean_v2/yolo_fruit_dataset/_tmp_frames/cucumber_fresh_01_clear_closeup_frame_000195.jpg,/mnt/d/merged_fruit_36_clean_v2/yolo_fruit_dataset/images/train/cucumber_fresh_01_clear_closeup_frame_000195.jpg,/mnt/d/merged_fruit_36_clean_v2/yolo_fruit_dataset/labels/train/cucumber_fresh_01_clear_closeup_frame_000195.txt
train,/mnt/d/merged_fruit_36_clean_v2/yolo_fruit_dataset/_tmp_frames/apple_fresh_02_real_context_frame_000030.jpg,/mnt/d/merged_fruit_36_clean_v2/yolo_fruit_dataset/images/train/apple_fresh_02_real_context_frame_000030.jpg,/mnt/d/merged_fruit_36_clean_v2/yolo_fruit_dataset/labels/train/apple_fresh_02_real_context_frame_000030.txt
train,/mnt/d/merged_fruit_36_clean_v2/yolo_fruit_dataset/_tmp_frames/orange_fresh_01_clear_closeup_frame_000180.jpg,/mnt/d/merged_fruit_36_clean_v2/yolo_fruit_dataset/images/train/orange_fresh_01_clear_closeup_frame_000180.jpg,/mnt/d/merged_fruit_36_clean_v2/yolo_fruit_dataset/labels/train/orange_fresh_01_clear_closeup_frame_000180.txt
train,/mnt/d/merged_fruit_36_clean_v2/yolo_fruit_dataset/_tmp_frames/cucumber_fresh_03_cut_open_hardcase_frame_000240.jpg,/mnt/d/merged_fruit_36_clean_v2/yolo_fruit_dataset/images/train/cucumber_fresh_03_cut_open_hardcase_frame_000240.jpg,/mnt/d/merged_fruit_36_clean_v2/yolo_fruit_dataset/labels/train/cucumber_fresh_03_cut_open_hardcase_frame_000240.txt
train,/mnt/d/merged_fruit_36_clean_v2/yolo_fruit_dataset/_tmp_frames/banana_fresh_02_real_context_frame_000000.jpg,/mnt/d/merged_fruit_36_clean_v2/yolo_fruit_dataset/images/train/banana_fresh_02_real_context_frame_000000.jpg,/mnt/d/merged_fruit_36_clean_v2/yolo_fruit_dataset/labels/train/banana_fresh_02_real_context_frame_000000.txt
train,/mnt/d/merged_fruit_36_clean_v2/yolo_fruit_dataset/_tmp_frames/bellpepper_rotten_03_hardcase_rotten_frame_000495.jpg,/mnt/d/merged_fruit_36_clean_v2/yolo_fruit_dataset/images/train/bellpepper_rotten_03_hardcase_rotten_frame_000495.jpg,/mnt/d/merged_fruit_36_clean_v2/yolo_fruit_dataset/labels/train/bellpepper_rotten_03_hardcase_rotten_frame_000495.txt
train,/mnt/d/merged_fruit_36_clean_v2/yolo_fruit_dataset/_tmp_frames/pomegranate_fresh_01_clear_closeup_frame_000105.jpg,/mnt/d/merged_fruit_36_clean_v2/yolo_fruit_dataset/images/train/pomegranate_fresh_01_clear_closeup_frame_000105.jpg,/mnt/d/merged_fruit_36_clean_v2/yolo_fruit_dataset/labels/train/pomegranate_fresh_01_clear_closeup_frame_000105.txt
train,/mnt/d/merged_fruit_36_clean_v2/yolo_fruit_dataset/_tmp_frames/grape_fresh_02_real_context_frame_000435.jpg,/mnt/d/merged_fruit_36_clean_v2/yolo_fruit_dataset/images/train/grape_fresh_02_real_context_frame_000435.jpg,/mnt/d/merged_fruit_36_clean_v2/yolo_fruit_dataset/labels/train/grape_fresh_02_real_context_frame_000435.txt
train,/mnt/d/merged_fruit_36_clean_v2/yolo_fruit_dataset/_tmp_frames/tomato_fresh_01_clear_closeup_frame_000375.jpg,/mnt/d/merged_fruit_36_clean_v2/yolo_fruit_dataset/images/train/tomato_fresh_01_clear_closeup_frame_000375.jpg,/mnt/d/merged_fruit_36_clean_v2/yolo_fruit_dataset/labels/train/tomato_fresh_01_clear_closeup_frame_000375.txt
train,/mnt/d/merged_fruit_36_clean_v2/yolo_fruit_dataset/_tmp_frames/grape_fresh_01_clear_closeup_frame_000675.jpg,/mnt/d/merged_fruit_36_clean_v2/yolo_fruit_dataset/images/train/grape_fresh_01_clear_closeup_frame_000675.jpg,/mnt/d/merged_fruit_36_clean_v2/yolo_fruit_dataset/labels/train/grape_fresh_01_clear_closeup_frame_000675.txt
train,/mnt/d/merged_fruit_36_clean_v2/yolo_fruit_dataset/_tmp_frames/jujube_fresh_03_on_tree_hardcase_frame_000000.jpg,/mnt/d/merged_fruit_36_clean_v2/yolo_fruit_dataset/images/train/jujube_fresh_03_on_tree_hardcase_frame_000000.jpg,/mnt/d/merged_fruit_36_clean_v2/yolo_fruit_dataset/labels/train/jujube_fresh_03_on_tree_hardcase_frame_000000.txt
train,/mnt/d/merged_fruit_36_clean_v2/yolo_fruit_dataset/_tmp_frames/grape_rotten_02_mold_bruised_rotten_frame_000135.jpg,/mnt/d/merged_fruit_36_clean_v2/yolo_fruit_dataset/images/train/grape_rotten_02_mold_bruised_rotten_frame_000135.jpg,/mnt/d/merged_fruit_36_clean_v2/yolo_fruit_dataset/labels/train/grape_rotten_02_mold_bruised_rotten_frame_000135.txt
train,/mnt/d/merged_fruit_36_clean_v2/yolo_fruit_dataset/_tmp_frames/potato_fresh_01_clear_closeup_frame_000660.jpg,/mnt/d/merged_fruit_36_clean_v2/yolo_fruit_dataset/images/train/potato_fresh_01_clear_closeup_frame_000660.jpg,/mnt/d/merged_fruit_36_clean_v2/yolo_fruit_dataset/labels/train/potato_fresh_01_clear_closeup_frame_000660.txt
train,/mnt/d/merged_fruit_36_clean_v2/yolo_fruit_dataset/_tmp_frames/potato_rotten_01_mild_rotten_frame_000120.jpg,/mnt/d/merged_fruit_36_clean_v2/yolo_fruit_dataset/images/train/potato_rotten_01_mild_rotten_frame_000120.jpg,/mnt/d/merged_fruit_36_clean_v2/yolo_fruit_dataset/labels/train/potato_rotten_01_mild_rotten_frame_000120.txt
train,/mnt/d/merged_fruit_36_clean_v2/yolo_fruit_dataset/_tmp_frames/carambola_rotten_02_mold_bruised_rotten_frame_000570.jpg,/mnt/d/merged_fruit_36_clean_v2/yolo_fruit_dataset/images/train/carambola_rotten_02_mold_bruised_rotten_frame_000570.jpg,/mnt/d/merged_fruit_36_clean_v2/yolo_fruit_dataset/labels/train/carambola_rotten_02_mold_bruised_rotten_frame_000570.txt
train,/mnt/d/merged_fruit_36_clean_v2/yolo_fruit_dataset/_tmp_frames/banana_fresh_03_hardcase_frame_000480.jpg,/mnt/d/merged_fruit_36_clean_v2/yolo_fruit_dataset/images/train/banana_fresh_03_hardcase_frame_000480.jpg,/mnt/d/merged_fruit_36_clean_v2/yolo_fruit_dataset/labels/train/banana_fresh_03_hardcase_frame_000480.txt
train,/mnt/d/merged_fruit_36_clean_v2/yolo_fruit_dataset/_tmp_frames/grape_fresh_02_real_context_frame_000330.jpg,/mnt/d/merged_fruit_36_clean_v2/yolo_fruit_dataset/images/train/grape_fresh_02_real_context_frame_000330.jpg,/mnt/d/merged_fruit_36_clean_v2/yolo_fruit_dataset/labels/train/grape_fresh_02_real_context_frame_000330.txt
train,/mnt/d/merged_fruit_36_clean_v2/yolo_fruit_dataset/_tmp_frames/carrot_fresh_02_real_context_frame_000150.jpg,/mnt/d/merged_fruit_36_clean_v2/yolo_fruit_dataset/images/train/carrot_fresh_02_real_context_frame_000150.jpg,/mnt/d/merged_fruit_36_clean_v2/yolo_fruit_dataset/labels/train/carrot_fresh_02_real_context_frame_000150.txt
train,/mnt/d/merged_fruit_36_clean_v2/yolo_fruit_dataset/_tmp_frames/potato_fresh_01_clear_closeup_frame_000225.jpg,/mnt/d/merged_fruit_36_clean_v2/yolo_fruit_dataset/images/train/potato_fresh_01_clear_closeup_frame_000225.jpg,/mnt/d/merged_fruit_36_clean_v2/yolo_fruit_dataset/labels/train/potato_fresh_01_clear_closeup_frame_000225.txt
train,/mnt/d/merged_fruit_36_clean_v2/yolo_fruit_dataset/_tmp_frames/banana_fresh_03_hardcase_frame_000930.jpg,/mnt/d/merged_fruit_36_clean_v2/yolo_fruit_dataset/images/train/banana_fresh_03_hardcase_frame_000930.jpg,/mnt/d/merged_fruit_36_clean_v2/yolo_fruit_dataset/labels/train/banana_fresh_03_hardcase_frame_000930.txt
train,/mnt/d/merged_fruit_36_clean_v2/yolo_fruit_dataset/_tmp_frames/guava_rotten_01_mild_rotten_frame_000105.jpg,/mnt/d/merged_fruit_36_clean_v2/yolo_fruit_dataset/images/train/guava_rotten_01_mild_rotten_frame_000105.jpg,/mnt/d/merged_fruit_36_clean_v2/yolo_fruit_dataset/labels/train/guava_rotten_01_mild_rotten_frame_000105.txt
train,/mnt/d/merged_fruit_36_clean_v2/yolo_fruit_dataset/_tmp_frames/tomato_fresh_01_clear_closeup_frame_000510.jpg,/mnt/d/merged_fruit_36_clean_v2/yolo_fruit_dataset/images/train/tomato_fresh_01_clear_closeup_frame_000510.jpg,/mnt/d/merged_fruit_36_clean_v2/yolo_fruit_dataset/labels/train/tomato_fresh_01_clear_closeup_frame_000510.txt
train,/mnt/d/merged_fruit_36_clean_v2/yolo_fruit_dataset/_tmp_frames/banana_fresh_03_hardcase_frame_001110.jpg,/mnt/d/merged_fruit_36_clean_v2/yolo_fruit_dataset/images/train/banana_fresh_03_hardcase_frame_001110.jpg,/mnt/d/merged_fruit_36_clean_v2/yolo_fruit_dataset/labels/train/banana_fresh_03_hardcase_frame_001110.txt
train,/mnt/d/merged_fruit_36_clean_v2/yolo_fruit_dataset/_tmp_frames/grape_fresh_02_real_context_frame_000840.jpg,/mnt/d/merged_fruit_36_clean_v2/yolo_fruit_dataset/images/train/grape_fresh_02_real_context_frame_000840.jpg,/mnt/d/merged_fruit_36_clean_v2/yolo_fruit_dataset/labels/train/grape_fresh_02_real_context_frame_000840.txt
train,/mnt/d/merged_fruit_36_clean_v2/yolo_fruit_dataset/_tmp_frames/lemon_fresh_03_cut_open_hardcase_frame_000300.jpg,/mnt/d/merged_fruit_36_clean_v2/yolo_fruit_dataset/images/train/lemon_fresh_03_cut_open_hardcase_frame_000300.jpg,/mnt/d/merged_fruit_36_clean_v2/yolo_fruit_dataset/labels/train/lemon_fresh_03_cut_open_hardcase_frame_000300.txt
train,/mnt/d/merged_fruit_36_clean_v2/yolo_fruit_dataset/_tmp_frames/apple_rotten_02_mold_bruised_rotten_frame_000165.jpg,/mnt/d/merged_fruit_36_clean_v2/yolo_fruit_dataset/images/train/apple_rotten_02_mold_bruised_rotten_frame_000165.jpg,/mnt/d/merged_fruit_36_clean_v2/yolo_fruit_dataset/labels/train/apple_rotten_02_mold_bruised_rotten_frame_000165.txt
train,/mnt/d/merged_fruit_36_clean_v2/yolo_fruit_dataset/_tmp_frames/tomato_fresh_01_clear_closeup_frame_000225.jpg,/mnt/d/merged_fruit_36_clean_v2/yolo_fruit_dataset/images/train/tomato_fresh_01_clear_closeup_frame_000225.jpg,/mnt/d/merged_fruit_36_clean_v2/yolo_fruit_dataset/labels/train/tomato_fresh_01_clear_closeup_frame_000225.txt
train,/mnt/d/merged_fruit_36_clean_v2/yolo_fruit_dataset/_tmp_frames/tomato_fresh_01_clear_closeup_frame_000405.jpg,/mnt/d/merged_fruit_36_clean_v2/yolo_fruit_dataset/images/train/tomato_fresh_01_clear_closeup_frame_000405.jpg,/mnt/d/merged_fruit_36_clean_v2/yolo_fruit_dataset/labels/train/tomato_fresh_01_clear_closeup_frame_000405.txt
train,/mnt/d/merged_fruit_36_clean_v2/yolo_fruit_dataset/_tmp_frames/strawberry_rotten_03_hardcase_rotten_frame_000435.jpg,/mnt/d/merged_fruit_36_clean_v2/yolo_fruit_dataset/images/train/strawberry_rotten_03_hardcase_rotten_frame_000435.jpg,/mnt/d/merged_fruit_36_clean_v2/yolo_fruit_dataset/labels/train/strawberry_rotten_03_hardcase_rotten_frame_000435.txt
train,/mnt/d/merged_fruit_36_clean_v2/yolo_fruit_dataset/_tmp_frames/orange_rotten_02_mold_soft_rotten_frame_000660.jpg,/mnt/d/merged_fruit_36_clean_v2/yolo_fruit_dataset/images/train/orange_rotten_02_mold_soft_rotten_frame_000660.jpg,/mnt/d/merged_fruit_36_clean_v2/yolo_fruit_dataset/labels/train/orange_rotten_02_mold_soft_rotten_frame_000660.txt
train,/mnt/d/merged_fruit_36_clean_v2/yolo_fruit_dataset/_tmp_frames/tomato_rotten_03_hardcase_rotten_frame_000120.jpg,/mnt/d/merged_fruit_36_clean_v2/yolo_fruit_dataset/images/train/tomato_rotten_03_hardcase_rotten_frame_000120.jpg,/mnt/d/merged_fruit_36_clean_v2/yolo_fruit_dataset/labels/train/tomato_rotten_03_hardcase_rotten_frame_000120.txt
train,/mnt/d/merged_fruit_36_clean_v2/yolo_fruit_dataset/_tmp_frames/bellpepper_rotten_03_hardcase_rotten_frame_000195.jpg,/mnt/d/merged_fruit_36_clean_v2/yolo_fruit_dataset/images/train/bellpepper_rotten_03_hardcase_rotten_frame_000195.jpg,/mnt/d/merged_fruit_36_clean_v2/yolo_fruit_dataset/labels/train/bellpepper_rotten_03_hardcase_rotten_frame_000195.txt
train,/mnt/d/merged_fruit_36_clean_v2/yolo_fruit_dataset/_tmp_frames/carrot_rotten_01_mild_rotten_frame_000765.jpg,/mnt/d/merged_fruit_36_clean_v2/yolo_fruit_dataset/images/train/carrot_rotten_01_mild_rotten_frame_000765.jpg,/mnt/d/merged_fruit_36_clean_v2/yolo_fruit_dataset/labels/train/carrot_rotten_01_mild_rotten_frame_000765.txt
train,/mnt/d/merged_fruit_36_clean_v2/yolo_fruit_dataset/_tmp_frames/tomato_fresh_03_cut_open_hardcase_frame_000180.jpg,/mnt/d/merged_fruit_36_clean_v2/yolo_fruit_dataset/images/train/tomato_fresh_03_cut_open_hardcase_frame_000180.jpg,/mnt/d/merged_fruit_36_clean_v2/yolo_fruit_dataset/labels/train/tomato_fresh_03_cut_open_hardcase_frame_000180.txt
train,/mnt/d/merged_fruit_36_clean_v2/yolo_fruit_dataset/_tmp_frames/carrot_fresh_01_clear_closeup_frame_000030.jpg,/mnt/d/merged_fruit_36_clean_v2/yolo_fruit_dataset/images/train/carrot_fresh_01_clear_closeup_frame_000030.jpg,/mnt/d/merged_fruit_36_clean_v2/yolo_fruit_dataset/labels/train/carrot_fresh_01_clear_closeup_frame_000030.txt
train,/mnt/d/merged_fruit_36_clean_v2/yolo_fruit_dataset/_tmp_frames/grape_fresh_02_real_context_frame_000945.jpg,/mnt/d/merged_fruit_36_clean_v2/yolo_fruit_dataset/images/train/grape_fresh_02_real_context_frame_000945.jpg,/mnt/d/merged_fruit_36_clean_v2/yolo_fruit_dataset/labels/train/grape_fresh_02_real_context_frame_000945.txt
train,/mnt/d/merged_fruit_36_clean_v2/yolo_fruit_dataset/_tmp_frames/grape_fresh_02_real_context_frame_000105.jpg,/mnt/d/merged_fruit_36_clean_v2/yolo_fruit_dataset/images/train/grape_fresh_02_real_context_frame_000105.jpg,/mnt/d/merged_fruit_36_clean_v2/yolo_fruit_dataset/labels/train/grape_fresh_02_real_context_frame_000105.txt
train,/mnt/d/merged_fruit_36_clean_v2/yolo_fruit_dataset/_tmp_frames/lemon_rotten_03_hardcase_rotten_frame_000240.jpg,/mnt/d/merged_fruit_36_clean_v2/yolo_fruit_dataset/images/train/lemon_rotten_03_hardcase_rotten_frame_000240.jpg,/mnt/d/merged_fruit_36_clean_v2/yolo_fruit_dataset/labels/train/lemon_rotten_03_hardcase_rotten_frame_000240.txt
train,/mnt/d/merged_fruit_36_clean_v2/yolo_fruit_dataset/_tmp_frames/pomegranate_fresh_01_clear_closeup_frame_000225.jpg,/mnt/d/merged_fruit_36_clean_v2/yolo_fruit_dataset/images/train/pomegranate_fresh_01_clear_closeup_frame_000225.jpg,/mnt/d/merged_fruit_36_clean_v2/yolo_fruit_dataset/labels/train/pomegranate_fresh_01_clear_closeup_frame_000225.txt
train,/mnt/d/merged_fruit_36_clean_v2/yolo_fruit_dataset/_tmp_frames/potato_rotten_02_sprout_green_rotten_frame_000720.jpg,/mnt/d/merged_fruit_36_clean_v2/yolo_fruit_dataset/images/train/potato_rotten_02_sprout_green_rotten_frame_000720.jpg,/mnt/d/merged_fruit_36_clean_v2/yolo_fruit_dataset/labels/train/potato_rotten_02_sprout_green_rotten_frame_000720.txt
train,/mnt/d/merged_fruit_36_clean_v2/yolo_fruit_dataset/_tmp_frames/potato_rotten_02_sprout_green_rotten_frame_000195.jpg,/mnt/d/merged_fruit_36_clean_v2/yolo_fruit_dataset/images/train/potato_rotten_02_sprout_green_rotten_frame_000195.jpg,/mnt/d/merged_fruit_36_clean_v2/yolo_fruit_dataset/labels/train/potato_rotten_02_sprout_green_rotten_frame_000195.txt
train,/mnt/d/merged_fruit_36_clean_v2/yolo_fruit_dataset/_tmp_frames/avocado_fresh_03_cut_open_hardcase_frame_000240.jpg,/mnt/d/merged_fruit_36_clean_v2/yolo_fruit_dataset/images/train/avocado_fresh_03_cut_open_hardcase_frame_000240.jpg,/mnt/d/merged_fruit_36_clean_v2/yolo_fruit_dataset/labels/train/avocado_fresh_03_cut_open_hardcase_frame_000240.txt
train,/mnt/d/merged_fruit_36_clean_v2/yolo_fruit_dataset/_tmp_frames/banana_rotten_02_black_bruised_rotten_frame_000285.jpg,/mnt/d/merged_fruit_36_clean_v2/yolo_fruit_dataset/images/train/banana_rotten_02_black_bruised_rotten_frame_000285.jpg,/mnt/d/merged_fruit_36_clean_v2/yolo_fruit_dataset/labels/train/banana_rotten_02_black_bruised_rotten_frame_000285.txt
train,/mnt/d/merged_fruit_36_clean_v2/yolo_fruit_dataset/_tmp_frames/guava_rotten_01_mild_rotten_frame_000045.jpg,/mnt/d/merged_fruit_36_clean_v2/yolo_fruit_dataset/images/train/guava_rotten_01_mild_rotten_frame_000045.jpg,/mnt/d/merged_fruit_36_clean_v2/yolo_fruit_dataset/labels/train/guava_rotten_01_mild_rotten_frame_000045.txt
train,/mnt/d/merged_fruit_36_clean_v2/yolo_fruit_dataset/_tmp_frames/banana_rotten_01_mild_rotten_frame_000390.jpg,/mnt/d/merged_fruit_36_clean_v2/yolo_fruit_dataset/images/train/banana_rotten_01_mild_rotten_frame_000390.jpg,/mnt/d/merged_fruit_36_clean_v2/yolo_fruit_dataset/labels/train/banana_rotten_01_mild_rotten_frame_000390.txt
train,/mnt/d/merged_fruit_36_clean_v2/yolo_fruit_dataset/_tmp_frames/lemon_fresh_03_cut_open_hardcase_frame_000705.jpg,/mnt/d/merged_fruit_36_clean_v2/yolo_fruit_dataset/images/train/lemon_fresh_03_cut_open_hardcase_frame_000705.jpg,/mnt/d/merged_fruit_36_clean_v2/yolo_fruit_dataset/labels/train/lemon_fresh_03_cut_open_hardcase_frame_000705.txt
train,/mnt/d/merged_fruit_36_clean_v2/yolo_fruit_dataset/_tmp_frames/tomato_rotten_02_soft_mold_rotten_frame_000330.jpg,/mnt/d/merged_fruit_36_clean_v2/yolo_fruit_dataset/images/train/tomato_rotten_02_soft_mold_rotten_frame_000330.jpg,/mnt/d/merged_fruit_36_clean_v2/yolo_fruit_dataset/labels/train/tomato_rotten_02_soft_mold_rotten_frame_000330.txt
train,/mnt/d/merged_fruit_36_clean_v2/yolo_fruit_dataset/_tmp_frames/strawberry_rotten_03_hardcase_rotten_frame_000150.jpg,/mnt/d/merged_fruit_36_clean_v2/yolo_fruit_dataset/images/train/strawberry_rotten_03_hardcase_rotten_frame_000150.jpg,/mnt/d/merged_fruit_36_clean_v2/yolo_fruit_dataset/labels/train/strawberry_rotten_03_hardcase_rotten_frame_000150.txt
train,/mnt/d/merged_fruit_36_clean_v2/yolo_fruit_dataset/_tmp_frames/pomegranate_rotten_01_mild_rotten_frame_000150.jpg,/mnt/d/merged_fruit_36_clean_v2/yolo_fruit_dataset/images/train/pomegranate_rotten_01_mild_rotten_frame_000150.jpg,/mnt/d/merged_fruit_36_clean_v2/yolo_fruit_dataset/labels/train/pomegranate_rotten_01_mild_rotten_frame_000150.txt
train,/mnt/d/merged_fruit_36_clean_v2/yolo_fruit_dataset/_tmp_frames/pomegranate_fresh_03_cut_open_hardcase_frame_000090.jpg,/mnt/d/merged_fruit_36_clean_v2/yolo_fruit_dataset/images/train/pomegranate_fresh_03_cut_open_hardcase_frame_000090.jpg,/mnt/d/merged_fruit_36_clean_v2/yolo_fruit_dataset/labels/train/pomegranate_fresh_03_cut_open_hardcase_frame_000090.txt
train,/mnt/d/merged_fruit_36_clean_v2/yolo_fruit_dataset/_tmp_frames/potato_rotten_02_sprout_green_rotten_frame_000120.jpg,/mnt/d/merged_fruit_36_clean_v2/yolo_fruit_dataset/images/train/potato_rotten_02_sprout_green_rotten_frame_000120.jpg,/mnt/d/merged_fruit_36_clean_v2/yolo_fruit_dataset/labels/train/potato_rotten_02_sprout_green_rotten_frame_000120.txt
train,/mnt/d/merged_fruit_36_clean_v2/yolo_fruit_dataset/_tmp_frames/pomegranate_fresh_03_cut_open_hardcase_frame_000210.jpg,/mnt/d/merged_fruit_36_clean_v2/yolo_fruit_dataset/images/train/pomegranate_fresh_03_cut_open_hardcase_frame_000210.jpg,/mnt/d/merged_fruit_36_clean_v2/yolo_fruit_dataset/labels/train/pomegranate_fresh_03_cut_open_hardcase_frame_000210.txt
train,/mnt/d/merged_fruit_36_clean_v2/yolo_fruit_dataset/_tmp_frames/carambola_fresh_02_real_context_frame_000045.jpg,/mnt/d/merged_fruit_36_clean_v2/yolo_fruit_dataset/images/train/carambola_fresh_02_real_context_frame_000045.jpg,/mnt/d/merged_fruit_36_clean_v2/yolo_fruit_dataset/labels/train/carambola_fresh_02_real_context_frame_000045.txt
train,/mnt/d/merged_fruit_36_clean_v2/yolo_fruit_dataset/_tmp_frames/carambola_rotten_02_mold_bruised_rotten_frame_000675.jpg,/mnt/d/merged_fruit_36_clean_v2/yolo_fruit_dataset/images/train/carambola_rotten_02_mold_bruised_rotten_frame_000675.jpg,/mnt/d/merged_fruit_36_clean_v2/yolo_fruit_dataset/labels/train/carambola_rotten_02_mold_bruised_rotten_frame_000675.txt
train,/mnt/d/merged_fruit_36_clean_v2/yolo_fruit_dataset/_tmp_frames/grape_fresh_02_real_context_frame_001005.jpg,/mnt/d/merged_fruit_36_clean_v2/yolo_fruit_dataset/images/train/grape_fresh_02_real_context_frame_001005.jpg,/mnt/d/merged_fruit_36_clean_v2/yolo_fruit_dataset/labels/train/grape_fresh_02_real_context_frame_001005.txt
train,/mnt/d/merged_fruit_36_clean_v2/yolo_fruit_dataset/_tmp_frames/jujube_fresh_01_clear_closeup_frame_000270.jpg,/mnt/d/merged_fruit_36_clean_v2/yolo_fruit_dataset/images/train/jujube_fresh_01_clear_closeup_frame_000270.jpg,/mnt/d/merged_fruit_36_clean_v2/yolo_fruit_dataset/labels/train/jujube_fresh_01_clear_closeup_frame_000270.txt
train,/mnt/d/merged_fruit_36_clean_v2/yolo_fruit_dataset/_tmp_frames/carambola_rotten_02_mold_bruised_rotten_frame_000075.jpg,/mnt/d/merged_fruit_36_clean_v2/yolo_fruit_dataset/images/train/carambola_rotten_02_mold_bruised_rotten_frame_000075.jpg,/mnt/d/merged_fruit_36_clean_v2/yolo_fruit_dataset/labels/train/carambola_rotten_02_mold_bruised_rotten_frame_000075.txt
train,/mnt/d/merged_fruit_36_clean_v2/yolo_fruit_dataset/_tmp_frames/bellpepper_fresh_02_real_context_frame_000465.jpg,/mnt/d/merged_fruit_36_clean_v2/yolo_fruit_dataset/images/train/bellpepper_fresh_02_real_context_frame_000465.jpg,/mnt/d/merged_fruit_36_clean_v2/yolo_fruit_dataset/labels/train/bellpepper_fresh_02_real_context_frame_000465.txt
train,/mnt/d/merged_fruit_36_clean_v2/yolo_fruit_dataset/_tmp_frames/tomato_rotten_01_mild_rotten_frame_000060.jpg,/mnt/d/merged_fruit_36_clean_v2/yolo_fruit_dataset/images/train/tomato_rotten_01_mild_rotten_frame_000060.jpg,/mnt/d/merged_fruit_36_clean_v2/yolo_fruit_dataset/labels/train/tomato_rotten_01_mild_rotten_frame_000060.txt
train,/mnt/d/merged_fruit_36_clean_v2/yolo_fruit_dataset/_tmp_frames/apple_rotten_03_hardcase_rotten_frame_000300.jpg,/mnt/d/merged_fruit_36_clean_v2/yolo_fruit_dataset/images/train/apple_rotten_03_hardcase_rotten_frame_000300.jpg,/mnt/d/merged_fruit_36_clean_v2/yolo_fruit_dataset/labels/train/apple_rotten_03_hardcase_rotten_frame_000300.txt
train,/mnt/d/merged_fruit_36_clean_v2/yolo_fruit_dataset/_tmp_frames/orange_fresh_03_cut_open_hardcase_frame_000120.jpg,/mnt/d/merged_fruit_36_clean_v2/yolo_fruit_dataset/images/train/orange_fresh_03_cut_open_hardcase_frame_000120.jpg,/mnt/d/merged_fruit_36_clean_v2/yolo_fruit_dataset/labels/train/orange_fresh_03_cut_open_hardcase_frame_000120.txt
train,/mnt/d/merged_fruit_36_clean_v2/yolo_fruit_dataset/_tmp_frames/bellpepper_rotten_03_hardcase_rotten_frame_000225.jpg,/mnt/d/merged_fruit_36_clean_v2/yolo_fruit_dataset/images/train/bellpepper_rotten_03_hardcase_rotten_frame_000225.jpg,/mnt/d/merged_fruit_36_clean_v2/yolo_fruit_dataset/labels/train/bellpepper_rotten_03_hardcase_rotten_frame_000225.txt
train,/mnt/d/merged_fruit_36_clean_v2/yolo_fruit_dataset/_tmp_frames/banana_rotten_01_mild_rotten_frame_000015.jpg,/mnt/d/merged_fruit_36_clean_v2/yolo_fruit_dataset/images/train/banana_rotten_01_mild_rotten_frame_000015.jpg,/mnt/d/merged_fruit_36_clean_v2/yolo_fruit_dataset/labels/train/banana_rotten_01_mild_rotten_frame_000015.txt
train,/mnt/d/merged_fruit_36_clean_v2/yolo_fruit_dataset/_tmp_frames/banana_rotten_02_black_bruised_rotten_frame_000660.jpg,/mnt/d/merged_fruit_36_clean_v2/yolo_fruit_dataset/images/train/banana_rotten_02_black_bruised_rotten_frame_000660.jpg,/mnt/d/merged_fruit_36_clean_v2/yolo_fruit_dataset/labels/train/banana_rotten_02_black_bruised_rotten_frame_000660.txt
train,/mnt/d/merged_fruit_36_clean_v2/yolo_fruit_dataset/_tmp_frames/potato_fresh_01_clear_closeup_frame_000165.jpg,/mnt/d/merged_fruit_36_clean_v2/yolo_fruit_dataset/images/train/potato_fresh_01_clear_closeup_frame_000165.jpg,/mnt/d/merged_fruit_36_clean_v2/yolo_fruit_dataset/labels/train/potato_fresh_01_clear_closeup_frame_000165.txt
train,/mnt/d/merged_fruit_36_clean_v2/yolo_fruit_dataset/_tmp_frames/orange_rotten_01_mild_rotten_frame_000090.jpg,/mnt/d/merged_fruit_36_clean_v2/yolo_fruit_dataset/images/train/orange_rotten_01_mild_rotten_frame_000090.jpg,/mnt/d/merged_fruit_36_clean_v2/yolo_fruit_dataset/labels/train/orange_rotten_01_mild_rotten_frame_000090.txt
train,/mnt/d/merged_fruit_36_clean_v2/yolo_fruit_dataset/_tmp_frames/orange_rotten_01_mild_rotten_frame_000375.jpg,/mnt/d/merged_fruit_36_clean_v2/yolo_fruit_dataset/images/train/orange_rotten_01_mild_rotten_frame_000375.jpg,/mnt/d/merged_fruit_36_clean_v2/yolo_fruit_dataset/labels/train/orange_rotten_01_mild_rotten_frame_000375.txt
train,/mnt/d/merged_fruit_36_clean_v2/yolo_fruit_dataset/_tmp_frames/tomato_fresh_03_cut_open_hardcase_frame_000075.jpg,/mnt/d/merged_fruit_36_clean_v2/yolo_fruit_dataset/images/train/tomato_fresh_03_cut_open_hardcase_frame_000075.jpg,/mnt/d/merged_fruit_36_clean_v2/yolo_fruit_dataset/labels/train/tomato_fresh_03_cut_open_hardcase_frame_000075.txt
train,/mnt/d/merged_fruit_36_clean_v2/yolo_fruit_dataset/_tmp_frames/carambola_rotten_02_mold_bruised_rotten_frame_001035.jpg,/mnt/d/merged_fruit_36_clean_v2/yolo_fruit_dataset/images/train/carambola_rotten_02_mold_bruised_rotten_frame_001035.jpg,/mnt/d/merged_fruit_36_clean_v2/yolo_fruit_dataset/labels/train/carambola_rotten_02_mold_bruised_rotten_frame_001035.txt
train,/mnt/d/merged_fruit_36_clean_v2/yolo_fruit_dataset/_tmp_frames/grape_fresh_03_on_tree_hardcase_frame_000090.jpg,/mnt/d/merged_fruit_36_clean_v2/yolo_fruit_dataset/images/train/grape_fresh_03_on_tree_hardcase_frame_000090.jpg,/mnt/d/merged_fruit_36_clean_v2/yolo_fruit_dataset/labels/train/grape_fresh_03_on_tree_hardcase_frame_000090.txt
train,/mnt/d/merged_fruit_36_clean_v2/yolo_fruit_dataset/_tmp_frames/potato_fresh_01_clear_closeup_frame_000555.jpg,/mnt/d/merged_fruit_36_clean_v2/yolo_fruit_dataset/images/train/potato_fresh_01_clear_closeup_frame_000555.jpg,/mnt/d/merged_fruit_36_clean_v2/yolo_fruit_dataset/labels/train/potato_fresh_01_clear_closeup_frame_000555.txt
train,/mnt/d/merged_fruit_36_clean_v2/yolo_fruit_dataset/_tmp_frames/avocado_fresh_01_clear_closeup_frame_000090.jpg,/mnt/d/merged_fruit_36_clean_v2/yolo_fruit_dataset/images/train/avocado_fresh_01_clear_closeup_frame_000090.jpg,/mnt/d/merged_fruit_36_clean_v2/yolo_fruit_dataset/labels/train/avocado_fresh_01_clear_closeup_frame_000090.txt
train,/mnt/d/merged_fruit_36_clean_v2/yolo_fruit_dataset/_tmp_frames/strawberry_fresh_03_hardcase_frame_000075.jpg,/mnt/d/merged_fruit_36_clean_v2/yolo_fruit_dataset/images/train/strawberry_fresh_03_hardcase_frame_000075.jpg,/mnt/d/merged_fruit_36_clean_v2/yolo_fruit_dataset/labels/train/strawberry_fresh_03_hardcase_frame_000075.txt
train,/mnt/d/merged_fruit_36_clean_v2/yolo_fruit_dataset/_tmp_frames/apple_fresh_02_real_context_frame_000090.jpg,/mnt/d/merged_fruit_36_clean_v2/yolo_fruit_dataset/images/train/apple_fresh_02_real_context_frame_000090.jpg,/mnt/d/merged_fruit_36_clean_v2/yolo_fruit_dataset/labels/train/apple_fresh_02_real_context_frame_000090.txt
train,/mnt/d/merged_fruit_36_clean_v2/yolo_fruit_dataset/_tmp_frames/tomato_rotten_01_mild_rotten_frame_000135.jpg,/mnt/d/merged_fruit_36_clean_v2/yolo_fruit_dataset/images/train/tomato_rotten_01_mild_rotten_frame_000135.jpg,/mnt/d/merged_fruit_36_clean_v2/yolo_fruit_dataset/labels/train/tomato_rotten_01_mild_rotten_frame_000135.txt
train,/mnt/d/merged_fruit_36_clean_v2/yolo_fruit_dataset/_tmp_frames/grape_fresh_01_clear_closeup_frame_001290.jpg,/mnt/d/merged_fruit_36_clean_v2/yolo_fruit_dataset/images/train/grape_fresh_01_clear_closeup_frame_001290.jpg,/mnt/d/merged_fruit_36_clean_v2/yolo_fruit_dataset/labels/train/grape_fresh_01_clear_closeup_frame_001290.txt
train,/mnt/d/merged_fruit_36_clean_v2/yolo_fruit_dataset/_tmp_frames/apple_rotten_01_mild_rotten_frame_000405.jpg,/mnt/d/merged_fruit_36_clean_v2/yolo_fruit_dataset/images/train/apple_rotten_01_mild_rotten_frame_000405.jpg,/mnt/d/merged_fruit_36_clean_v2/yolo_fruit_dataset/labels/train/apple_rotten_01_mild_rotten_frame_000405.txt
train,/mnt/d/merged_fruit_36_clean_v2/yolo_fruit_dataset/_tmp_frames/cucumber_fresh_03_cut_open_hardcase_frame_000210.jpg,/mnt/d/merged_fruit_36_clean_v2/yolo_fruit_dataset/images/train/cucumber_fresh_03_cut_open_hardcase_frame_000210.jpg,/mnt/d/merged_fruit_36_clean_v2/yolo_fruit_dataset/labels/train/cucumber_fresh_03_cut_open_hardcase_frame_000210.txt
train,/mnt/d/merged_fruit_36_clean_v2/yolo_fruit_dataset/_tmp_frames/guava_fresh_02_real_context_frame_000300.jpg,/mnt/d/merged_fruit_36_clean_v2/yolo_fruit_dataset/images/train/guava_fresh_02_real_context_frame_000300.jpg,/mnt/d/merged_fruit_36_clean_v2/yolo_fruit_dataset/labels/train/guava_fresh_02_real_context_frame_000300.txt
train,/mnt/d/merged_fruit_36_clean_v2/yolo_fruit_dataset/_tmp_frames/strawberry_rotten_03_hardcase_rotten_frame_000240.jpg,/mnt/d/merged_fruit_36_clean_v2/yolo_fruit_dataset/images/train/strawberry_rotten_03_hardcase_rotten_frame_000240.jpg,/mnt/d/merged_fruit_36_clean_v2/yolo_fruit_dataset/labels/train/strawberry_rotten_03_hardcase_rotten_frame_000240.txt
train,/mnt/d/merged_fruit_36_clean_v2/yolo_fruit_dataset/_tmp_frames/apple_rotten_03_hardcase_rotten_frame_000060.jpg,/mnt/d/merged_fruit_36_clean_v2/yolo_fruit_dataset/images/train/apple_rotten_03_hardcase_rotten_frame_000060.jpg,/mnt/d/merged_fruit_36_clean_v2/yolo_fruit_dataset/labels/train/apple_rotten_03_hardcase_rotten_frame_000060.txt
train,/mnt/d/merged_fruit_36_clean_v2/yolo_fruit_dataset/_tmp_frames/carrot_rotten_02_mold_soft_rotten_frame_000705.jpg,/mnt/d/merged_fruit_36_clean_v2/yolo_fruit_dataset/images/train/carrot_rotten_02_mold_soft_rotten_frame_000705.jpg,/mnt/d/merged_fruit_36_clean_v2/yolo_fruit_dataset/labels/train/carrot_rotten_02_mold_soft_rotten_frame_000705.txt
train,/mnt/d/merged_fruit_36_clean_v2/yolo_fruit_dataset/_tmp_frames/guava_fresh_03_on_tree_hardcase_frame_000390.jpg,/mnt/d/merged_fruit_36_clean_v2/yolo_fruit_dataset/images/train/guava_fresh_03_on_tree_hardcase_frame_000390.jpg,/mnt/d/merged_fruit_36_clean_v2/yolo_fruit_dataset/labels/train/guava_fresh_03_on_tree_hardcase_frame_000390.txt
train,/mnt/d/merged_fruit_36_clean_v2/yolo_fruit_dataset/_tmp_frames/orange_rotten_02_mold_soft_rotten_frame_000030.jpg,/mnt/d/merged_fruit_36_clean_v2/yolo_fruit_dataset/images/train/orange_rotten_02_mold_soft_rotten_frame_000030.jpg,/mnt/d/merged_fruit_36_clean_v2/yolo_fruit_dataset/labels/train/orange_rotten_02_mold_soft_rotten_frame_000030.txt
train,/mnt/d/merged_fruit_36_clean_v2/yolo_fruit_dataset/_tmp_frames/apple_fresh_02_real_context_frame_000210.jpg,/mnt/d/merged_fruit_36_clean_v2/yolo_fruit_dataset/images/train/apple_fresh_02_real_context_frame_000210.jpg,/mnt/d/merged_fruit_36_clean_v2/yolo_fruit_dataset/labels/train/apple_fresh_02_real_context_frame_000210.txt
train,/mnt/d/merged_fruit_36_clean_v2/yolo_fruit_dataset/_tmp_frames/apple_rotten_01_mild_rotten_frame_000375.jpg,/mnt/d/merged_fruit_36_clean_v2/yolo_fruit_dataset/images/train/apple_rotten_01_mild_rotten_frame_000375.jpg,/mnt/d/merged_fruit_36_clean_v2/yolo_fruit_dataset/labels/train/apple_rotten_01_mild_rotten_frame_000375.txt
train,/mnt/d/merged_fruit_36_clean_v2/yolo_fruit_dataset/_tmp_frames/grape_rotten_01_mild_rotten_frame_000240.jpg,/mnt/d/merged_fruit_36_clean_v2/yolo_fruit_dataset/images/train/grape_rotten_01_mild_rotten_frame_000240.jpg,/mnt/d/merged_fruit_36_clean_v2/yolo_fruit_dataset/labels/train/grape_rotten_01_mild_rotten_frame_000240.txt
train,/mnt/d/merged_fruit_36_clean_v2/yolo_fruit_dataset/_tmp_frames/bellpepper_fresh_01_clear_closeup_frame_000165.jpg,/mnt/d/merged_fruit_36_clean_v2/yolo_fruit_dataset/images/train/bellpepper_fresh_01_clear_closeup_frame_000165.jpg,/mnt/d/merged_fruit_36_clean_v2/yolo_fruit_dataset/labels/train/bellpepper_fresh_01_clear_closeup_frame_000165.txt
train,/mnt/d/merged_fruit_36_clean_v2/yolo_fruit_dataset/_tmp_frames/orange_rotten_03_hardcase_rotten_frame_000240.jpg,/mnt/d/merged_fruit_36_clean_v2/yolo_fruit_dataset/images/train/orange_rotten_03_hardcase_rotten_frame_000240.jpg,/mnt/d/merged_fruit_36_clean_v2/yolo_fruit_dataset/labels/train/orange_rotten_03_hardcase_rotten_frame_000240.txt
train,/mnt/d/merged_fruit_36_clean_v2/yolo_fruit_dataset/_tmp_frames/bellpepper_fresh_03_cut_open_hardcase_frame_000060.jpg,/mnt/d/merged_fruit_36_clean_v2/yolo_fruit_dataset/images/train/bellpepper_fresh_03_cut_open_hardcase_frame_000060.jpg,/mnt/d/merged_fruit_36_clean_v2/yolo_fruit_dataset/labels/train/bellpepper_fresh_03_cut_open_hardcase_frame_000060.txt
train,/mnt/d/merged_fruit_36_clean_v2/yolo_fruit_dataset/_tmp_frames/avocado_rotten_03_hardcase_rotten_frame_000255.jpg,/mnt/d/merged_fruit_36_clean_v2/yolo_fruit_dataset/images/train/avocado_rotten_03_hardcase_rotten_frame_000255.jpg,/mnt/d/merged_fruit_36_clean_v2/yolo_fruit_dataset/labels/train/avocado_rotten_03_hardcase_rotten_frame_000255.txt
train,/mnt/d/merged_fruit_36_clean_v2/yolo_fruit_dataset/_tmp_frames/orange_fresh_01_clear_closeup_frame_000090.jpg,/mnt/d/merged_fruit_36_clean_v2/yolo_fruit_dataset/images/train/orange_fresh_01_clear_closeup_frame_000090.jpg,/mnt/d/merged_fruit_36_clean_v2/yolo_fruit_dataset/labels/train/orange_fresh_01_clear_closeup_frame_000090.txt
train,/mnt/d/merged_fruit_36_clean_v2/yolo_fruit_dataset/_tmp_frames/banana_fresh_01_clear_closeup_frame_000090.jpg,/mnt/d/merged_fruit_36_clean_v2/yolo_fruit_dataset/images/train/banana_fresh_01_clear_closeup_frame_000090.jpg,/mnt/d/merged_fruit_36_clean_v2/yolo_fruit_dataset/labels/train/banana_fresh_01_clear_closeup_frame_000090.txt
train,/mnt/d/merged_fruit_36_clean_v2/yolo_fruit_dataset/_tmp_frames/tomato_fresh_02_real_context_frame_000120.jpg,/mnt/d/merged_fruit_36_clean_v2/yolo_fruit_dataset/images/train/tomato_fresh_02_real_context_frame_000120.jpg,/mnt/d/merged_fruit_36_clean_v2/yolo_fruit_dataset/labels/train/tomato_fresh_02_real_context_frame_000120.txt
train,/mnt/d/merged_fruit_36_clean_v2/yolo_fruit_dataset/_tmp_frames/lemon_fresh_03_cut_open_hardcase_frame_000630.jpg,/mnt/d/merged_fruit_36_clean_v2/yolo_fruit_dataset/images/train/lemon_fresh_03_cut_open_hardcase_frame_000630.jpg,/mnt/d/merged_fruit_36_clean_v2/yolo_fruit_dataset/labels/train/lemon_fresh_03_cut_open_hardcase_frame_000630.txt
train,/mnt/d/merged_fruit_36_clean_v2/yolo_fruit_dataset/_tmp_frames/guava_fresh_01_clear_closeup_frame_000105.jpg,/mnt/d/merged_fruit_36_clean_v2/yolo_fruit_dataset/images/train/guava_fresh_01_clear_closeup_frame_000105.jpg,/mnt/d/merged_fruit_36_clean_v2/yolo_fruit_dataset/labels/train/guava_fresh_01_clear_closeup_frame_000105.txt
train,/mnt/d/merged_fruit_36_clean_v2/yolo_fruit_dataset/_tmp_frames/potato_rotten_02_sprout_green_rotten_frame_000015.jpg,/mnt/d/merged_fruit_36_clean_v2/yolo_fruit_dataset/images/train/potato_rotten_02_sprout_green_rotten_frame_000015.jpg,/mnt/d/merged_fruit_36_clean_v2/yolo_fruit_dataset/labels/train/potato_rotten_02_sprout_green_rotten_frame_000015.txt
train,/mnt/d/merged_fruit_36_clean_v2/yolo_fruit_dataset/_tmp_frames/carambola_fresh_03_on_tree_hardcase_frame_000000.jpg,/mnt/d/merged_fruit_36_clean_v2/yolo_fruit_dataset/images/train/carambola_fresh_03_on_tree_hardcase_frame_000000.jpg,/mnt/d/merged_fruit_36_clean_v2/yolo_fruit_dataset/labels/train/carambola_fresh_03_on_tree_hardcase_frame_000000.txt
train,/mnt/d/merged_fruit_36_clean_v2/yolo_fruit_dataset/_tmp_frames/banana_fresh_03_hardcase_frame_001470.jpg,/mnt/d/merged_fruit_36_clean_v2/yolo_fruit_dataset/images/train/banana_fresh_03_hardcase_frame_001470.jpg,/mnt/d/merged_fruit_36_clean_v2/yolo_fruit_dataset/labels/train/banana_fresh_03_hardcase_frame_001470.txt
train,/mnt/d/merged_fruit_36_clean_v2/yolo_fruit_dataset/_tmp_frames/banana_fresh_03_hardcase_frame_000240.jpg,/mnt/d/merged_fruit_36_clean_v2/yolo_fruit_dataset/images/train/banana_fresh_03_hardcase_frame_000240.jpg,/mnt/d/merged_fruit_36_clean_v2/yolo_fruit_dataset/labels/train/banana_fresh_03_hardcase_frame_000240.txt
train,/mnt/d/merged_fruit_36_clean_v2/yolo_fruit_dataset/_tmp_frames/mango_rotten_03_hardcase_rotten_frame_000090.jpg,/mnt/d/merged_fruit_36_clean_v2/yolo_fruit_dataset/images/train/mango_rotten_03_hardcase_rotten_frame_000090.jpg,/mnt/d/merged_fruit_36_clean_v2/yolo_fruit_dataset/labels/train/mango_rotten_03_hardcase_rotten_frame_000090.txt
train,/mnt/d/merged_fruit_36_clean_v2/yolo_fruit_dataset/_tmp_frames/carambola_fresh_01_clear_closeup_frame_000060.jpg,/mnt/d/merged_fruit_36_clean_v2/yolo_fruit_dataset/images/train/carambola_fresh_01_clear_closeup_frame_000060.jpg,/mnt/d/merged_fruit_36_clean_v2/yolo_fruit_dataset/labels/train/carambola_fresh_01_clear_closeup_frame_000060.txt
train,/mnt/d/merged_fruit_36_clean_v2/yolo_fruit_dataset/_tmp_frames/guava_fresh_03_on_tree_hardcase_frame_000135.jpg,/mnt/d/merged_fruit_36_clean_v2/yolo_fruit_dataset/images/train/guava_fresh_03_on_tree_hardcase_frame_000135.jpg,/mnt/d/merged_fruit_36_clean_v2/yolo_fruit_dataset/labels/train/guava_fresh_03_on_tree_hardcase_frame_000135.txt
train,/mnt/d/merged_fruit_36_clean_v2/yolo_fruit_dataset/_tmp_frames/grape_fresh_03_on_tree_hardcase_frame_000120.jpg,/mnt/d/merged_fruit_36_clean_v2/yolo_fruit_dataset/images/train/grape_fresh_03_on_tree_hardcase_frame_000120.jpg,/mnt/d/merged_fruit_36_clean_v2/yolo_fruit_dataset/labels/train/grape_fresh_03_on_tree_hardcase_frame_000120.txt
train,/mnt/d/merged_fruit_36_clean_v2/yolo_fruit_dataset/_tmp_frames/carrot_rotten_02_mold_soft_rotten_frame_000780.jpg,/mnt/d/merged_fruit_36_clean_v2/yolo_fruit_dataset/images/train/carrot_rotten_02_mold_soft_rotten_frame_000780.jpg,/mnt/d/merged_fruit_36_clean_v2/yolo_fruit_dataset/labels/train/carrot_rotten_02_mold_soft_rotten_frame_000780.txt
train,/mnt/d/merged_fruit_36_clean_v2/yolo_fruit_dataset/_tmp_frames/banana_rotten_02_black_bruised_rotten_frame_000390.jpg,/mnt/d/merged_fruit_36_clean_v2/yolo_fruit_dataset/images/train/banana_rotten_02_black_bruised_rotten_frame_000390.jpg,/mnt/d/merged_fruit_36_clean_v2/yolo_fruit_dataset/labels/train/banana_rotten_02_black_bruised_rotten_frame_000390.txt
train,/mnt/d/merged_fruit_36_clean_v2/yolo_fruit_dataset/_tmp_frames/carrot_fresh_01_clear_closeup_frame_000420.jpg,/mnt/d/merged_fruit_36_clean_v2/yolo_fruit_dataset/images/train/carrot_fresh_01_clear_closeup_frame_000420.jpg,/mnt/d/merged_fruit_36_clean_v2/yolo_fruit_dataset/labels/train/carrot_fresh_01_clear_closeup_frame_000420.txt
train,/mnt/d/merged_fruit_36_clean_v2/yolo_fruit_dataset/_tmp_frames/grape_fresh_02_real_context_frame_000975.jpg,/mnt/d/merged_fruit_36_clean_v2/yolo_fruit_dataset/images/train/grape_fresh_02_real_context_frame_000975.jpg,/mnt/d/merged_fruit_36_clean_v2/yolo_fruit_dataset/labels/train/grape_fresh_02_real_context_frame_000975.txt
train,/mnt/d/merged_fruit_36_clean_v2/yolo_fruit_dataset/_tmp_frames/tomato_fresh_01_clear_closeup_frame_000105.jpg,/mnt/d/merged_fruit_36_clean_v2/yolo_fruit_dataset/images/train/tomato_fresh_01_clear_closeup_frame_000105.jpg,/mnt/d/merged_fruit_36_clean_v2/yolo_fruit_dataset/labels/train/tomato_fresh_01_clear_closeup_frame_000105.txt
train,/mnt/d/merged_fruit_36_clean_v2/yolo_fruit_dataset/_tmp_frames/apple_fresh_02_real_context_frame_000840.jpg,/mnt/d/merged_fruit_36_clean_v2/yolo_fruit_dataset/images/train/apple_fresh_02_real_context_frame_000840.jpg,/mnt/d/merged_fruit_36_clean_v2/yolo_fruit_dataset/labels/train/apple_fresh_02_real_context_frame_000840.txt
train,/mnt/d/merged_fruit_36_clean_v2/yolo_fruit_dataset/_tmp_frames/apple_rotten_03_hardcase_rotten_frame_000240.jpg,/mnt/d/merged_fruit_36_clean_v2/yolo_fruit_dataset/images/train/apple_rotten_03_hardcase_rotten_frame_000240.jpg,/mnt/d/merged_fruit_36_clean_v2/yolo_fruit_dataset/labels/train/apple_rotten_03_hardcase_rotten_frame_000240.txt
train,/mnt/d/merged_fruit_36_clean_v2/yolo_fruit_dataset/_tmp_frames/banana_fresh_03_hardcase_frame_000645.jpg,/mnt/d/merged_fruit_36_clean_v2/yolo_fruit_dataset/images/train/banana_fresh_03_hardcase_frame_000645.jpg,/mnt/d/merged_fruit_36_clean_v2/yolo_fruit_dataset/labels/train/banana_fresh_03_hardcase_frame_000645.txt
train,/mnt/d/merged_fruit_36_clean_v2/yolo_fruit_dataset/_tmp_frames/carrot_rotten_01_mild_rotten_frame_000045.jpg,/mnt/d/merged_fruit_36_clean_v2/yolo_fruit_dataset/images/train/carrot_rotten_01_mild_rotten_frame_000045.jpg,/mnt/d/merged_fruit_36_clean_v2/yolo_fruit_dataset/labels/train/carrot_rotten_01_mild_rotten_frame_000045.txt
train,/mnt/d/merged_fruit_36_clean_v2/yolo_fruit_dataset/_tmp_frames/avocado_fresh_02_real_context_frame_000165.jpg,/mnt/d/merged_fruit_36_clean_v2/yolo_fruit_dataset/images/train/avocado_fresh_02_real_context_frame_000165.jpg,/mnt/d/merged_fruit_36_clean_v2/yolo_fruit_dataset/labels/train/avocado_fresh_02_real_context_frame_000165.txt
train,/mnt/d/merged_fruit_36_clean_v2/yolo_fruit_dataset/_tmp_frames/banana_fresh_01_clear_closeup_frame_000030.jpg,/mnt/d/merged_fruit_36_clean_v2/yolo_fruit_dataset/images/train/banana_fresh_01_clear_closeup_frame_000030.jpg,/mnt/d/merged_fruit_36_clean_v2/yolo_fruit_dataset/labels/train/banana_fresh_01_clear_closeup_frame_000030.txt
train,/mnt/d/merged_fruit_36_clean_v2/yolo_fruit_dataset/_tmp_frames/carrot_fresh_01_clear_closeup_frame_000045.jpg,/mnt/d/merged_fruit_36_clean_v2/yolo_fruit_dataset/images/train/carrot_fresh_01_clear_closeup_frame_000045.jpg,/mnt/d/merged_fruit_36_clean_v2/yolo_fruit_dataset/labels/train/carrot_fresh_01_clear_closeup_frame_000045.txt
train,/mnt/d/merged_fruit_36_clean_v2/yolo_fruit_dataset/_tmp_frames/pomegranate_fresh_03_cut_open_hardcase_frame_000375.jpg,/mnt/d/merged_fruit_36_clean_v2/yolo_fruit_dataset/images/train/pomegranate_fresh_03_cut_open_hardcase_frame_000375.jpg,/mnt/d/merged_fruit_36_clean_v2/yolo_fruit_dataset/labels/train/pomegranate_fresh_03_cut_open_hardcase_frame_000375.txt
train,/mnt/d/merged_fruit_36_clean_v2/yolo_fruit_dataset/_tmp_frames/carrot_rotten_02_mold_soft_rotten_frame_000030.jpg,/mnt/d/merged_fruit_36_clean_v2/yolo_fruit_dataset/images/train/carrot_rotten_02_mold_soft_rotten_frame_000030.jpg,/mnt/d/merged_fruit_36_clean_v2/yolo_fruit_dataset/labels/train/carrot_rotten_02_mold_soft_rotten_frame_000030.txt
train,/mnt/d/merged_fruit_36_clean_v2/yolo_fruit_dataset/_tmp_frames/strawberry_fresh_01_clear_closeup_frame_000180.jpg,/mnt/d/merged_fruit_36_clean_v2/yolo_fruit_dataset/images/train/strawberry_fresh_01_clear_closeup_frame_000180.jpg,/mnt/d/merged_fruit_36_clean_v2/yolo_fruit_dataset/labels/train/strawberry_fresh_01_clear_closeup_frame_000180.txt
train,/mnt/d/merged_fruit_36_clean_v2/yolo_fruit_dataset/_tmp_frames/potato_fresh_02_real_context_frame_000060.jpg,/mnt/d/merged_fruit_36_clean_v2/yolo_fruit_dataset/images/train/potato_fresh_02_real_context_frame_000060.jpg,/mnt/d/merged_fruit_36_clean_v2/yolo_fruit_dataset/labels/train/potato_fresh_02_real_context_frame_000060.txt
train,/mnt/d/merged_fruit_36_clean_v2/yolo_fruit_dataset/_tmp_frames/tomato_fresh_02_real_context_frame_000075.jpg,/mnt/d/merged_fruit_36_clean_v2/yolo_fruit_dataset/images/train/tomato_fresh_02_real_context_frame_000075.jpg,/mnt/d/merged_fruit_36_clean_v2/yolo_fruit_dataset/labels/train/tomato_fresh_02_real_context_frame_000075.txt
train,/mnt/d/merged_fruit_36_clean_v2/yolo_fruit_dataset/_tmp_frames/grape_rotten_01_mild_rotten_frame_000360.jpg,/mnt/d/merged_fruit_36_clean_v2/yolo_fruit_dataset/images/train/grape_rotten_01_mild_rotten_frame_000360.jpg,/mnt/d/merged_fruit_36_clean_v2/yolo_fruit_dataset/labels/train/grape_rotten_01_mild_rotten_frame_000360.txt
train,/mnt/d/merged_fruit_36_clean_v2/yolo_fruit_dataset/_tmp_frames/banana_rotten_02_black_bruised_rotten_frame_000225.jpg,/mnt/d/merged_fruit_36_clean_v2/yolo_fruit_dataset/images/train/banana_rotten_02_black_bruised_rotten_frame_000225.jpg,/mnt/d/merged_fruit_36_clean_v2/yolo_fruit_dataset/labels/train/banana_rotten_02_black_bruised_rotten_frame_000225.txt
train,/mnt/d/merged_fruit_36_clean_v2/yolo_fruit_dataset/_tmp_frames/tomato_fresh_01_clear_closeup_frame_000360.jpg,/mnt/d/merged_fruit_36_clean_v2/yolo_fruit_dataset/images/train/tomato_fresh_01_clear_closeup_frame_000360.jpg,/mnt/d/merged_fruit_36_clean_v2/yolo_fruit_dataset/labels/train/tomato_fresh_01_clear_closeup_frame_000360.txt
train,/mnt/d/merged_fruit_36_clean_v2/yolo_fruit_dataset/_tmp_frames/pomegranate_rotten_02_mold_dark_rotten_frame_000090.jpg,/mnt/d/merged_fruit_36_clean_v2/yolo_fruit_dataset/images/train/pomegranate_rotten_02_mold_dark_rotten_frame_000090.jpg,/mnt/d/merged_fruit_36_clean_v2/yolo_fruit_dataset/labels/train/pomegranate_rotten_02_mold_dark_rotten_frame_000090.txt
train,/mnt/d/merged_fruit_36_clean_v2/yolo_fruit_dataset/_tmp_frames/banana_rotten_02_black_bruised_rotten_frame_000540.jpg,/mnt/d/merged_fruit_36_clean_v2/yolo_fruit_dataset/images/train/banana_rotten_02_black_bruised_rotten_frame_000540.jpg,/mnt/d/merged_fruit_36_clean_v2/yolo_fruit_dataset/labels/train/banana_rotten_02_black_bruised_rotten_frame_000540.txt
train,/mnt/d/merged_fruit_36_clean_v2/yolo_fruit_dataset/_tmp_frames/carrot_fresh_02_real_context_frame_000240.jpg,/mnt/d/merged_fruit_36_clean_v2/yolo_fruit_dataset/images/train/carrot_fresh_02_real_context_frame_000240.jpg,/mnt/d/merged_fruit_36_clean_v2/yolo_fruit_dataset/labels/train/carrot_fresh_02_real_context_frame_000240.txt
train,/mnt/d/merged_fruit_36_clean_v2/yolo_fruit_dataset/_tmp_frames/tomato_rotten_02_soft_mold_rotten_frame_000150.jpg,/mnt/d/merged_fruit_36_clean_v2/yolo_fruit_dataset/images/train/tomato_rotten_02_soft_mold_rotten_frame_000150.jpg,/mnt/d/merged_fruit_36_clean_v2/yolo_fruit_dataset/labels/train/tomato_rotten_02_soft_mold_rotten_frame_000150.txt
train,/mnt/d/merged_fruit_36_clean_v2/yolo_fruit_dataset/_tmp_frames/tomato_fresh_02_real_context_frame_000165.jpg,/mnt/d/merged_fruit_36_clean_v2/yolo_fruit_dataset/images/train/tomato_fresh_02_real_context_frame_000165.jpg,/mnt/d/merged_fruit_36_clean_v2/yolo_fruit_dataset/labels/train/tomato_fresh_02_real_context_frame_000165.txt
train,/mnt/d/merged_fruit_36_clean_v2/yolo_fruit_dataset/_tmp_frames/apple_fresh_02_real_context_frame_000495.jpg,/mnt/d/merged_fruit_36_clean_v2/yolo_fruit_dataset/images/train/apple_fresh_02_real_context_frame_000495.jpg,/mnt/d/merged_fruit_36_clean_v2/yolo_fruit_dataset/labels/train/apple_fresh_02_real_context_frame_000495.txt
train,/mnt/d/merged_fruit_36_clean_v2/yolo_fruit_dataset/_tmp_frames/guava_rotten_02_mold_bruised_rotten_frame_000150.jpg,/mnt/d/merged_fruit_36_clean_v2/yolo_fruit_dataset/images/train/guava_rotten_02_mold_bruised_rotten_frame_000150.jpg,/mnt/d/merged_fruit_36_clean_v2/yolo_fruit_dataset/labels/train/guava_rotten_02_mold_bruised_rotten_frame_000150.txt
train,/mnt/d/merged_fruit_36_clean_v2/yolo_fruit_dataset/_tmp_frames/pomegranate_fresh_02_real_context_frame_000045.jpg,/mnt/d/merged_fruit_36_clean_v2/yolo_fruit_dataset/images/train/pomegranate_fresh_02_real_context_frame_000045.jpg,/mnt/d/merged_fruit_36_clean_v2/yolo_fruit_dataset/labels/train/pomegranate_fresh_02_real_context_frame_000045.txt
train,/mnt/d/merged_fruit_36_clean_v2/yolo_fruit_dataset/_tmp_frames/bellpepper_fresh_03_cut_open_hardcase_frame_000135.jpg,/mnt/d/merged_fruit_36_clean_v2/yolo_fruit_dataset/images/train/bellpepper_fresh_03_cut_open_hardcase_frame_000135.jpg,/mnt/d/merged_fruit_36_clean_v2/yolo_fruit_dataset/labels/train/bellpepper_fresh_03_cut_open_hardcase_frame_000135.txt
train,/mnt/d/merged_fruit_36_clean_v2/yolo_fruit_dataset/_tmp_frames/banana_fresh_03_hardcase_frame_000690.jpg,/mnt/d/merged_fruit_36_clean_v2/yolo_fruit_dataset/images/train/banana_fresh_03_hardcase_frame_000690.jpg,/mnt/d/merged_fruit_36_clean_v2/yolo_fruit_dataset/labels/train/banana_fresh_03_hardcase_frame_000690.txt
train,/mnt/d/merged_fruit_36_clean_v2/yolo_fruit_dataset/_tmp_frames/carambola_fresh_02_real_context_frame_000105.jpg,/mnt/d/merged_fruit_36_clean_v2/yolo_fruit_dataset/images/train/carambola_fresh_02_real_context_frame_000105.jpg,/mnt/d/merged_fruit_36_clean_v2/yolo_fruit_dataset/labels/train/carambola_fresh_02_real_context_frame_000105.txt
train,/mnt/d/merged_fruit_36_clean_v2/yolo_fruit_dataset/_tmp_frames/apple_fresh_02_real_context_frame_000255.jpg,/mnt/d/merged_fruit_36_clean_v2/yolo_fruit_dataset/images/train/apple_fresh_02_real_context_frame_000255.jpg,/mnt/d/merged_fruit_36_clean_v2/yolo_fruit_dataset/labels/train/apple_fresh_02_real_context_frame_000255.txt
train,/mnt/d/merged_fruit_36_clean_v2/yolo_fruit_dataset/_tmp_frames/grape_fresh_01_clear_closeup_frame_000480.jpg,/mnt/d/merged_fruit_36_clean_v2/yolo_fruit_dataset/images/train/grape_fresh_01_clear_closeup_frame_000480.jpg,/mnt/d/merged_fruit_36_clean_v2/yolo_fruit_dataset/labels/train/grape_fresh_01_clear_closeup_frame_000480.txt
train,/mnt/d/merged_fruit_36_clean_v2/yolo_fruit_dataset/_tmp_frames/pomegranate_fresh_01_clear_closeup_frame_000060.jpg,/mnt/d/merged_fruit_36_clean_v2/yolo_fruit_dataset/images/train/pomegranate_fresh_01_clear_closeup_frame_000060.jpg,/mnt/d/merged_fruit_36_clean_v2/yolo_fruit_dataset/labels/train/pomegranate_fresh_01_clear_closeup_frame_000060.txt
train,/mnt/d/merged_fruit_36_clean_v2/yolo_fruit_dataset/_tmp_frames/orange_fresh_03_cut_open_hardcase_frame_000105.jpg,/mnt/d/merged_fruit_36_clean_v2/yolo_fruit_dataset/images/train/orange_fresh_03_cut_open_hardcase_frame_000105.jpg,/mnt/d/merged_fruit_36_clean_v2/yolo_fruit_dataset/labels/train/orange_fresh_03_cut_open_hardcase_frame_000105.txt
train,/mnt/d/merged_fruit_36_clean_v2/yolo_fruit_dataset/_tmp_frames/peach_rotten_02_mold_bruised_rotten_frame_000225.jpg,/mnt/d/merged_fruit_36_clean_v2/yolo_fruit_dataset/images/train/peach_rotten_02_mold_bruised_rotten_frame_000225.jpg,/mnt/d/merged_fruit_36_clean_v2/yolo_fruit_dataset/labels/train/peach_rotten_02_mold_bruised_rotten_frame_000225.txt
train,/mnt/d/merged_fruit_36_clean_v2/yolo_fruit_dataset/_tmp_frames/potato_fresh_01_clear_closeup_frame_000045.jpg,/mnt/d/merged_fruit_36_clean_v2/yolo_fruit_dataset/images/train/potato_fresh_01_clear_closeup_frame_000045.jpg,/mnt/d/merged_fruit_36_clean_v2/yolo_fruit_dataset/labels/train/potato_fresh_01_clear_closeup_frame_000045.txt
train,/mnt/d/merged_fruit_36_clean_v2/yolo_fruit_dataset/_tmp_frames/carambola_fresh_03_on_tree_hardcase_frame_000555.jpg,/mnt/d/merged_fruit_36_clean_v2/yolo_fruit_dataset/images/train/carambola_fresh_03_on_tree_hardcase_frame_000555.jpg,/mnt/d/merged_fruit_36_clean_v2/yolo_fruit_dataset/labels/train/carambola_fresh_03_on_tree_hardcase_frame_000555.txt
train,/mnt/d/merged_fruit_36_clean_v2/yolo_fruit_dataset/_tmp_frames/carambola_fresh_03_on_tree_hardcase_frame_000030.jpg,/mnt/d/merged_fruit_36_clean_v2/yolo_fruit_dataset/images/train/carambola_fresh_03_on_tree_hardcase_frame_000030.jpg,/mnt/d/merged_fruit_36_clean_v2/yolo_fruit_dataset/labels/train/carambola_fresh_03_on_tree_hardcase_frame_000030.txt
train,/mnt/d/merged_fruit_36_clean_v2/yolo_fruit_dataset/_tmp_frames/grape_fresh_02_real_context_frame_000315.jpg,/mnt/d/merged_fruit_36_clean_v2/yolo_fruit_dataset/images/train/grape_fresh_02_real_context_frame_000315.jpg,/mnt/d/merged_fruit_36_clean_v2/yolo_fruit_dataset/labels/train/grape_fresh_02_real_context_frame_000315.txt
train,/mnt/d/merged_fruit_36_clean_v2/yolo_fruit_dataset/_tmp_frames/peach_fresh_01_clear_closeup_frame_000495.jpg,/mnt/d/merged_fruit_36_clean_v2/yolo_fruit_dataset/images/train/peach_fresh_01_clear_closeup_frame_000495.jpg,/mnt/d/merged_fruit_36_clean_v2/yolo_fruit_dataset/labels/train/peach_fresh_01_clear_closeup_frame_000495.txt
train,/mnt/d/merged_fruit_36_clean_v2/yolo_fruit_dataset/_tmp_frames/carambola_rotten_02_mold_bruised_rotten_frame_001005.jpg,/mnt/d/merged_fruit_36_clean_v2/yolo_fruit_dataset/images/train/carambola_rotten_02_mold_bruised_rotten_frame_001005.jpg,/mnt/d/merged_fruit_36_clean_v2/yolo_fruit_dataset/labels/train/carambola_rotten_02_mold_bruised_rotten_frame_001005.txt
train,/mnt/d/merged_fruit_36_clean_v2/yolo_fruit_dataset/_tmp_frames/avocado_fresh_01_clear_closeup_frame_000300.jpg,/mnt/d/merged_fruit_36_clean_v2/yolo_fruit_dataset/images/train/avocado_fresh_01_clear_closeup_frame_000300.jpg,/mnt/d/merged_fruit_36_clean_v2/yolo_fruit_dataset/labels/train/avocado_fresh_01_clear_closeup_frame_000300.txt
train,/mnt/d/merged_fruit_36_clean_v2/yolo_fruit_dataset/_tmp_frames/tomato_fresh_01_clear_closeup_frame_000030.jpg,/mnt/d/merged_fruit_36_clean_v2/yolo_fruit_dataset/images/train/tomato_fresh_01_clear_closeup_frame_000030.jpg,/mnt/d/merged_fruit_36_clean_v2/yolo_fruit_dataset/labels/train/tomato_fresh_01_clear_closeup_frame_000030.txt
train,/mnt/d/merged_fruit_36_clean_v2/yolo_fruit_dataset/_tmp_frames/strawberry_rotten_03_hardcase_rotten_frame_000690.jpg,/mnt/d/merged_fruit_36_clean_v2/yolo_fruit_dataset/images/train/strawberry_rotten_03_hardcase_rotten_frame_000690.jpg,/mnt/d/merged_fruit_36_clean_v2/yolo_fruit_dataset/labels/train/strawberry_rotten_03_hardcase_rotten_frame_000690.txt
train,/mnt/d/merged_fruit_36_clean_v2/yolo_fruit_dataset/_tmp_frames/guava_rotten_02_mold_bruised_rotten_frame_000270.jpg,/mnt/d/merged_fruit_36_clean_v2/yolo_fruit_dataset/images/train/guava_rotten_02_mold_bruised_rotten_frame_000270.jpg,/mnt/d/merged_fruit_36_clean_v2/yolo_fruit_dataset/labels/train/guava_rotten_02_mold_bruised_rotten_frame_000270.txt
train,/mnt/d/merged_fruit_36_clean_v2/yolo_fruit_dataset/_tmp_frames/grape_fresh_01_clear_closeup_frame_001020.jpg,/mnt/d/merged_fruit_36_clean_v2/yolo_fruit_dataset/images/train/grape_fresh_01_clear_closeup_frame_001020.jpg,/mnt/d/merged_fruit_36_clean_v2/yolo_fruit_dataset/labels/train/grape_fresh_01_clear_closeup_frame_001020.txt
train,/mnt/d/merged_fruit_36_clean_v2/yolo_fruit_dataset/_tmp_frames/bellpepper_fresh_02_real_context_frame_000495.jpg,/mnt/d/merged_fruit_36_clean_v2/yolo_fruit_dataset/images/train/bellpepper_fresh_02_real_context_frame_000495.jpg,/mnt/d/merged_fruit_36_clean_v2/yolo_fruit_dataset/labels/train/bellpepper_fresh_02_real_context_frame_000495.txt
train,/mnt/d/merged_fruit_36_clean_v2/yolo_fruit_dataset/_tmp_frames/carambola_fresh_02_real_context_frame_000150.jpg,/mnt/d/merged_fruit_36_clean_v2/yolo_fruit_dataset/images/train/carambola_fresh_02_real_context_frame_000150.jpg,/mnt/d/merged_fruit_36_clean_v2/yolo_fruit_dataset/labels/train/carambola_fresh_02_real_context_frame_000150.txt
train,/mnt/d/merged_fruit_36_clean_v2/yolo_fruit_dataset/_tmp_frames/carambola_fresh_02_real_context_frame_000075.jpg,/mnt/d/merged_fruit_36_clean_v2/yolo_fruit_dataset/images/train/carambola_fresh_02_real_context_frame_000075.jpg,/mnt/d/merged_fruit_36_clean_v2/yolo_fruit_dataset/labels/train/carambola_fresh_02_real_context_frame_000075.txt
train,/mnt/d/merged_fruit_36_clean_v2/yolo_fruit_dataset/_tmp_frames/tomato_fresh_01_clear_closeup_frame_000315.jpg,/mnt/d/merged_fruit_36_clean_v2/yolo_fruit_dataset/images/train/tomato_fresh_01_clear_closeup_frame_000315.jpg,/mnt/d/merged_fruit_36_clean_v2/yolo_fruit_dataset/labels/train/tomato_fresh_01_clear_closeup_frame_000315.txt
train,/mnt/d/merged_fruit_36_clean_v2/yolo_fruit_dataset/_tmp_frames/tomato_rotten_02_soft_mold_rotten_frame_000105.jpg,/mnt/d/merged_fruit_36_clean_v2/yolo_fruit_dataset/images/train/tomato_rotten_02_soft_mold_rotten_frame_000105.jpg,/mnt/d/merged_fruit_36_clean_v2/yolo_fruit_dataset/labels/train/tomato_rotten_02_soft_mold_rotten_frame_000105.txt
train,/mnt/d/merged_fruit_36_clean_v2/yolo_fruit_dataset/_tmp_frames/carrot_fresh_01_clear_closeup_frame_000135.jpg,/mnt/d/merged_fruit_36_clean_v2/yolo_fruit_dataset/images/train/carrot_fresh_01_clear_closeup_frame_000135.jpg,/mnt/d/merged_fruit_36_clean_v2/yolo_fruit_dataset/labels/train/carrot_fresh_01_clear_closeup_frame_000135.txt
train,/mnt/d/merged_fruit_36_clean_v2/yolo_fruit_dataset/_tmp_frames/orange_rotten_03_hardcase_rotten_frame_000285.jpg,/mnt/d/merged_fruit_36_clean_v2/yolo_fruit_dataset/images/train/orange_rotten_03_hardcase_rotten_frame_000285.jpg,/mnt/d/merged_fruit_36_clean_v2/yolo_fruit_dataset/labels/train/orange_rotten_03_hardcase_rotten_frame_000285.txt
train,/mnt/d/merged_fruit_36_clean_v2/yolo_fruit_dataset/_tmp_frames/carambola_fresh_03_on_tree_hardcase_frame_000360.jpg,/mnt/d/merged_fruit_36_clean_v2/yolo_fruit_dataset/images/train/carambola_fresh_03_on_tree_hardcase_frame_000360.jpg,/mnt/d/merged_fruit_36_clean_v2/yolo_fruit_dataset/labels/train/carambola_fresh_03_on_tree_hardcase_frame_000360.txt
train,/mnt/d/merged_fruit_36_clean_v2/yolo_fruit_dataset/_tmp_frames/orange_fresh_01_clear_closeup_frame_000045.jpg,/mnt/d/merged_fruit_36_clean_v2/yolo_fruit_dataset/images/train/orange_fresh_01_clear_closeup_frame_000045.jpg,/mnt/d/merged_fruit_36_clean_v2/yolo_fruit_dataset/labels/train/orange_fresh_01_clear_closeup_frame_000045.txt
train,/mnt/d/merged_fruit_36_clean_v2/yolo_fruit_dataset/_tmp_frames/orange_rotten_02_mold_soft_rotten_frame_000525.jpg,/mnt/d/merged_fruit_36_clean_v2/yolo_fruit_dataset/images/train/orange_rotten_02_mold_soft_rotten_frame_000525.jpg,/mnt/d/merged_fruit_36_clean_v2/yolo_fruit_dataset/labels/train/orange_rotten_02_mold_soft_rotten_frame_000525.txt
train,/mnt/d/merged_fruit_36_clean_v2/yolo_fruit_dataset/_tmp_frames/grape_fresh_01_clear_closeup_frame_000255.jpg,/mnt/d/merged_fruit_36_clean_v2/yolo_fruit_dataset/images/train/grape_fresh_01_clear_closeup_frame_000255.jpg,/mnt/d/merged_fruit_36_clean_v2/yolo_fruit_dataset/labels/train/grape_fresh_01_clear_closeup_frame_000255.txt
train,/mnt/d/merged_fruit_36_clean_v2/yolo_fruit_dataset/_tmp_frames/mango_rotten_02_black_bruised_rotten_frame_000045.jpg,/mnt/d/merged_fruit_36_clean_v2/yolo_fruit_dataset/images/train/mango_rotten_02_black_bruised_rotten_frame_000045.jpg,/mnt/d/merged_fruit_36_clean_v2/yolo_fruit_dataset/labels/train/mango_rotten_02_black_bruised_rotten_frame_000045.txt
train,/mnt/d/merged_fruit_36_clean_v2/yolo_fruit_dataset/_tmp_frames/tomato_rotten_01_mild_rotten_frame_000240.jpg,/mnt/d/merged_fruit_36_clean_v2/yolo_fruit_dataset/images/train/tomato_rotten_01_mild_rotten_frame_000240.jpg,/mnt/d/merged_fruit_36_clean_v2/yolo_fruit_dataset/labels/train/tomato_rotten_01_mild_rotten_frame_000240.txt
train,/mnt/d/merged_fruit_36_clean_v2/yolo_fruit_dataset/_tmp_frames/grape_fresh_02_real_context_frame_000705.jpg,/mnt/d/merged_fruit_36_clean_v2/yolo_fruit_dataset/images/train/grape_fresh_02_real_context_frame_000705.jpg,/mnt/d/merged_fruit_36_clean_v2/yolo_fruit_dataset/labels/train/grape_fresh_02_real_context_frame_000705.txt
train,/mnt/d/merged_fruit_36_clean_v2/yolo_fruit_dataset/_tmp_frames/tomato_fresh_03_cut_open_hardcase_frame_000135.jpg,/mnt/d/merged_fruit_36_clean_v2/yolo_fruit_dataset/images/train/tomato_fresh_03_cut_open_hardcase_frame_000135.jpg,/mnt/d/merged_fruit_36_clean_v2/yolo_fruit_dataset/labels/train/tomato_fresh_03_cut_open_hardcase_frame_000135.txt
train,/mnt/d/merged_fruit_36_clean_v2/yolo_fruit_dataset/_tmp_frames/tomato_rotten_03_hardcase_rotten_frame_000165.jpg,/mnt/d/merged_fruit_36_clean_v2/yolo_fruit_dataset/images/train/tomato_rotten_03_hardcase_rotten_frame_000165.jpg,/mnt/d/merged_fruit_36_clean_v2/yolo_fruit_dataset/labels/train/tomato_rotten_03_hardcase_rotten_frame_000165.txt
train,/mnt/d/merged_fruit_36_clean_v2/yolo_fruit_dataset/_tmp_frames/orange_fresh_01_clear_closeup_frame_000060.jpg,/mnt/d/merged_fruit_36_clean_v2/yolo_fruit_dataset/images/train/orange_fresh_01_clear_closeup_frame_000060.jpg,/mnt/d/merged_fruit_36_clean_v2/yolo_fruit_dataset/labels/train/orange_fresh_01_clear_closeup_frame_000060.txt
train,/mnt/d/merged_fruit_36_clean_v2/yolo_fruit_dataset/_tmp_frames/peach_fresh_01_clear_closeup_frame_000750.jpg,/mnt/d/merged_fruit_36_clean_v2/yolo_fruit_dataset/images/train/peach_fresh_01_clear_closeup_frame_000750.jpg,/mnt/d/merged_fruit_36_clean_v2/yolo_fruit_dataset/labels/train/peach_fresh_01_clear_closeup_frame_000750.txt
train,/mnt/d/merged_fruit_36_clean_v2/yolo_fruit_dataset/_tmp_frames/tomato_rotten_01_mild_rotten_frame_000225.jpg,/mnt/d/merged_fruit_36_clean_v2/yolo_fruit_dataset/images/train/tomato_rotten_01_mild_rotten_frame_000225.jpg,/mnt/d/merged_fruit_36_clean_v2/yolo_fruit_dataset/labels/train/tomato_rotten_01_mild_rotten_frame_000225.txt
train,/mnt/d/merged_fruit_36_clean_v2/yolo_fruit_dataset/_tmp_frames/pomegranate_fresh_03_cut_open_hardcase_frame_000135.jpg,/mnt/d/merged_fruit_36_clean_v2/yolo_fruit_dataset/images/train/pomegranate_fresh_03_cut_open_hardcase_frame_000135.jpg,/mnt/d/merged_fruit_36_clean_v2/yolo_fruit_dataset/labels/train/pomegranate_fresh_03_cut_open_hardcase_frame_000135.txt
train,/mnt/d/merged_fruit_36_clean_v2/yolo_fruit_dataset/_tmp_frames/strawberry_fresh_03_hardcase_frame_000180.jpg,/mnt/d/merged_fruit_36_clean_v2/yolo_fruit_dataset/images/train/strawberry_fresh_03_hardcase_frame_000180.jpg,/mnt/d/merged_fruit_36_clean_v2/yolo_fruit_dataset/labels/train/strawberry_fresh_03_hardcase_frame_000180.txt
train,/mnt/d/merged_fruit_36_clean_v2/yolo_fruit_dataset/_tmp_frames/lemon_fresh_03_cut_open_hardcase_frame_000735.jpg,/mnt/d/merged_fruit_36_clean_v2/yolo_fruit_dataset/images/train/lemon_fresh_03_cut_open_hardcase_frame_000735.jpg,/mnt/d/merged_fruit_36_clean_v2/yolo_fruit_dataset/labels/train/lemon_fresh_03_cut_open_hardcase_frame_000735.txt
train,/mnt/d/merged_fruit_36_clean_v2/yolo_fruit_dataset/_tmp_frames/apple_fresh_02_real_context_frame_000345.jpg,/mnt/d/merged_fruit_36_clean_v2/yolo_fruit_dataset/images/train/apple_fresh_02_real_context_frame_000345.jpg,/mnt/d/merged_fruit_36_clean_v2/yolo_fruit_dataset/labels/train/apple_fresh_02_real_context_frame_000345.txt
train,/mnt/d/merged_fruit_36_clean_v2/yolo_fruit_dataset/_tmp_frames/strawberry_rotten_03_hardcase_rotten_frame_000000.jpg,/mnt/d/merged_fruit_36_clean_v2/yolo_fruit_dataset/images/train/strawberry_rotten_03_hardcase_rotten_frame_000000.jpg,/mnt/d/merged_fruit_36_clean_v2/yolo_fruit_dataset/labels/train/strawberry_rotten_03_hardcase_rotten_frame_000000.txt
train,/mnt/d/merged_fruit_36_clean_v2/yolo_fruit_dataset/_tmp_frames/apple_fresh_01_clear_closeup_frame_000135.jpg,/mnt/d/merged_fruit_36_clean_v2/yolo_fruit_dataset/images/train/apple_fresh_01_clear_closeup_frame_000135.jpg,/mnt/d/merged_fruit_36_clean_v2/yolo_fruit_dataset/labels/train/apple_fresh_01_clear_closeup_frame_000135.txt
train,/mnt/d/merged_fruit_36_clean_v2/yolo_fruit_dataset/_tmp_frames/pomegranate_fresh_01_clear_closeup_frame_000150.jpg,/mnt/d/merged_fruit_36_clean_v2/yolo_fruit_dataset/images/train/pomegranate_fresh_01_clear_closeup_frame_000150.jpg,/mnt/d/merged_fruit_36_clean_v2/yolo_fruit_dataset/labels/train/pomegranate_fresh_01_clear_closeup_frame_000150.txt
train,/mnt/d/merged_fruit_36_clean_v2/yolo_fruit_dataset/_tmp_frames/grape_fresh_01_clear_closeup_frame_000435.jpg,/mnt/d/merged_fruit_36_clean_v2/yolo_fruit_dataset/images/train/grape_fresh_01_clear_closeup_frame_000435.jpg,/mnt/d/merged_fruit_36_clean_v2/yolo_fruit_dataset/labels/train/grape_fresh_01_clear_closeup_frame_000435.txt
train,/mnt/d/merged_fruit_36_clean_v2/yolo_fruit_dataset/_tmp_frames/carrot_rotten_02_mold_soft_rotten_frame_000600.jpg,/mnt/d/merged_fruit_36_clean_v2/yolo_fruit_dataset/images/train/carrot_rotten_02_mold_soft_rotten_frame_000600.jpg,/mnt/d/merged_fruit_36_clean_v2/yolo_fruit_dataset/labels/train/carrot_rotten_02_mold_soft_rotten_frame_000600.txt
train,/mnt/d/merged_fruit_36_clean_v2/yolo_fruit_dataset/_tmp_frames/potato_rotten_02_sprout_green_rotten_frame_000345.jpg,/mnt/d/merged_fruit_36_clean_v2/yolo_fruit_dataset/images/train/potato_rotten_02_sprout_green_rotten_frame_000345.jpg,/mnt/d/merged_fruit_36_clean_v2/yolo_fruit_dataset/labels/train/potato_rotten_02_sprout_green_rotten_frame_000345.txt
train,/mnt/d/merged_fruit_36_clean_v2/yolo_fruit_dataset/_tmp_frames/cucumber_fresh_02_real_context_frame_000090.jpg,/mnt/d/merged_fruit_36_clean_v2/yolo_fruit_dataset/images/train/cucumber_fresh_02_real_context_frame_000090.jpg,/mnt/d/merged_fruit_36_clean_v2/yolo_fruit_dataset/labels/train/cucumber_fresh_02_real_context_frame_000090.txt
train,/mnt/d/merged_fruit_36_clean_v2/yolo_fruit_dataset/_tmp_frames/grape_fresh_01_clear_closeup_frame_001170.jpg,/mnt/d/merged_fruit_36_clean_v2/yolo_fruit_dataset/images/train/grape_fresh_01_clear_closeup_frame_001170.jpg,/mnt/d/merged_fruit_36_clean_v2/yolo_fruit_dataset/labels/train/grape_fresh_01_clear_closeup_frame_001170.txt
train,/mnt/d/merged_fruit_36_clean_v2/yolo_fruit_dataset/_tmp_frames/strawberry_rotten_03_hardcase_rotten_frame_000660.jpg,/mnt/d/merged_fruit_36_clean_v2/yolo_fruit_dataset/images/train/strawberry_rotten_03_hardcase_rotten_frame_000660.jpg,/mnt/d/merged_fruit_36_clean_v2/yolo_fruit_dataset/labels/train/strawberry_rotten_03_hardcase_rotten_frame_000660.txt
train,/mnt/d/merged_fruit_36_clean_v2/yolo_fruit_dataset/_tmp_frames/lemon_fresh_03_cut_open_hardcase_frame_000135.jpg,/mnt/d/merged_fruit_36_clean_v2/yolo_fruit_dataset/images/train/lemon_fresh_03_cut_open_hardcase_frame_000135.jpg,/mnt/d/merged_fruit_36_clean_v2/yolo_fruit_dataset/labels/train/lemon_fresh_03_cut_open_hardcase_frame_000135.txt
train,/mnt/d/merged_fruit_36_clean_v2/yolo_fruit_dataset/_tmp_frames/guava_fresh_01_clear_closeup_frame_000360.jpg,/mnt/d/merged_fruit_36_clean_v2/yolo_fruit_dataset/images/train/guava_fresh_01_clear_closeup_frame_000360.jpg,/mnt/d/merged_fruit_36_clean_v2/yolo_fruit_dataset/labels/train/guava_fresh_01_clear_closeup_frame_000360.txt
train,/mnt/d/merged_fruit_36_clean_v2/yolo_fruit_dataset/_tmp_frames/mango_fresh_01_clear_closeup_frame_000135.jpg,/mnt/d/merged_fruit_36_clean_v2/yolo_fruit_dataset/images/train/mango_fresh_01_clear_closeup_frame_000135.jpg,/mnt/d/merged_fruit_36_clean_v2/yolo_fruit_dataset/labels/train/mango_fresh_01_clear_closeup_frame_000135.txt
train,/mnt/d/merged_fruit_36_clean_v2/yolo_fruit_dataset/_tmp_frames/apple_fresh_02_real_context_frame_000810.jpg,/mnt/d/merged_fruit_36_clean_v2/yolo_fruit_dataset/images/train/apple_fresh_02_real_context_frame_000810.jpg,/mnt/d/merged_fruit_36_clean_v2/yolo_fruit_dataset/labels/train/apple_fresh_02_real_context_frame_000810.txt
train,/mnt/d/merged_fruit_36_clean_v2/yolo_fruit_dataset/_tmp_frames/grape_fresh_02_real_context_frame_000630.jpg,/mnt/d/merged_fruit_36_clean_v2/yolo_fruit_dataset/images/train/grape_fresh_02_real_context_frame_000630.jpg,/mnt/d/merged_fruit_36_clean_v2/yolo_fruit_dataset/labels/train/grape_fresh_02_real_context_frame_000630.txt
train,/mnt/d/merged_fruit_36_clean_v2/yolo_fruit_dataset/_tmp_frames/peach_rotten_02_mold_bruised_rotten_frame_000360.jpg,/mnt/d/merged_fruit_36_clean_v2/yolo_fruit_dataset/images/train/peach_rotten_02_mold_bruised_rotten_frame_000360.jpg,/mnt/d/merged_fruit_36_clean_v2/yolo_fruit_dataset/labels/train/peach_rotten_02_mold_bruised_rotten_frame_000360.txt
train,/mnt/d/merged_fruit_36_clean_v2/yolo_fruit_dataset/_tmp_frames/banana_rotten_02_black_bruised_rotten_frame_000240.jpg,/mnt/d/merged_fruit_36_clean_v2/yolo_fruit_dataset/images/train/banana_rotten_02_black_bruised_rotten_frame_000240.jpg,/mnt/d/merged_fruit_36_clean_v2/yolo_fruit_dataset/labels/train/banana_rotten_02_black_bruised_rotten_frame_000240.txt
train,/mnt/d/merged_fruit_36_clean_v2/yolo_fruit_dataset/_tmp_frames/carambola_rotten_02_mold_bruised_rotten_frame_000840.jpg,/mnt/d/merged_fruit_36_clean_v2/yolo_fruit_dataset/images/train/carambola_rotten_02_mold_bruised_rotten_frame_000840.jpg,/mnt/d/merged_fruit_36_clean_v2/yolo_fruit_dataset/labels/train/carambola_rotten_02_mold_bruised_rotten_frame_000840.txt
train,/mnt/d/merged_fruit_36_clean_v2/yolo_fruit_dataset/_tmp_frames/grape_rotten_01_mild_rotten_frame_000315.jpg,/mnt/d/merged_fruit_36_clean_v2/yolo_fruit_dataset/images/train/grape_rotten_01_mild_rotten_frame_000315.jpg,/mnt/d/merged_fruit_36_clean_v2/yolo_fruit_dataset/labels/train/grape_rotten_01_mild_rotten_frame_000315.txt
train,/mnt/d/merged_fruit_36_clean_v2/yolo_fruit_dataset/_tmp_frames/banana_fresh_02_real_context_frame_000075.jpg,/mnt/d/merged_fruit_36_clean_v2/yolo_fruit_dataset/images/train/banana_fresh_02_real_context_frame_000075.jpg,/mnt/d/merged_fruit_36_clean_v2/yolo_fruit_dataset/labels/train/banana_fresh_02_real_context_frame_000075.txt
train,/mnt/d/merged_fruit_36_clean_v2/yolo_fruit_dataset/_tmp_frames/mango_rotten_02_black_bruised_rotten_frame_000405.jpg,/mnt/d/merged_fruit_36_clean_v2/yolo_fruit_dataset/images/train/mango_rotten_02_black_bruised_rotten_frame_000405.jpg,/mnt/d/merged_fruit_36_clean_v2/yolo_fruit_dataset/labels/train/mango_rotten_02_black_bruised_rotten_frame_000405.txt
train,/mnt/d/merged_fruit_36_clean_v2/yolo_fruit_dataset/_tmp_frames/bellpepper_fresh_03_cut_open_hardcase_frame_000165.jpg,/mnt/d/merged_fruit_36_clean_v2/yolo_fruit_dataset/images/train/bellpepper_fresh_03_cut_open_hardcase_frame_000165.jpg,/mnt/d/merged_fruit_36_clean_v2/yolo_fruit_dataset/labels/train/bellpepper_fresh_03_cut_open_hardcase_frame_000165.txt
train,/mnt/d/merged_fruit_36_clean_v2/yolo_fruit_dataset/_tmp_frames/carambola_rotten_02_mold_bruised_rotten_frame_000435.jpg,/mnt/d/merged_fruit_36_clean_v2/yolo_fruit_dataset/images/train/carambola_rotten_02_mold_bruised_rotten_frame_000435.jpg,/mnt/d/merged_fruit_36_clean_v2/yolo_fruit_dataset/labels/train/carambola_rotten_02_mold_bruised_rotten_frame_000435.txt
train,/mnt/d/merged_fruit_36_clean_v2/yolo_fruit_dataset/_tmp_frames/avocado_fresh_02_real_context_frame_000315.jpg,/mnt/d/merged_fruit_36_clean_v2/yolo_fruit_dataset/images/train/avocado_fresh_02_real_context_frame_000315.jpg,/mnt/d/merged_fruit_36_clean_v2/yolo_fruit_dataset/labels/train/avocado_fresh_02_real_context_frame_000315.txt
train,/mnt/d/merged_fruit_36_clean_v2/yolo_fruit_dataset/_tmp_frames/orange_rotten_01_mild_rotten_frame_000240.jpg,/mnt/d/merged_fruit_36_clean_v2/yolo_fruit_dataset/images/train/orange_rotten_01_mild_rotten_frame_000240.jpg,/mnt/d/merged_fruit_36_clean_v2/yolo_fruit_dataset/labels/train/orange_rotten_01_mild_rotten_frame_000240.txt
train,/mnt/d/merged_fruit_36_clean_v2/yolo_fruit_dataset/_tmp_frames/orange_rotten_01_mild_rotten_frame_000300.jpg,/mnt/d/merged_fruit_36_clean_v2/yolo_fruit_dataset/images/train/orange_rotten_01_mild_rotten_frame_000300.jpg,/mnt/d/merged_fruit_36_clean_v2/yolo_fruit_dataset/labels/train/orange_rotten_01_mild_rotten_frame_000300.txt
train,/mnt/d/merged_fruit_36_clean_v2/yolo_fruit_dataset/_tmp_frames/lemon_rotten_03_hardcase_rotten_frame_000060.jpg,/mnt/d/merged_fruit_36_clean_v2/yolo_fruit_dataset/images/train/lemon_rotten_03_hardcase_rotten_frame_000060.jpg,/mnt/d/merged_fruit_36_clean_v2/yolo_fruit_dataset/labels/train/lemon_rotten_03_hardcase_rotten_frame_000060.txt
train,/mnt/d/merged_fruit_36_clean_v2/yolo_fruit_dataset/_tmp_frames/orange_rotten_02_mold_soft_rotten_frame_000630.jpg,/mnt/d/merged_fruit_36_clean_v2/yolo_fruit_dataset/images/train/orange_rotten_02_mold_soft_rotten_frame_000630.jpg,/mnt/d/merged_fruit_36_clean_v2/yolo_fruit_dataset/labels/train/orange_rotten_02_mold_soft_rotten_frame_000630.txt
train,/mnt/d/merged_fruit_36_clean_v2/yolo_fruit_dataset/_tmp_frames/banana_fresh_03_hardcase_frame_000675.jpg,/mnt/d/merged_fruit_36_clean_v2/yolo_fruit_dataset/images/train/banana_fresh_03_hardcase_frame_000675.jpg,/mnt/d/merged_fruit_36_clean_v2/yolo_fruit_dataset/labels/train/banana_fresh_03_hardcase_frame_000675.txt
train,/mnt/d/merged_fruit_36_clean_v2/yolo_fruit_dataset/_tmp_frames/banana_rotten_02_black_bruised_rotten_frame_000420.jpg,/mnt/d/merged_fruit_36_clean_v2/yolo_fruit_dataset/images/train/banana_rotten_02_black_bruised_rotten_frame_000420.jpg,/mnt/d/merged_fruit_36_clean_v2/yolo_fruit_dataset/labels/train/banana_rotten_02_black_bruised_rotten_frame_000420.txt
train,/mnt/d/merged_fruit_36_clean_v2/yolo_fruit_dataset/_tmp_frames/mango_fresh_01_clear_closeup_frame_000285.jpg,/mnt/d/merged_fruit_36_clean_v2/yolo_fruit_dataset/images/train/mango_fresh_01_clear_closeup_frame_000285.jpg,/mnt/d/merged_fruit_36_clean_v2/yolo_fruit_dataset/labels/train/mango_fresh_01_clear_closeup_frame_000285.txt
train,/mnt/d/merged_fruit_36_clean_v2/yolo_fruit_dataset/_tmp_frames/mango_rotten_03_hardcase_rotten_frame_000060.jpg,/mnt/d/merged_fruit_36_clean_v2/yolo_fruit_dataset/images/train/mango_rotten_03_hardcase_rotten_frame_000060.jpg,/mnt/d/merged_fruit_36_clean_v2/yolo_fruit_dataset/labels/train/mango_rotten_03_hardcase_rotten_frame_000060.txt
train,/mnt/d/merged_fruit_36_clean_v2/yolo_fruit_dataset/_tmp_frames/grape_fresh_02_real_context_frame_001230.jpg,/mnt/d/merged_fruit_36_clean_v2/yolo_fruit_dataset/images/train/grape_fresh_02_real_context_frame_001230.jpg,/mnt/d/merged_fruit_36_clean_v2/yolo_fruit_dataset/labels/train/grape_fresh_02_real_context_frame_001230.txt
train,/mnt/d/merged_fruit_36_clean_v2/yolo_fruit_dataset/_tmp_frames/lemon_fresh_03_cut_open_hardcase_frame_000270.jpg,/mnt/d/merged_fruit_36_clean_v2/yolo_fruit_dataset/images/train/lemon_fresh_03_cut_open_hardcase_frame_000270.jpg,/mnt/d/merged_fruit_36_clean_v2/yolo_fruit_dataset/labels/train/lemon_fresh_03_cut_open_hardcase_frame_000270.txt
train,/mnt/d/merged_fruit_36_clean_v2/yolo_fruit_dataset/_tmp_frames/guava_fresh_02_real_context_frame_000030.jpg,/mnt/d/merged_fruit_36_clean_v2/yolo_fruit_dataset/images/train/guava_fresh_02_real_context_frame_000030.jpg,/mnt/d/merged_fruit_36_clean_v2/yolo_fruit_dataset/labels/train/guava_fresh_02_real_context_frame_000030.txt
train,/mnt/d/merged_fruit_36_clean_v2/yolo_fruit_dataset/_tmp_frames/bellpepper_fresh_01_clear_closeup_frame_000000.jpg,/mnt/d/merged_fruit_36_clean_v2/yolo_fruit_dataset/images/train/bellpepper_fresh_01_clear_closeup_frame_000000.jpg,/mnt/d/merged_fruit_36_clean_v2/yolo_fruit_dataset/labels/train/bellpepper_fresh_01_clear_closeup_frame_000000.txt
train,/mnt/d/merged_fruit_36_clean_v2/yolo_fruit_dataset/_tmp_frames/grape_fresh_02_real_context_frame_000390.jpg,/mnt/d/merged_fruit_36_clean_v2/yolo_fruit_dataset/images/train/grape_fresh_02_real_context_frame_000390.jpg,/mnt/d/merged_fruit_36_clean_v2/yolo_fruit_dataset/labels/train/grape_fresh_02_real_context_frame_000390.txt
train,/mnt/d/merged_fruit_36_clean_v2/yolo_fruit_dataset/_tmp_frames/banana_fresh_02_real_context_frame_000015.jpg,/mnt/d/merged_fruit_36_clean_v2/yolo_fruit_dataset/images/train/banana_fresh_02_real_context_frame_000015.jpg,/mnt/d/merged_fruit_36_clean_v2/yolo_fruit_dataset/labels/train/banana_fresh_02_real_context_frame_000015.txt
train,/mnt/d/merged_fruit_36_clean_v2/yolo_fruit_dataset/_tmp_frames/orange_rotten_02_mold_soft_rotten_frame_000555.jpg,/mnt/d/merged_fruit_36_clean_v2/yolo_fruit_dataset/images/train/orange_rotten_02_mold_soft_rotten_frame_000555.jpg,/mnt/d/merged_fruit_36_clean_v2/yolo_fruit_dataset/labels/train/orange_rotten_02_mold_soft_rotten_frame_000555.txt
train,/mnt/d/merged_fruit_36_clean_v2/yolo_fruit_dataset/_tmp_frames/orange_rotten_03_hardcase_rotten_frame_000330.jpg,/mnt/d/merged_fruit_36_clean_v2/yolo_fruit_dataset/images/train/orange_rotten_03_hardcase_rotten_frame_000330.jpg,/mnt/d/merged_fruit_36_clean_v2/yolo_fruit_dataset/labels/train/orange_rotten_03_hardcase_rotten_frame_000330.txt
train,/mnt/d/merged_fruit_36_clean_v2/yolo_fruit_dataset/_tmp_frames/grape_rotten_02_mold_bruised_rotten_frame_000045.jpg,/mnt/d/merged_fruit_36_clean_v2/yolo_fruit_dataset/images/train/grape_rotten_02_mold_bruised_rotten_frame_000045.jpg,/mnt/d/merged_fruit_36_clean_v2/yolo_fruit_dataset/labels/train/grape_rotten_02_mold_bruised_rotten_frame_000045.txt
train,/mnt/d/merged_fruit_36_clean_v2/yolo_fruit_dataset/_tmp_frames/mango_fresh_01_clear_closeup_frame_000195.jpg,/mnt/d/merged_fruit_36_clean_v2/yolo_fruit_dataset/images/train/mango_fresh_01_clear_closeup_frame_000195.jpg,/mnt/d/merged_fruit_36_clean_v2/yolo_fruit_dataset/labels/train/mango_fresh_01_clear_closeup_frame_000195.txt
train,/mnt/d/merged_fruit_36_clean_v2/yolo_fruit_dataset/_tmp_frames/guava_fresh_03_on_tree_hardcase_frame_000150.jpg,/mnt/d/merged_fruit_36_clean_v2/yolo_fruit_dataset/images/train/guava_fresh_03_on_tree_hardcase_frame_000150.jpg,/mnt/d/merged_fruit_36_clean_v2/yolo_fruit_dataset/labels/train/guava_fresh_03_on_tree_hardcase_frame_000150.txt
train,/mnt/d/merged_fruit_36_clean_v2/yolo_fruit_dataset/_tmp_frames/potato_rotten_02_sprout_green_rotten_frame_000690.jpg,/mnt/d/merged_fruit_36_clean_v2/yolo_fruit_dataset/images/train/potato_rotten_02_sprout_green_rotten_frame_000690.jpg,/mnt/d/merged_fruit_36_clean_v2/yolo_fruit_dataset/labels/train/potato_rotten_02_sprout_green_rotten_frame_000690.txt
train,/mnt/d/merged_fruit_36_clean_v2/yolo_fruit_dataset/_tmp_frames/guava_fresh_02_real_context_frame_000285.jpg,/mnt/d/merged_fruit_36_clean_v2/yolo_fruit_dataset/images/train/guava_fresh_02_real_context_frame_000285.jpg,/mnt/d/merged_fruit_36_clean_v2/yolo_fruit_dataset/labels/train/guava_fresh_02_real_context_frame_000285.txt
train,/mnt/d/merged_fruit_36_clean_v2/yolo_fruit_dataset/_tmp_frames/jujube_fresh_02_real_context_frame_000015.jpg,/mnt/d/merged_fruit_36_clean_v2/yolo_fruit_dataset/images/train/jujube_fresh_02_real_context_frame_000015.jpg,/mnt/d/merged_fruit_36_clean_v2/yolo_fruit_dataset/labels/train/jujube_fresh_02_real_context_frame_000015.txt
train,/mnt/d/merged_fruit_36_clean_v2/yolo_fruit_dataset/_tmp_frames/lemon_fresh_03_cut_open_hardcase_frame_000210.jpg,/mnt/d/merged_fruit_36_clean_v2/yolo_fruit_dataset/images/train/lemon_fresh_03_cut_open_hardcase_frame_000210.jpg,/mnt/d/merged_fruit_36_clean_v2/yolo_fruit_dataset/labels/train/lemon_fresh_03_cut_open_hardcase_frame_000210.txt
train,/mnt/d/merged_fruit_36_clean_v2/yolo_fruit_dataset/_tmp_frames/banana_fresh_03_hardcase_frame_001065.jpg,/mnt/d/merged_fruit_36_clean_v2/yolo_fruit_dataset/images/train/banana_fresh_03_hardcase_frame_001065.jpg,/mnt/d/merged_fruit_36_clean_v2/yolo_fruit_dataset/labels/train/banana_fresh_03_hardcase_frame_001065.txt
train,/mnt/d/merged_fruit_36_clean_v2/yolo_fruit_dataset/_tmp_frames/avocado_fresh_02_real_context_frame_000120.jpg,/mnt/d/merged_fruit_36_clean_v2/yolo_fruit_dataset/images/train/avocado_fresh_02_real_context_frame_000120.jpg,/mnt/d/merged_fruit_36_clean_v2/yolo_fruit_dataset/labels/train/avocado_fresh_02_real_context_frame_000120.txt
train,/mnt/d/merged_fruit_36_clean_v2/yolo_fruit_dataset/_tmp_frames/carambola_fresh_01_clear_closeup_frame_000195.jpg,/mnt/d/merged_fruit_36_clean_v2/yolo_fruit_dataset/images/train/carambola_fresh_01_clear_closeup_frame_000195.jpg,/mnt/d/merged_fruit_36_clean_v2/yolo_fruit_dataset/labels/train/carambola_fresh_01_clear_closeup_frame_000195.txt
train,/mnt/d/merged_fruit_36_clean_v2/yolo_fruit_dataset/_tmp_frames/bellpepper_rotten_03_hardcase_rotten_frame_000300.jpg,/mnt/d/merged_fruit_36_clean_v2/yolo_fruit_dataset/images/train/bellpepper_rotten_03_hardcase_rotten_frame_000300.jpg,/mnt/d/merged_fruit_36_clean_v2/yolo_fruit_dataset/labels/train/bellpepper_rotten_03_hardcase_rotten_frame_000300.txt
train,/mnt/d/merged_fruit_36_clean_v2/yolo_fruit_dataset/_tmp_frames/banana_fresh_01_clear_closeup_frame_000210.jpg,/mnt/d/merged_fruit_36_clean_v2/yolo_fruit_dataset/images/train/banana_fresh_01_clear_closeup_frame_000210.jpg,/mnt/d/merged_fruit_36_clean_v2/yolo_fruit_dataset/labels/train/banana_fresh_01_clear_closeup_frame_000210.txt
train,/mnt/d/merged_fruit_36_clean_v2/yolo_fruit_dataset/_tmp_frames/orange_rotten_02_mold_soft_rotten_frame_000585.jpg,/mnt/d/merged_fruit_36_clean_v2/yolo_fruit_dataset/images/train/orange_rotten_02_mold_soft_rotten_frame_000585.jpg,/mnt/d/merged_fruit_36_clean_v2/yolo_fruit_dataset/labels/train/orange_rotten_02_mold_soft_rotten_frame_000585.txt
train,/mnt/d/merged_fruit_36_clean_v2/yolo_fruit_dataset/_tmp_frames/grape_fresh_03_on_tree_hardcase_frame_000030.jpg,/mnt/d/merged_fruit_36_clean_v2/yolo_fruit_dataset/images/train/grape_fresh_03_on_tree_hardcase_frame_000030.jpg,/mnt/d/merged_fruit_36_clean_v2/yolo_fruit_dataset/labels/train/grape_fresh_03_on_tree_hardcase_frame_000030.txt
train,/mnt/d/merged_fruit_36_clean_v2/yolo_fruit_dataset/_tmp_frames/orange_rotten_01_mild_rotten_frame_000150.jpg,/mnt/d/merged_fruit_36_clean_v2/yolo_fruit_dataset/images/train/orange_rotten_01_mild_rotten_frame_000150.jpg,/mnt/d/merged_fruit_36_clean_v2/yolo_fruit_dataset/labels/train/orange_rotten_01_mild_rotten_frame_000150.txt
train,/mnt/d/merged_fruit_36_clean_v2/yolo_fruit_dataset/_tmp_frames/carambola_fresh_01_clear_closeup_frame_000225.jpg,/mnt/d/merged_fruit_36_clean_v2/yolo_fruit_dataset/images/train/carambola_fresh_01_clear_closeup_frame_000225.jpg,/mnt/d/merged_fruit_36_clean_v2/yolo_fruit_dataset/labels/train/carambola_fresh_01_clear_closeup_frame_000225.txt
train,/mnt/d/merged_fruit_36_clean_v2/yolo_fruit_dataset/_tmp_frames/apple_rotten_02_mold_bruised_rotten_frame_000150.jpg,/mnt/d/merged_fruit_36_clean_v2/yolo_fruit_dataset/images/train/apple_rotten_02_mold_bruised_rotten_frame_000150.jpg,/mnt/d/merged_fruit_36_clean_v2/yolo_fruit_dataset/labels/train/apple_rotten_02_mold_bruised_rotten_frame_000150.txt
train,/mnt/d/merged_fruit_36_clean_v2/yolo_fruit_dataset/_tmp_frames/carrot_fresh_02_real_context_frame_000090.jpg,/mnt/d/merged_fruit_36_clean_v2/yolo_fruit_dataset/images/train/carrot_fresh_02_real_context_frame_000090.jpg,/mnt/d/merged_fruit_36_clean_v2/yolo_fruit_dataset/labels/train/carrot_fresh_02_real_context_frame_000090.txt
train,/mnt/d/merged_fruit_36_clean_v2/yolo_fruit_dataset/_tmp_frames/bellpepper_rotten_03_hardcase_rotten_frame_000555.jpg,/mnt/d/merged_fruit_36_clean_v2/yolo_fruit_dataset/images/train/bellpepper_rotten_03_hardcase_rotten_frame_000555.jpg,/mnt/d/merged_fruit_36_clean_v2/yolo_fruit_dataset/labels/train/bellpepper_rotten_03_hardcase_rotten_frame_000555.txt
train,/mnt/d/merged_fruit_36_clean_v2/yolo_fruit_dataset/_tmp_frames/grape_rotten_01_mild_rotten_frame_000330.jpg,/mnt/d/merged_fruit_36_clean_v2/yolo_fruit_dataset/images/train/grape_rotten_01_mild_rotten_frame_000330.jpg,/mnt/d/merged_fruit_36_clean_v2/yolo_fruit_dataset/labels/train/grape_rotten_01_mild_rotten_frame_000330.txt
train,/mnt/d/merged_fruit_36_clean_v2/yolo_fruit_dataset/_tmp_frames/lemon_fresh_03_cut_open_hardcase_frame_000015.jpg,/mnt/d/merged_fruit_36_clean_v2/yolo_fruit_dataset/images/train/lemon_fresh_03_cut_open_hardcase_frame_000015.jpg,/mnt/d/merged_fruit_36_clean_v2/yolo_fruit_dataset/labels/train/lemon_fresh_03_cut_open_hardcase_frame_000015.txt
train,/mnt/d/merged_fruit_36_clean_v2/yolo_fruit_dataset/_tmp_frames/apple_rotten_01_mild_rotten_frame_000690.jpg,/mnt/d/merged_fruit_36_clean_v2/yolo_fruit_dataset/images/train/apple_rotten_01_mild_rotten_frame_000690.jpg,/mnt/d/merged_fruit_36_clean_v2/yolo_fruit_dataset/labels/train/apple_rotten_01_mild_rotten_frame_000690.txt
train,/mnt/d/merged_fruit_36_clean_v2/yolo_fruit_dataset/_tmp_frames/carambola_rotten_01_mild_rotten_frame_000120.jpg,/mnt/d/merged_fruit_36_clean_v2/yolo_fruit_dataset/images/train/carambola_rotten_01_mild_rotten_frame_000120.jpg,/mnt/d/merged_fruit_36_clean_v2/yolo_fruit_dataset/labels/train/carambola_rotten_01_mild_rotten_frame_000120.txt
train,/mnt/d/merged_fruit_36_clean_v2/yolo_fruit_dataset/_tmp_frames/guava_fresh_02_real_context_frame_000060.jpg,/mnt/d/merged_fruit_36_clean_v2/yolo_fruit_dataset/images/train/guava_fresh_02_real_context_frame_000060.jpg,/mnt/d/merged_fruit_36_clean_v2/yolo_fruit_dataset/labels/train/guava_fresh_02_real_context_frame_000060.txt
train,/mnt/d/merged_fruit_36_clean_v2/yolo_fruit_dataset/_tmp_frames/potato_fresh_01_clear_closeup_frame_000435.jpg,/mnt/d/merged_fruit_36_clean_v2/yolo_fruit_dataset/images/train/potato_fresh_01_clear_closeup_frame_000435.jpg,/mnt/d/merged_fruit_36_clean_v2/yolo_fruit_dataset/labels/train/potato_fresh_01_clear_closeup_frame_000435.txt
train,/mnt/d/merged_fruit_36_clean_v2/yolo_fruit_dataset/_tmp_frames/carrot_rotten_02_mold_soft_rotten_frame_000735.jpg,/mnt/d/merged_fruit_36_clean_v2/yolo_fruit_dataset/images/train/carrot_rotten_02_mold_soft_rotten_frame_000735.jpg,/mnt/d/merged_fruit_36_clean_v2/yolo_fruit_dataset/labels/train/carrot_rotten_02_mold_soft_rotten_frame_000735.txt
train,/mnt/d/merged_fruit_36_clean_v2/yolo_fruit_dataset/_tmp_frames/avocado_rotten_03_hardcase_rotten_frame_000120.jpg,/mnt/d/merged_fruit_36_clean_v2/yolo_fruit_dataset/images/train/avocado_rotten_03_hardcase_rotten_frame_000120.jpg,/mnt/d/merged_fruit_36_clean_v2/yolo_fruit_dataset/labels/train/avocado_rotten_03_hardcase_rotten_frame_000120.txt
train,/mnt/d/merged_fruit_36_clean_v2/yolo_fruit_dataset/_tmp_frames/mango_rotten_02_black_bruised_rotten_frame_000015.jpg,/mnt/d/merged_fruit_36_clean_v2/yolo_fruit_dataset/images/train/mango_rotten_02_black_bruised_rotten_frame_000015.jpg,/mnt/d/merged_fruit_36_clean_v2/yolo_fruit_dataset/labels/train/mango_rotten_02_black_bruised_rotten_frame_000015.txt
train,/mnt/d/merged_fruit_36_clean_v2/yolo_fruit_dataset/_tmp_frames/strawberry_rotten_03_hardcase_rotten_frame_000195.jpg,/mnt/d/merged_fruit_36_clean_v2/yolo_fruit_dataset/images/train/strawberry_rotten_03_hardcase_rotten_frame_000195.jpg,/mnt/d/merged_fruit_36_clean_v2/yolo_fruit_dataset/labels/train/strawberry_rotten_03_hardcase_rotten_frame_000195.txt
train,/mnt/d/merged_fruit_36_clean_v2/yolo_fruit_dataset/_tmp_frames/carambola_rotten_01_mild_rotten_frame_000000.jpg,/mnt/d/merged_fruit_36_clean_v2/yolo_fruit_dataset/images/train/carambola_rotten_01_mild_rotten_frame_000000.jpg,/mnt/d/merged_fruit_36_clean_v2/yolo_fruit_dataset/labels/train/carambola_rotten_01_mild_rotten_frame_000000.txt
train,/mnt/d/merged_fruit_36_clean_v2/yolo_fruit_dataset/_tmp_frames/carambola_rotten_01_mild_rotten_frame_000030.jpg,/mnt/d/merged_fruit_36_clean_v2/yolo_fruit_dataset/images/train/carambola_rotten_01_mild_rotten_frame_000030.jpg,/mnt/d/merged_fruit_36_clean_v2/yolo_fruit_dataset/labels/train/carambola_rotten_01_mild_rotten_frame_000030.txt
train,/mnt/d/merged_fruit_36_clean_v2/yolo_fruit_dataset/_tmp_frames/banana_rotten_02_black_bruised_rotten_frame_000600.jpg,/mnt/d/merged_fruit_36_clean_v2/yolo_fruit_dataset/images/train/banana_rotten_02_black_bruised_rotten_frame_000600.jpg,/mnt/d/merged_fruit_36_clean_v2/yolo_fruit_dataset/labels/train/banana_rotten_02_black_bruised_rotten_frame_000600.txt
train,/mnt/d/merged_fruit_36_clean_v2/yolo_fruit_dataset/_tmp_frames/tomato_fresh_01_clear_closeup_frame_000555.jpg,/mnt/d/merged_fruit_36_clean_v2/yolo_fruit_dataset/images/train/tomato_fresh_01_clear_closeup_frame_000555.jpg,/mnt/d/merged_fruit_36_clean_v2/yolo_fruit_dataset/labels/train/tomato_fresh_01_clear_closeup_frame_000555.txt
train,/mnt/d/merged_fruit_36_clean_v2/yolo_fruit_dataset/_tmp_frames/orange_fresh_01_clear_closeup_frame_000225.jpg,/mnt/d/merged_fruit_36_clean_v2/yolo_fruit_dataset/images/train/orange_fresh_01_clear_closeup_frame_000225.jpg,/mnt/d/merged_fruit_36_clean_v2/yolo_fruit_dataset/labels/train/orange_fresh_01_clear_closeup_frame_000225.txt
train,/mnt/d/merged_fruit_36_clean_v2/yolo_fruit_dataset/_tmp_frames/grape_fresh_01_clear_closeup_frame_001095.jpg,/mnt/d/merged_fruit_36_clean_v2/yolo_fruit_dataset/images/train/grape_fresh_01_clear_closeup_frame_001095.jpg,/mnt/d/merged_fruit_36_clean_v2/yolo_fruit_dataset/labels/train/grape_fresh_01_clear_closeup_frame_001095.txt
train,/mnt/d/merged_fruit_36_clean_v2/yolo_fruit_dataset/_tmp_frames/carrot_rotten_02_mold_soft_rotten_frame_000090.jpg,/mnt/d/merged_fruit_36_clean_v2/yolo_fruit_dataset/images/train/carrot_rotten_02_mold_soft_rotten_frame_000090.jpg,/mnt/d/merged_fruit_36_clean_v2/yolo_fruit_dataset/labels/train/carrot_rotten_02_mold_soft_rotten_frame_000090.txt
train,/mnt/d/merged_fruit_36_clean_v2/yolo_fruit_dataset/_tmp_frames/potato_fresh_01_clear_closeup_frame_000345.jpg,/mnt/d/merged_fruit_36_clean_v2/yolo_fruit_dataset/images/train/potato_fresh_01_clear_closeup_frame_000345.jpg,/mnt/d/merged_fruit_36_clean_v2/yolo_fruit_dataset/labels/train/potato_fresh_01_clear_closeup_frame_000345.txt
train,/mnt/d/merged_fruit_36_clean_v2/yolo_fruit_dataset/_tmp_frames/jujube_fresh_02_real_context_frame_000165.jpg,/mnt/d/merged_fruit_36_clean_v2/yolo_fruit_dataset/images/train/jujube_fresh_02_real_context_frame_000165.jpg,/mnt/d/merged_fruit_36_clean_v2/yolo_fruit_dataset/labels/train/jujube_fresh_02_real_context_frame_000165.txt
train,/mnt/d/merged_fruit_36_clean_v2/yolo_fruit_dataset/_tmp_frames/avocado_fresh_01_clear_closeup_frame_000465.jpg,/mnt/d/merged_fruit_36_clean_v2/yolo_fruit_dataset/images/train/avocado_fresh_01_clear_closeup_frame_000465.jpg,/mnt/d/merged_fruit_36_clean_v2/yolo_fruit_dataset/labels/train/avocado_fresh_01_clear_closeup_frame_000465.txt
train,/mnt/d/merged_fruit_36_clean_v2/yolo_fruit_dataset/_tmp_frames/apple_rotten_03_hardcase_rotten_frame_000315.jpg,/mnt/d/merged_fruit_36_clean_v2/yolo_fruit_dataset/images/train/apple_rotten_03_hardcase_rotten_frame_000315.jpg,/mnt/d/merged_fruit_36_clean_v2/yolo_fruit_dataset/labels/train/apple_rotten_03_hardcase_rotten_frame_000315.txt
train,/mnt/d/merged_fruit_36_clean_v2/yolo_fruit_dataset/_tmp_frames/tomato_fresh_01_clear_closeup_frame_000135.jpg,/mnt/d/merged_fruit_36_clean_v2/yolo_fruit_dataset/images/train/tomato_fresh_01_clear_closeup_frame_000135.jpg,/mnt/d/merged_fruit_36_clean_v2/yolo_fruit_dataset/labels/train/tomato_fresh_01_clear_closeup_frame_000135.txt
train,/mnt/d/merged_fruit_36_clean_v2/yolo_fruit_dataset/_tmp_frames/tomato_fresh_02_real_context_frame_000150.jpg,/mnt/d/merged_fruit_36_clean_v2/yolo_fruit_dataset/images/train/tomato_fresh_02_real_context_frame_000150.jpg,/mnt/d/merged_fruit_36_clean_v2/yolo_fruit_dataset/labels/train/tomato_fresh_02_real_context_frame_000150.txt
train,/mnt/d/merged_fruit_36_clean_v2/yolo_fruit_dataset/_tmp_frames/avocado_rotten_03_hardcase_rotten_frame_000195.jpg,/mnt/d/merged_fruit_36_clean_v2/yolo_fruit_dataset/images/train/avocado_rotten_03_hardcase_rotten_frame_000195.jpg,/mnt/d/merged_fruit_36_clean_v2/yolo_fruit_dataset/labels/train/avocado_rotten_03_hardcase_rotten_frame_000195.txt
train,/mnt/d/merged_fruit_36_clean_v2/yolo_fruit_dataset/_tmp_frames/avocado_fresh_01_clear_closeup_frame_000285.jpg,/mnt/d/merged_fruit_36_clean_v2/yolo_fruit_dataset/images/train/avocado_fresh_01_clear_closeup_frame_000285.jpg,/mnt/d/merged_fruit_36_clean_v2/yolo_fruit_dataset/labels/train/avocado_fresh_01_clear_closeup_frame_000285.txt
train,/mnt/d/merged_fruit_36_clean_v2/yolo_fruit_dataset/_tmp_frames/guava_fresh_03_on_tree_hardcase_frame_000210.jpg,/mnt/d/merged_fruit_36_clean_v2/yolo_fruit_dataset/images/train/guava_fresh_03_on_tree_hardcase_frame_000210.jpg,/mnt/d/merged_fruit_36_clean_v2/yolo_fruit_dataset/labels/train/guava_fresh_03_on_tree_hardcase_frame_000210.txt
train,/mnt/d/merged_fruit_36_clean_v2/yolo_fruit_dataset/_tmp_frames/grape_fresh_02_real_context_frame_000240.jpg,/mnt/d/merged_fruit_36_clean_v2/yolo_fruit_dataset/images/train/grape_fresh_02_real_context_frame_000240.jpg,/mnt/d/merged_fruit_36_clean_v2/yolo_fruit_dataset/labels/train/grape_fresh_02_real_context_frame_000240.txt
train,/mnt/d/merged_fruit_36_clean_v2/yolo_fruit_dataset/_tmp_frames/potato_rotten_01_mild_rotten_frame_000225.jpg,/mnt/d/merged_fruit_36_clean_v2/yolo_fruit_dataset/images/train/potato_rotten_01_mild_rotten_frame_000225.jpg,/mnt/d/merged_fruit_36_clean_v2/yolo_fruit_dataset/labels/train/potato_rotten_01_mild_rotten_frame_000225.txt
train,/mnt/d/merged_fruit_36_clean_v2/yolo_fruit_dataset/_tmp_frames/apple_fresh_01_clear_closeup_frame_000000.jpg,/mnt/d/merged_fruit_36_clean_v2/yolo_fruit_dataset/images/train/apple_fresh_01_clear_closeup_frame_000000.jpg,/mnt/d/merged_fruit_36_clean_v2/yolo_fruit_dataset/labels/train/apple_fresh_01_clear_closeup_frame_000000.txt
train,/mnt/d/merged_fruit_36_clean_v2/yolo_fruit_dataset/_tmp_frames/grape_rotten_01_mild_rotten_frame_000465.jpg,/mnt/d/merged_fruit_36_clean_v2/yolo_fruit_dataset/images/train/grape_rotten_01_mild_rotten_frame_000465.jpg,/mnt/d/merged_fruit_36_clean_v2/yolo_fruit_dataset/labels/train/grape_rotten_01_mild_rotten_frame_000465.txt
train,/mnt/d/merged_fruit_36_clean_v2/yolo_fruit_dataset/_tmp_frames/grape_fresh_03_on_tree_hardcase_frame_000465.jpg,/mnt/d/merged_fruit_36_clean_v2/yolo_fruit_dataset/images/train/grape_fresh_03_on_tree_hardcase_frame_000465.jpg,/mnt/d/merged_fruit_36_clean_v2/yolo_fruit_dataset/labels/train/grape_fresh_03_on_tree_hardcase_frame_000465.txt
train,/mnt/d/merged_fruit_36_clean_v2/yolo_fruit_dataset/_tmp_frames/peach_fresh_01_clear_closeup_frame_000135.jpg,/mnt/d/merged_fruit_36_clean_v2/yolo_fruit_dataset/images/train/peach_fresh_01_clear_closeup_frame_000135.jpg,/mnt/d/merged_fruit_36_clean_v2/yolo_fruit_dataset/labels/train/peach_fresh_01_clear_closeup_frame_000135.txt
train,/mnt/d/merged_fruit_36_clean_v2/yolo_fruit_dataset/_tmp_frames/pomegranate_rotten_01_mild_rotten_frame_000180.jpg,/mnt/d/merged_fruit_36_clean_v2/yolo_fruit_dataset/images/train/pomegranate_rotten_01_mild_rotten_frame_000180.jpg,/mnt/d/merged_fruit_36_clean_v2/yolo_fruit_dataset/labels/train/pomegranate_rotten_01_mild_rotten_frame_000180.txt
train,/mnt/d/merged_fruit_36_clean_v2/yolo_fruit_dataset/_tmp_frames/carambola_rotten_02_mold_bruised_rotten_frame_000735.jpg,/mnt/d/merged_fruit_36_clean_v2/yolo_fruit_dataset/images/train/carambola_rotten_02_mold_bruised_rotten_frame_000735.jpg,/mnt/d/merged_fruit_36_clean_v2/yolo_fruit_dataset/labels/train/carambola_rotten_02_mold_bruised_rotten_frame_000735.txt
train,/mnt/d/merged_fruit_36_clean_v2/yolo_fruit_dataset/_tmp_frames/apple_fresh_02_real_context_frame_000960.jpg,/mnt/d/merged_fruit_36_clean_v2/yolo_fruit_dataset/images/train/apple_fresh_02_real_context_frame_000960.jpg,/mnt/d/merged_fruit_36_clean_v2/yolo_fruit_dataset/labels/train/apple_fresh_02_real_context_frame_000960.txt
train,/mnt/d/merged_fruit_36_clean_v2/yolo_fruit_dataset/_tmp_frames/banana_rotten_02_black_bruised_rotten_frame_000405.jpg,/mnt/d/merged_fruit_36_clean_v2/yolo_fruit_dataset/images/train/banana_rotten_02_black_bruised_rotten_frame_000405.jpg,/mnt/d/merged_fruit_36_clean_v2/yolo_fruit_dataset/labels/train/banana_rotten_02_black_bruised_rotten_frame_000405.txt
train,/mnt/d/merged_fruit_36_clean_v2/yolo_fruit_dataset/_tmp_frames/bellpepper_rotten_03_hardcase_rotten_frame_000435.jpg,/mnt/d/merged_fruit_36_clean_v2/yolo_fruit_dataset/images/train/bellpepper_rotten_03_hardcase_rotten_frame_000435.jpg,/mnt/d/merged_fruit_36_clean_v2/yolo_fruit_dataset/labels/train/bellpepper_rotten_03_hardcase_rotten_frame_000435.txt
train,/mnt/d/merged_fruit_36_clean_v2/yolo_fruit_dataset/_tmp_frames/carambola_rotten_02_mold_bruised_rotten_frame_001050.jpg,/mnt/d/merged_fruit_36_clean_v2/yolo_fruit_dataset/images/train/carambola_rotten_02_mold_bruised_rotten_frame_001050.jpg,/mnt/d/merged_fruit_36_clean_v2/yolo_fruit_dataset/labels/train/carambola_rotten_02_mold_bruised_rotten_frame_001050.txt
train,/mnt/d/merged_fruit_36_clean_v2/yolo_fruit_dataset/_tmp_frames/bellpepper_rotten_03_hardcase_rotten_frame_000705.jpg,/mnt/d/merged_fruit_36_clean_v2/yolo_fruit_dataset/images/train/bellpepper_rotten_03_hardcase_rotten_frame_000705.jpg,/mnt/d/merged_fruit_36_clean_v2/yolo_fruit_dataset/labels/train/bellpepper_rotten_03_hardcase_rotten_frame_000705.txt
train,/mnt/d/merged_fruit_36_clean_v2/yolo_fruit_dataset/_tmp_frames/bellpepper_rotten_03_hardcase_rotten_frame_000210.jpg,/mnt/d/merged_fruit_36_clean_v2/yolo_fruit_dataset/images/train/bellpepper_rotten_03_hardcase_rotten_frame_000210.jpg,/mnt/d/merged_fruit_36_clean_v2/yolo_fruit_dataset/labels/train/bellpepper_rotten_03_hardcase_rotten_frame_000210.txt
train,/mnt/d/merged_fruit_36_clean_v2/yolo_fruit_dataset/_tmp_frames/pomegranate_rotten_01_mild_rotten_frame_000015.jpg,/mnt/d/merged_fruit_36_clean_v2/yolo_fruit_dataset/images/train/pomegranate_rotten_01_mild_rotten_frame_000015.jpg,/mnt/d/merged_fruit_36_clean_v2/yolo_fruit_dataset/labels/train/pomegranate_rotten_01_mild_rotten_frame_000015.txt
train,/mnt/d/merged_fruit_36_clean_v2/yolo_fruit_dataset/_tmp_frames/grape_fresh_02_real_context_frame_000930.jpg,/mnt/d/merged_fruit_36_clean_v2/yolo_fruit_dataset/images/train/grape_fresh_02_real_context_frame_000930.jpg,/mnt/d/merged_fruit_36_clean_v2/yolo_fruit_dataset/labels/train/grape_fresh_02_real_context_frame_000930.txt
train,/mnt/d/merged_fruit_36_clean_v2/yolo_fruit_dataset/_tmp_frames/grape_fresh_01_clear_closeup_frame_000015.jpg,/mnt/d/merged_fruit_36_clean_v2/yolo_fruit_dataset/images/train/grape_fresh_01_clear_closeup_frame_000015.jpg,/mnt/d/merged_fruit_36_clean_v2/yolo_fruit_dataset/labels/train/grape_fresh_01_clear_closeup_frame_000015.txt
train,/mnt/d/merged_fruit_36_clean_v2/yolo_fruit_dataset/_tmp_frames/banana_fresh_03_hardcase_frame_000030.jpg,/mnt/d/merged_fruit_36_clean_v2/yolo_fruit_dataset/images/train/banana_fresh_03_hardcase_frame_000030.jpg,/mnt/d/merged_fruit_36_clean_v2/yolo_fruit_dataset/labels/train/banana_fresh_03_hardcase_frame_000030.txt
train,/mnt/d/merged_fruit_36_clean_v2/yolo_fruit_dataset/_tmp_frames/grape_fresh_02_real_context_frame_000045.jpg,/mnt/d/merged_fruit_36_clean_v2/yolo_fruit_dataset/images/train/grape_fresh_02_real_context_frame_000045.jpg,/mnt/d/merged_fruit_36_clean_v2/yolo_fruit_dataset/labels/train/grape_fresh_02_real_context_frame_000045.txt
train,/mnt/d/merged_fruit_36_clean_v2/yolo_fruit_dataset/_tmp_frames/grape_fresh_01_clear_closeup_frame_000450.jpg,/mnt/d/merged_fruit_36_clean_v2/yolo_fruit_dataset/images/train/grape_fresh_01_clear_closeup_frame_000450.jpg,/mnt/d/merged_fruit_36_clean_v2/yolo_fruit_dataset/labels/train/grape_fresh_01_clear_closeup_frame_000450.txt
train,/mnt/d/merged_fruit_36_clean_v2/yolo_fruit_dataset/_tmp_frames/strawberry_rotten_03_hardcase_rotten_frame_000555.jpg,/mnt/d/merged_fruit_36_clean_v2/yolo_fruit_dataset/images/train/strawberry_rotten_03_hardcase_rotten_frame_000555.jpg,/mnt/d/merged_fruit_36_clean_v2/yolo_fruit_dataset/labels/train/strawberry_rotten_03_hardcase_rotten_frame_000555.txt
train,/mnt/d/merged_fruit_36_clean_v2/yolo_fruit_dataset/_tmp_frames/strawberry_fresh_03_hardcase_frame_000120.jpg,/mnt/d/merged_fruit_36_clean_v2/yolo_fruit_dataset/images/train/strawberry_fresh_03_hardcase_frame_000120.jpg,/mnt/d/merged_fruit_36_clean_v2/yolo_fruit_dataset/labels/train/strawberry_fresh_03_hardcase_frame_000120.txt
train,/mnt/d/merged_fruit_36_clean_v2/yolo_fruit_dataset/_tmp_frames/bellpepper_fresh_02_real_context_frame_000180.jpg,/mnt/d/merged_fruit_36_clean_v2/yolo_fruit_dataset/images/train/bellpepper_fresh_02_real_context_frame_000180.jpg,/mnt/d/merged_fruit_36_clean_v2/yolo_fruit_dataset/labels/train/bellpepper_fresh_02_real_context_frame_000180.txt
train,/mnt/d/merged_fruit_36_clean_v2/yolo_fruit_dataset/_tmp_frames/apple_rotten_01_mild_rotten_frame_000315.jpg,/mnt/d/merged_fruit_36_clean_v2/yolo_fruit_dataset/images/train/apple_rotten_01_mild_rotten_frame_000315.jpg,/mnt/d/merged_fruit_36_clean_v2/yolo_fruit_dataset/labels/train/apple_rotten_01_mild_rotten_frame_000315.txt
train,/mnt/d/merged_fruit_36_clean_v2/yolo_fruit_dataset/_tmp_frames/strawberry_fresh_03_hardcase_frame_000060.jpg,/mnt/d/merged_fruit_36_clean_v2/yolo_fruit_dataset/images/train/strawberry_fresh_03_hardcase_frame_000060.jpg,/mnt/d/merged_fruit_36_clean_v2/yolo_fruit_dataset/labels/train/strawberry_fresh_03_hardcase_frame_000060.txt
train,/mnt/d/merged_fruit_36_clean_v2/yolo_fruit_dataset/_tmp_frames/bellpepper_rotten_03_hardcase_rotten_frame_000090.jpg,/mnt/d/merged_fruit_36_clean_v2/yolo_fruit_dataset/images/train/bellpepper_rotten_03_hardcase_rotten_frame_000090.jpg,/mnt/d/merged_fruit_36_clean_v2/yolo_fruit_dataset/labels/train/bellpepper_rotten_03_hardcase_rotten_frame_000090.txt
train,/mnt/d/merged_fruit_36_clean_v2/yolo_fruit_dataset/_tmp_frames/bellpepper_rotten_03_hardcase_rotten_frame_000645.jpg,/mnt/d/merged_fruit_36_clean_v2/yolo_fruit_dataset/images/train/bellpepper_rotten_03_hardcase_rotten_frame_000645.jpg,/mnt/d/merged_fruit_36_clean_v2/yolo_fruit_dataset/labels/train/bellpepper_rotten_03_hardcase_rotten_frame_000645.txt
train,/mnt/d/merged_fruit_36_clean_v2/yolo_fruit_dataset/_tmp_frames/peach_fresh_01_clear_closeup_frame_000060.jpg,/mnt/d/merged_fruit_36_clean_v2/yolo_fruit_dataset/images/train/peach_fresh_01_clear_closeup_frame_000060.jpg,/mnt/d/merged_fruit_36_clean_v2/yolo_fruit_dataset/labels/train/peach_fresh_01_clear_closeup_frame_000060.txt
train,/mnt/d/merged_fruit_36_clean_v2/yolo_fruit_dataset/_tmp_frames/mango_rotten_03_hardcase_rotten_frame_000075.jpg,/mnt/d/merged_fruit_36_clean_v2/yolo_fruit_dataset/images/train/mango_rotten_03_hardcase_rotten_frame_000075.jpg,/mnt/d/merged_fruit_36_clean_v2/yolo_fruit_dataset/labels/train/mango_rotten_03_hardcase_rotten_frame_000075.txt
train,/mnt/d/merged_fruit_36_clean_v2/yolo_fruit_dataset/_tmp_frames/grape_fresh_03_on_tree_hardcase_frame_000645.jpg,/mnt/d/merged_fruit_36_clean_v2/yolo_fruit_dataset/images/train/grape_fresh_03_on_tree_hardcase_frame_000645.jpg,/mnt/d/merged_fruit_36_clean_v2/yolo_fruit_dataset/labels/train/grape_fresh_03_on_tree_hardcase_frame_000645.txt
train,/mnt/d/merged_fruit_36_clean_v2/yolo_fruit_dataset/_tmp_frames/apple_rotten_01_mild_rotten_frame_000495.jpg,/mnt/d/merged_fruit_36_clean_v2/yolo_fruit_dataset/images/train/apple_rotten_01_mild_rotten_frame_000495.jpg,/mnt/d/merged_fruit_36_clean_v2/yolo_fruit_dataset/labels/train/apple_rotten_01_mild_rotten_frame_000495.txt
train,/mnt/d/merged_fruit_36_clean_v2/yolo_fruit_dataset/_tmp_frames/grape_rotten_02_mold_bruised_rotten_frame_000225.jpg,/mnt/d/merged_fruit_36_clean_v2/yolo_fruit_dataset/images/train/grape_rotten_02_mold_bruised_rotten_frame_000225.jpg,/mnt/d/merged_fruit_36_clean_v2/yolo_fruit_dataset/labels/train/grape_rotten_02_mold_bruised_rotten_frame_000225.txt
train,/mnt/d/merged_fruit_36_clean_v2/yolo_fruit_dataset/_tmp_frames/jujube_fresh_03_on_tree_hardcase_frame_000180.jpg,/mnt/d/merged_fruit_36_clean_v2/yolo_fruit_dataset/images/train/jujube_fresh_03_on_tree_hardcase_frame_000180.jpg,/mnt/d/merged_fruit_36_clean_v2/yolo_fruit_dataset/labels/train/jujube_fresh_03_on_tree_hardcase_frame_000180.txt
train,/mnt/d/merged_fruit_36_clean_v2/yolo_fruit_dataset/_tmp_frames/apple_fresh_02_real_context_frame_000780.jpg,/mnt/d/merged_fruit_36_clean_v2/yolo_fruit_dataset/images/train/apple_fresh_02_real_context_frame_000780.jpg,/mnt/d/merged_fruit_36_clean_v2/yolo_fruit_dataset/labels/train/apple_fresh_02_real_context_frame_000780.txt
train,/mnt/d/merged_fruit_36_clean_v2/yolo_fruit_dataset/_tmp_frames/carrot_rotten_01_mild_rotten_frame_000255.jpg,/mnt/d/merged_fruit_36_clean_v2/yolo_fruit_dataset/images/train/carrot_rotten_01_mild_rotten_frame_000255.jpg,/mnt/d/merged_fruit_36_clean_v2/yolo_fruit_dataset/labels/train/carrot_rotten_01_mild_rotten_frame_000255.txt
train,/mnt/d/merged_fruit_36_clean_v2/yolo_fruit_dataset/_tmp_frames/guava_fresh_03_on_tree_hardcase_frame_000600.jpg,/mnt/d/merged_fruit_36_clean_v2/yolo_fruit_dataset/images/train/guava_fresh_03_on_tree_hardcase_frame_000600.jpg,/mnt/d/merged_fruit_36_clean_v2/yolo_fruit_dataset/labels/train/guava_fresh_03_on_tree_hardcase_frame_000600.txt
train,/mnt/d/merged_fruit_36_clean_v2/yolo_fruit_dataset/_tmp_frames/carrot_rotten_02_mold_soft_rotten_frame_000450.jpg,/mnt/d/merged_fruit_36_clean_v2/yolo_fruit_dataset/images/train/carrot_rotten_02_mold_soft_rotten_frame_000450.jpg,/mnt/d/merged_fruit_36_clean_v2/yolo_fruit_dataset/labels/train/carrot_rotten_02_mold_soft_rotten_frame_000450.txt
train,/mnt/d/merged_fruit_36_clean_v2/yolo_fruit_dataset/_tmp_frames/grape_fresh_01_clear_closeup_frame_001050.jpg,/mnt/d/merged_fruit_36_clean_v2/yolo_fruit_dataset/images/train/grape_fresh_01_clear_closeup_frame_001050.jpg,/mnt/d/merged_fruit_36_clean_v2/yolo_fruit_dataset/labels/train/grape_fresh_01_clear_closeup_frame_001050.txt
train,/mnt/d/merged_fruit_36_clean_v2/yolo_fruit_dataset/_tmp_frames/grape_fresh_01_clear_closeup_frame_000645.jpg,/mnt/d/merged_fruit_36_clean_v2/yolo_fruit_dataset/images/train/grape_fresh_01_clear_closeup_frame_000645.jpg,/mnt/d/merged_fruit_36_clean_v2/yolo_fruit_dataset/labels/train/grape_fresh_01_clear_closeup_frame_000645.txt
train,/mnt/d/merged_fruit_36_clean_v2/yolo_fruit_dataset/_tmp_frames/grape_fresh_01_clear_closeup_frame_000300.jpg,/mnt/d/merged_fruit_36_clean_v2/yolo_fruit_dataset/images/train/grape_fresh_01_clear_closeup_frame_000300.jpg,/mnt/d/merged_fruit_36_clean_v2/yolo_fruit_dataset/labels/train/grape_fresh_01_clear_closeup_frame_000300.txt
train,/mnt/d/merged_fruit_36_clean_v2/yolo_fruit_dataset/_tmp_frames/orange_rotten_02_mold_soft_rotten_frame_000315.jpg,/mnt/d/merged_fruit_36_clean_v2/yolo_fruit_dataset/images/train/orange_rotten_02_mold_soft_rotten_frame_000315.jpg,/mnt/d/merged_fruit_36_clean_v2/yolo_fruit_dataset/labels/train/orange_rotten_02_mold_soft_rotten_frame_000315.txt
train,/mnt/d/merged_fruit_36_clean_v2/yolo_fruit_dataset/_tmp_frames/banana_fresh_03_hardcase_frame_000180.jpg,/mnt/d/merged_fruit_36_clean_v2/yolo_fruit_dataset/images/train/banana_fresh_03_hardcase_frame_000180.jpg,/mnt/d/merged_fruit_36_clean_v2/yolo_fruit_dataset/labels/train/banana_fresh_03_hardcase_frame_000180.txt
train,/mnt/d/merged_fruit_36_clean_v2/yolo_fruit_dataset/_tmp_frames/potato_rotten_02_sprout_green_rotten_frame_000570.jpg,/mnt/d/merged_fruit_36_clean_v2/yolo_fruit_dataset/images/train/potato_rotten_02_sprout_green_rotten_frame_000570.jpg,/mnt/d/merged_fruit_36_clean_v2/yolo_fruit_dataset/labels/train/potato_rotten_02_sprout_green_rotten_frame_000570.txt
train,/mnt/d/merged_fruit_36_clean_v2/yolo_fruit_dataset/_tmp_frames/peach_rotten_02_mold_bruised_rotten_frame_000000.jpg,/mnt/d/merged_fruit_36_clean_v2/yolo_fruit_dataset/images/train/peach_rotten_02_mold_bruised_rotten_frame_000000.jpg,/mnt/d/merged_fruit_36_clean_v2/yolo_fruit_dataset/labels/train/peach_rotten_02_mold_bruised_rotten_frame_000000.txt
train,/mnt/d/merged_fruit_36_clean_v2/yolo_fruit_dataset/_tmp_frames/tomato_fresh_01_clear_closeup_frame_000525.jpg,/mnt/d/merged_fruit_36_clean_v2/yolo_fruit_dataset/images/train/tomato_fresh_01_clear_closeup_frame_000525.jpg,/mnt/d/merged_fruit_36_clean_v2/yolo_fruit_dataset/labels/train/tomato_fresh_01_clear_closeup_frame_000525.txt
train,/mnt/d/merged_fruit_36_clean_v2/yolo_fruit_dataset/_tmp_frames/avocado_rotten_03_hardcase_rotten_frame_000015.jpg,/mnt/d/merged_fruit_36_clean_v2/yolo_fruit_dataset/images/train/avocado_rotten_03_hardcase_rotten_frame_000015.jpg,/mnt/d/merged_fruit_36_clean_v2/yolo_fruit_dataset/labels/train/avocado_rotten_03_hardcase_rotten_frame_000015.txt
train,/mnt/d/merged_fruit_36_clean_v2/yolo_fruit_dataset/_tmp_frames/grape_fresh_02_real_context_frame_000030.jpg,/mnt/d/merged_fruit_36_clean_v2/yolo_fruit_dataset/images/train/grape_fresh_02_real_context_frame_000030.jpg,/mnt/d/merged_fruit_36_clean_v2/yolo_fruit_dataset/labels/train/grape_fresh_02_real_context_frame_000030.txt
train,/mnt/d/merged_fruit_36_clean_v2/yolo_fruit_dataset/_tmp_frames/avocado_rotten_03_hardcase_rotten_frame_000090.jpg,/mnt/d/merged_fruit_36_clean_v2/yolo_fruit_dataset/images/train/avocado_rotten_03_hardcase_rotten_frame_000090.jpg,/mnt/d/merged_fruit_36_clean_v2/yolo_fruit_dataset/labels/train/avocado_rotten_03_hardcase_rotten_frame_000090.txt
train,/mnt/d/merged_fruit_36_clean_v2/yolo_fruit_dataset/_tmp_frames/guava_fresh_03_on_tree_hardcase_frame_000435.jpg,/mnt/d/merged_fruit_36_clean_v2/yolo_fruit_dataset/images/train/guava_fresh_03_on_tree_hardcase_frame_000435.jpg,/mnt/d/merged_fruit_36_clean_v2/yolo_fruit_dataset/labels/train/guava_fresh_03_on_tree_hardcase_frame_000435.txt
train,/mnt/d/merged_fruit_36_clean_v2/yolo_fruit_dataset/_tmp_frames/carrot_fresh_01_clear_closeup_frame_000375.jpg,/mnt/d/merged_fruit_36_clean_v2/yolo_fruit_dataset/images/train/carrot_fresh_01_clear_closeup_frame_000375.jpg,/mnt/d/merged_fruit_36_clean_v2/yolo_fruit_dataset/labels/train/carrot_fresh_01_clear_closeup_frame_000375.txt
train,/mnt/d/merged_fruit_36_clean_v2/yolo_fruit_dataset/_tmp_frames/grape_fresh_02_real_context_frame_000720.jpg,/mnt/d/merged_fruit_36_clean_v2/yolo_fruit_dataset/images/train/grape_fresh_02_real_context_frame_000720.jpg,/mnt/d/merged_fruit_36_clean_v2/yolo_fruit_dataset/labels/train/grape_fresh_02_real_context_frame_000720.txt
train,/mnt/d/merged_fruit_36_clean_v2/yolo_fruit_dataset/_tmp_frames/cucumber_fresh_01_clear_closeup_frame_000450.jpg,/mnt/d/merged_fruit_36_clean_v2/yolo_fruit_dataset/images/train/cucumber_fresh_01_clear_closeup_frame_000450.jpg,/mnt/d/merged_fruit_36_clean_v2/yolo_fruit_dataset/labels/train/cucumber_fresh_01_clear_closeup_frame_000450.txt
train,/mnt/d/merged_fruit_36_clean_v2/yolo_fruit_dataset/_tmp_frames/grape_fresh_03_on_tree_hardcase_frame_000285.jpg,/mnt/d/merged_fruit_36_clean_v2/yolo_fruit_dataset/images/train/grape_fresh_03_on_tree_hardcase_frame_000285.jpg,/mnt/d/merged_fruit_36_clean_v2/yolo_fruit_dataset/labels/train/grape_fresh_03_on_tree_hardcase_frame_000285.txt
train,/mnt/d/merged_fruit_36_clean_v2/yolo_fruit_dataset/_tmp_frames/tomato_fresh_02_real_context_frame_000285.jpg,/mnt/d/merged_fruit_36_clean_v2/yolo_fruit_dataset/images/train/tomato_fresh_02_real_context_frame_000285.jpg,/mnt/d/merged_fruit_36_clean_v2/yolo_fruit_dataset/labels/train/tomato_fresh_02_real_context_frame_000285.txt
train,/mnt/d/merged_fruit_36_clean_v2/yolo_fruit_dataset/_tmp_frames/avocado_rotten_03_hardcase_rotten_frame_000150.jpg,/mnt/d/merged_fruit_36_clean_v2/yolo_fruit_dataset/images/train/avocado_rotten_03_hardcase_rotten_frame_000150.jpg,/mnt/d/merged_fruit_36_clean_v2/yolo_fruit_dataset/labels/train/avocado_rotten_03_hardcase_rotten_frame_000150.txt
train,/mnt/d/merged_fruit_36_clean_v2/yolo_fruit_dataset/_tmp_frames/carambola_fresh_03_on_tree_hardcase_frame_000465.jpg,/mnt/d/merged_fruit_36_clean_v2/yolo_fruit_dataset/images/train/carambola_fresh_03_on_tree_hardcase_frame_000465.jpg,/mnt/d/merged_fruit_36_clean_v2/yolo_fruit_dataset/labels/train/carambola_fresh_03_on_tree_hardcase_frame_000465.txt
train,/mnt/d/merged_fruit_36_clean_v2/yolo_fruit_dataset/_tmp_frames/carrot_rotten_02_mold_soft_rotten_frame_000465.jpg,/mnt/d/merged_fruit_36_clean_v2/yolo_fruit_dataset/images/train/carrot_rotten_02_mold_soft_rotten_frame_000465.jpg,/mnt/d/merged_fruit_36_clean_v2/yolo_fruit_dataset/labels/train/carrot_rotten_02_mold_soft_rotten_frame_000465.txt
train,/mnt/d/merged_fruit_36_clean_v2/yolo_fruit_dataset/_tmp_frames/tomato_rotten_02_soft_mold_rotten_frame_000270.jpg,/mnt/d/merged_fruit_36_clean_v2/yolo_fruit_dataset/images/train/tomato_rotten_02_soft_mold_rotten_frame_000270.jpg,/mnt/d/merged_fruit_36_clean_v2/yolo_fruit_dataset/labels/train/tomato_rotten_02_soft_mold_rotten_frame_000270.txt
train,/mnt/d/merged_fruit_36_clean_v2/yolo_fruit_dataset/_tmp_frames/avocado_rotten_01_mild_rotten_frame_000090.jpg,/mnt/d/merged_fruit_36_clean_v2/yolo_fruit_dataset/images/train/avocado_rotten_01_mild_rotten_frame_000090.jpg,/mnt/d/merged_fruit_36_clean_v2/yolo_fruit_dataset/labels/train/avocado_rotten_01_mild_rotten_frame_000090.txt
train,/mnt/d/merged_fruit_36_clean_v2/yolo_fruit_dataset/_tmp_frames/banana_fresh_02_real_context_frame_000090.jpg,/mnt/d/merged_fruit_36_clean_v2/yolo_fruit_dataset/images/train/banana_fresh_02_real_context_frame_000090.jpg,/mnt/d/merged_fruit_36_clean_v2/yolo_fruit_dataset/labels/train/banana_fresh_02_real_context_frame_000090.txt
train,/mnt/d/merged_fruit_36_clean_v2/yolo_fruit_dataset/_tmp_frames/pomegranate_fresh_03_cut_open_hardcase_frame_000255.jpg,/mnt/d/merged_fruit_36_clean_v2/yolo_fruit_dataset/images/train/pomegranate_fresh_03_cut_open_hardcase_frame_000255.jpg,/mnt/d/merged_fruit_36_clean_v2/yolo_fruit_dataset/labels/train/pomegranate_fresh_03_cut_open_hardcase_frame_000255.txt
train,/mnt/d/merged_fruit_36_clean_v2/yolo_fruit_dataset/_tmp_frames/potato_rotten_02_sprout_green_rotten_frame_000390.jpg,/mnt/d/merged_fruit_36_clean_v2/yolo_fruit_dataset/images/train/potato_rotten_02_sprout_green_rotten_frame_000390.jpg,/mnt/d/merged_fruit_36_clean_v2/yolo_fruit_dataset/labels/train/potato_rotten_02_sprout_green_rotten_frame_000390.txt
train,/mnt/d/merged_fruit_36_clean_v2/yolo_fruit_dataset/_tmp_frames/bellpepper_fresh_02_real_context_frame_000405.jpg,/mnt/d/merged_fruit_36_clean_v2/yolo_fruit_dataset/images/train/bellpepper_fresh_02_real_context_frame_000405.jpg,/mnt/d/merged_fruit_36_clean_v2/yolo_fruit_dataset/labels/train/bellpepper_fresh_02_real_context_frame_000405.txt
train,/mnt/d/merged_fruit_36_clean_v2/yolo_fruit_dataset/_tmp_frames/strawberry_fresh_03_hardcase_frame_000030.jpg,/mnt/d/merged_fruit_36_clean_v2/yolo_fruit_dataset/images/train/strawberry_fresh_03_hardcase_frame_000030.jpg,/mnt/d/merged_fruit_36_clean_v2/yolo_fruit_dataset/labels/train/strawberry_fresh_03_hardcase_frame_000030.txt
train,/mnt/d/merged_fruit_36_clean_v2/yolo_fruit_dataset/_tmp_frames/pomegranate_fresh_03_cut_open_hardcase_frame_000165.jpg,/mnt/d/merged_fruit_36_clean_v2/yolo_fruit_dataset/images/train/pomegranate_fresh_03_cut_open_hardcase_frame_000165.jpg,/mnt/d/merged_fruit_36_clean_v2/yolo_fruit_dataset/labels/train/pomegranate_fresh_03_cut_open_hardcase_frame_000165.txt
train,/mnt/d/merged_fruit_36_clean_v2/yolo_fruit_dataset/_tmp_frames/peach_fresh_01_clear_closeup_frame_000690.jpg,/mnt/d/merged_fruit_36_clean_v2/yolo_fruit_dataset/images/train/peach_fresh_01_clear_closeup_frame_000690.jpg,/mnt/d/merged_fruit_36_clean_v2/yolo_fruit_dataset/labels/train/peach_fresh_01_clear_closeup_frame_000690.txt
train,/mnt/d/merged_fruit_36_clean_v2/yolo_fruit_dataset/_tmp_frames/grape_fresh_02_real_context_frame_001350.jpg,/mnt/d/merged_fruit_36_clean_v2/yolo_fruit_dataset/images/train/grape_fresh_02_real_context_frame_001350.jpg,/mnt/d/merged_fruit_36_clean_v2/yolo_fruit_dataset/labels/train/grape_fresh_02_real_context_frame_001350.txt
train,/mnt/d/merged_fruit_36_clean_v2/yolo_fruit_dataset/_tmp_frames/cucumber_fresh_03_cut_open_hardcase_frame_000045.jpg,/mnt/d/merged_fruit_36_clean_v2/yolo_fruit_dataset/images/train/cucumber_fresh_03_cut_open_hardcase_frame_000045.jpg,/mnt/d/merged_fruit_36_clean_v2/yolo_fruit_dataset/labels/train/cucumber_fresh_03_cut_open_hardcase_frame_000045.txt
train,/mnt/d/merged_fruit_36_clean_v2/yolo_fruit_dataset/_tmp_frames/guava_fresh_03_on_tree_hardcase_frame_000240.jpg,/mnt/d/merged_fruit_36_clean_v2/yolo_fruit_dataset/images/train/guava_fresh_03_on_tree_hardcase_frame_000240.jpg,/mnt/d/merged_fruit_36_clean_v2/yolo_fruit_dataset/labels/train/guava_fresh_03_on_tree_hardcase_frame_000240.txt
train,/mnt/d/merged_fruit_36_clean_v2/yolo_fruit_dataset/_tmp_frames/peach_rotten_02_mold_bruised_rotten_frame_000210.jpg,/mnt/d/merged_fruit_36_clean_v2/yolo_fruit_dataset/images/train/peach_rotten_02_mold_bruised_rotten_frame_000210.jpg,/mnt/d/merged_fruit_36_clean_v2/yolo_fruit_dataset/labels/train/peach_rotten_02_mold_bruised_rotten_frame_000210.txt
train,/mnt/d/merged_fruit_36_clean_v2/yolo_fruit_dataset/_tmp_frames/apple_rotten_03_hardcase_rotten_frame_000015.jpg,/mnt/d/merged_fruit_36_clean_v2/yolo_fruit_dataset/images/train/apple_rotten_03_hardcase_rotten_frame_000015.jpg,/mnt/d/merged_fruit_36_clean_v2/yolo_fruit_dataset/labels/train/apple_rotten_03_hardcase_rotten_frame_000015.txt
train,/mnt/d/merged_fruit_36_clean_v2/yolo_fruit_dataset/_tmp_frames/potato_fresh_02_real_context_frame_000165.jpg,/mnt/d/merged_fruit_36_clean_v2/yolo_fruit_dataset/images/train/potato_fresh_02_real_context_frame_000165.jpg,/mnt/d/merged_fruit_36_clean_v2/yolo_fruit_dataset/labels/train/potato_fresh_02_real_context_frame_000165.txt
train,/mnt/d/merged_fruit_36_clean_v2/yolo_fruit_dataset/_tmp_frames/guava_fresh_03_on_tree_hardcase_frame_000450.jpg,/mnt/d/merged_fruit_36_clean_v2/yolo_fruit_dataset/images/train/guava_fresh_03_on_tree_hardcase_frame_000450.jpg,/mnt/d/merged_fruit_36_clean_v2/yolo_fruit_dataset/labels/train/guava_fresh_03_on_tree_hardcase_frame_000450.txt
train,/mnt/d/merged_fruit_36_clean_v2/yolo_fruit_dataset/_tmp_frames/strawberry_rotten_03_hardcase_rotten_frame_000345.jpg,/mnt/d/merged_fruit_36_clean_v2/yolo_fruit_dataset/images/train/strawberry_rotten_03_hardcase_rotten_frame_000345.jpg,/mnt/d/merged_fruit_36_clean_v2/yolo_fruit_dataset/labels/train/strawberry_rotten_03_hardcase_rotten_frame_000345.txt
train,/mnt/d/merged_fruit_36_clean_v2/yolo_fruit_dataset/_tmp_frames/potato_fresh_01_clear_closeup_frame_000000.jpg,/mnt/d/merged_fruit_36_clean_v2/yolo_fruit_dataset/images/train/potato_fresh_01_clear_closeup_frame_000000.jpg,/mnt/d/merged_fruit_36_clean_v2/yolo_fruit_dataset/labels/train/potato_fresh_01_clear_closeup_frame_000000.txt
train,/mnt/d/merged_fruit_36_clean_v2/yolo_fruit_dataset/_tmp_frames/avocado_rotten_03_hardcase_rotten_frame_000225.jpg,/mnt/d/merged_fruit_36_clean_v2/yolo_fruit_dataset/images/train/avocado_rotten_03_hardcase_rotten_frame_000225.jpg,/mnt/d/merged_fruit_36_clean_v2/yolo_fruit_dataset/labels/train/avocado_rotten_03_hardcase_rotten_frame_000225.txt
train,/mnt/d/merged_fruit_36_clean_v2/yolo_fruit_dataset/_tmp_frames/carambola_rotten_02_mold_bruised_rotten_frame_000615.jpg,/mnt/d/merged_fruit_36_clean_v2/yolo_fruit_dataset/images/train/carambola_rotten_02_mold_bruised_rotten_frame_000615.jpg,/mnt/d/merged_fruit_36_clean_v2/yolo_fruit_dataset/labels/train/carambola_rotten_02_mold_bruised_rotten_frame_000615.txt
train,/mnt/d/merged_fruit_36_clean_v2/yolo_fruit_dataset/_tmp_frames/carambola_rotten_02_mold_bruised_rotten_frame_000210.jpg,/mnt/d/merged_fruit_36_clean_v2/yolo_fruit_dataset/images/train/carambola_rotten_02_mold_bruised_rotten_frame_000210.jpg,/mnt/d/merged_fruit_36_clean_v2/yolo_fruit_dataset/labels/train/carambola_rotten_02_mold_bruised_rotten_frame_000210.txt
train,/mnt/d/merged_fruit_36_clean_v2/yolo_fruit_dataset/_tmp_frames/grape_fresh_03_on_tree_hardcase_frame_000405.jpg,/mnt/d/merged_fruit_36_clean_v2/yolo_fruit_dataset/images/train/grape_fresh_03_on_tree_hardcase_frame_000405.jpg,/mnt/d/merged_fruit_36_clean_v2/yolo_fruit_dataset/labels/train/grape_fresh_03_on_tree_hardcase_frame_000405.txt
train,/mnt/d/merged_fruit_36_clean_v2/yolo_fruit_dataset/_tmp_frames/banana_fresh_03_hardcase_frame_001170.jpg,/mnt/d/merged_fruit_36_clean_v2/yolo_fruit_dataset/images/train/banana_fresh_03_hardcase_frame_001170.jpg,/mnt/d/merged_fruit_36_clean_v2/yolo_fruit_dataset/labels/train/banana_fresh_03_hardcase_frame_001170.txt
train,/mnt/d/merged_fruit_36_clean_v2/yolo_fruit_dataset/_tmp_frames/potato_fresh_01_clear_closeup_frame_000570.jpg,/mnt/d/merged_fruit_36_clean_v2/yolo_fruit_dataset/images/train/potato_fresh_01_clear_closeup_frame_000570.jpg,/mnt/d/merged_fruit_36_clean_v2/yolo_fruit_dataset/labels/train/potato_fresh_01_clear_closeup_frame_000570.txt
train,/mnt/d/merged_fruit_36_clean_v2/yolo_fruit_dataset/_tmp_frames/carrot_fresh_02_real_context_frame_000015.jpg,/mnt/d/merged_fruit_36_clean_v2/yolo_fruit_dataset/images/train/carrot_fresh_02_real_context_frame_000015.jpg,/mnt/d/merged_fruit_36_clean_v2/yolo_fruit_dataset/labels/train/carrot_fresh_02_real_context_frame_000015.txt
train,/mnt/d/merged_fruit_36_clean_v2/yolo_fruit_dataset/_tmp_frames/grape_fresh_03_on_tree_hardcase_frame_000540.jpg,/mnt/d/merged_fruit_36_clean_v2/yolo_fruit_dataset/images/train/grape_fresh_03_on_tree_hardcase_frame_000540.jpg,/mnt/d/merged_fruit_36_clean_v2/yolo_fruit_dataset/labels/train/grape_fresh_03_on_tree_hardcase_frame_000540.txt
train,/mnt/d/merged_fruit_36_clean_v2/yolo_fruit_dataset/_tmp_frames/strawberry_rotten_01_mild_rotten_frame_000015.jpg,/mnt/d/merged_fruit_36_clean_v2/yolo_fruit_dataset/images/train/strawberry_rotten_01_mild_rotten_frame_000015.jpg,/mnt/d/merged_fruit_36_clean_v2/yolo_fruit_dataset/labels/train/strawberry_rotten_01_mild_rotten_frame_000015.txt
train,/mnt/d/merged_fruit_36_clean_v2/yolo_fruit_dataset/_tmp_frames/lemon_rotten_03_hardcase_rotten_frame_000090.jpg,/mnt/d/merged_fruit_36_clean_v2/yolo_fruit_dataset/images/train/lemon_rotten_03_hardcase_rotten_frame_000090.jpg,/mnt/d/merged_fruit_36_clean_v2/yolo_fruit_dataset/labels/train/lemon_rotten_03_hardcase_rotten_frame_000090.txt
train,/mnt/d/merged_fruit_36_clean_v2/yolo_fruit_dataset/_tmp_frames/mango_rotten_02_black_bruised_rotten_frame_000420.jpg,/mnt/d/merged_fruit_36_clean_v2/yolo_fruit_dataset/images/train/mango_rotten_02_black_bruised_rotten_frame_000420.jpg,/mnt/d/merged_fruit_36_clean_v2/yolo_fruit_dataset/labels/train/mango_rotten_02_black_bruised_rotten_frame_000420.txt
train,/mnt/d/merged_fruit_36_clean_v2/yolo_fruit_dataset/_tmp_frames/tomato_fresh_02_real_context_frame_000045.jpg,/mnt/d/merged_fruit_36_clean_v2/yolo_fruit_dataset/images/train/tomato_fresh_02_real_context_frame_000045.jpg,/mnt/d/merged_fruit_36_clean_v2/yolo_fruit_dataset/labels/train/tomato_fresh_02_real_context_frame_000045.txt
train,/mnt/d/merged_fruit_36_clean_v2/yolo_fruit_dataset/_tmp_frames/bellpepper_fresh_03_cut_open_hardcase_frame_000330.jpg,/mnt/d/merged_fruit_36_clean_v2/yolo_fruit_dataset/images/train/bellpepper_fresh_03_cut_open_hardcase_frame_000330.jpg,/mnt/d/merged_fruit_36_clean_v2/yolo_fruit_dataset/labels/train/bellpepper_fresh_03_cut_open_hardcase_frame_000330.txt
train,/mnt/d/merged_fruit_36_clean_v2/yolo_fruit_dataset/_tmp_frames/tomato_fresh_02_real_context_frame_000300.jpg,/mnt/d/merged_fruit_36_clean_v2/yolo_fruit_dataset/images/train/tomato_fresh_02_real_context_frame_000300.jpg,/mnt/d/merged_fruit_36_clean_v2/yolo_fruit_dataset/labels/train/tomato_fresh_02_real_context_frame_000300.txt
train,/mnt/d/merged_fruit_36_clean_v2/yolo_fruit_dataset/_tmp_frames/carambola_rotten_02_mold_bruised_rotten_frame_000195.jpg,/mnt/d/merged_fruit_36_clean_v2/yolo_fruit_dataset/images/train/carambola_rotten_02_mold_bruised_rotten_frame_000195.jpg,/mnt/d/merged_fruit_36_clean_v2/yolo_fruit_dataset/labels/train/carambola_rotten_02_mold_bruised_rotten_frame_000195.txt
train,/mnt/d/merged_fruit_36_clean_v2/yolo_fruit_dataset/_tmp_frames/guava_fresh_02_real_context_frame_000165.jpg,/mnt/d/merged_fruit_36_clean_v2/yolo_fruit_dataset/images/train/guava_fresh_02_real_context_frame_000165.jpg,/mnt/d/merged_fruit_36_clean_v2/yolo_fruit_dataset/labels/train/guava_fresh_02_real_context_frame_000165.txt
train,/mnt/d/merged_fruit_36_clean_v2/yolo_fruit_dataset/_tmp_frames/guava_rotten_02_mold_bruised_rotten_frame_000090.jpg,/mnt/d/merged_fruit_36_clean_v2/yolo_fruit_dataset/images/train/guava_rotten_02_mold_bruised_rotten_frame_000090.jpg,/mnt/d/merged_fruit_36_clean_v2/yolo_fruit_dataset/labels/train/guava_rotten_02_mold_bruised_rotten_frame_000090.txt
train,/mnt/d/merged_fruit_36_clean_v2/yolo_fruit_dataset/_tmp_frames/carambola_fresh_02_real_context_frame_000195.jpg,/mnt/d/merged_fruit_36_clean_v2/yolo_fruit_dataset/images/train/carambola_fresh_02_real_context_frame_000195.jpg,/mnt/d/merged_fruit_36_clean_v2/yolo_fruit_dataset/labels/train/carambola_fresh_02_real_context_frame_000195.txt
train,/mnt/d/merged_fruit_36_clean_v2/yolo_fruit_dataset/_tmp_frames/orange_fresh_03_cut_open_hardcase_frame_000090.jpg,/mnt/d/merged_fruit_36_clean_v2/yolo_fruit_dataset/images/train/orange_fresh_03_cut_open_hardcase_frame_000090.jpg,/mnt/d/merged_fruit_36_clean_v2/yolo_fruit_dataset/labels/train/orange_fresh_03_cut_open_hardcase_frame_000090.txt
train,/mnt/d/merged_fruit_36_clean_v2/yolo_fruit_dataset/_tmp_frames/guava_rotten_01_mild_rotten_frame_000180.jpg,/mnt/d/merged_fruit_36_clean_v2/yolo_fruit_dataset/images/train/guava_rotten_01_mild_rotten_frame_000180.jpg,/mnt/d/merged_fruit_36_clean_v2/yolo_fruit_dataset/labels/train/guava_rotten_01_mild_rotten_frame_000180.txt
train,/mnt/d/merged_fruit_36_clean_v2/yolo_fruit_dataset/_tmp_frames/bellpepper_fresh_01_clear_closeup_frame_000150.jpg,/mnt/d/merged_fruit_36_clean_v2/yolo_fruit_dataset/images/train/bellpepper_fresh_01_clear_closeup_frame_000150.jpg,/mnt/d/merged_fruit_36_clean_v2/yolo_fruit_dataset/labels/train/bellpepper_fresh_01_clear_closeup_frame_000150.txt
train,/mnt/d/merged_fruit_36_clean_v2/yolo_fruit_dataset/_tmp_frames/pomegranate_fresh_01_clear_closeup_frame_000045.jpg,/mnt/d/merged_fruit_36_clean_v2/yolo_fruit_dataset/images/train/pomegranate_fresh_01_clear_closeup_frame_000045.jpg,/mnt/d/merged_fruit_36_clean_v2/yolo_fruit_dataset/labels/train/pomegranate_fresh_01_clear_closeup_frame_000045.txt
train,/mnt/d/merged_fruit_36_clean_v2/yolo_fruit_dataset/_tmp_frames/banana_fresh_03_hardcase_frame_000150.jpg,/mnt/d/merged_fruit_36_clean_v2/yolo_fruit_dataset/images/train/banana_fresh_03_hardcase_frame_000150.jpg,/mnt/d/merged_fruit_36_clean_v2/yolo_fruit_dataset/labels/train/banana_fresh_03_hardcase_frame_000150.txt
train,/mnt/d/merged_fruit_36_clean_v2/yolo_fruit_dataset/_tmp_frames/carrot_fresh_01_clear_closeup_frame_000270.jpg,/mnt/d/merged_fruit_36_clean_v2/yolo_fruit_dataset/images/train/carrot_fresh_01_clear_closeup_frame_000270.jpg,/mnt/d/merged_fruit_36_clean_v2/yolo_fruit_dataset/labels/train/carrot_fresh_01_clear_closeup_frame_000270.txt
train,/mnt/d/merged_fruit_36_clean_v2/yolo_fruit_dataset/_tmp_frames/lemon_fresh_03_cut_open_hardcase_frame_000255.jpg,/mnt/d/merged_fruit_36_clean_v2/yolo_fruit_dataset/images/train/lemon_fresh_03_cut_open_hardcase_frame_000255.jpg,/mnt/d/merged_fruit_36_clean_v2/yolo_fruit_dataset/labels/train/lemon_fresh_03_cut_open_hardcase_frame_000255.txt
train,/mnt/d/merged_fruit_36_clean_v2/yolo_fruit_dataset/_tmp_frames/jujube_fresh_01_clear_closeup_frame_000255.jpg,/mnt/d/merged_fruit_36_clean_v2/yolo_fruit_dataset/images/train/jujube_fresh_01_clear_closeup_frame_000255.jpg,/mnt/d/merged_fruit_36_clean_v2/yolo_fruit_dataset/labels/train/jujube_fresh_01_clear_closeup_frame_000255.txt
train,/mnt/d/merged_fruit_36_clean_v2/yolo_fruit_dataset/_tmp_frames/grape_fresh_02_real_context_frame_000345.jpg,/mnt/d/merged_fruit_36_clean_v2/yolo_fruit_dataset/images/train/grape_fresh_02_real_context_frame_000345.jpg,/mnt/d/merged_fruit_36_clean_v2/yolo_fruit_dataset/labels/train/grape_fresh_02_real_context_frame_000345.txt
train,/mnt/d/merged_fruit_36_clean_v2/yolo_fruit_dataset/_tmp_frames/pomegranate_fresh_03_cut_open_hardcase_frame_000240.jpg,/mnt/d/merged_fruit_36_clean_v2/yolo_fruit_dataset/images/train/pomegranate_fresh_03_cut_open_hardcase_frame_000240.jpg,/mnt/d/merged_fruit_36_clean_v2/yolo_fruit_dataset/labels/train/pomegranate_fresh_03_cut_open_hardcase_frame_000240.txt
train,/mnt/d/merged_fruit_36_clean_v2/yolo_fruit_dataset/_tmp_frames/grape_fresh_01_clear_closeup_frame_000075.jpg,/mnt/d/merged_fruit_36_clean_v2/yolo_fruit_dataset/images/train/grape_fresh_01_clear_closeup_frame_000075.jpg,/mnt/d/merged_fruit_36_clean_v2/yolo_fruit_dataset/labels/train/grape_fresh_01_clear_closeup_frame_000075.txt
train,/mnt/d/merged_fruit_36_clean_v2/yolo_fruit_dataset/_tmp_frames/carrot_rotten_01_mild_rotten_frame_000015.jpg,/mnt/d/merged_fruit_36_clean_v2/yolo_fruit_dataset/images/train/carrot_rotten_01_mild_rotten_frame_000015.jpg,/mnt/d/merged_fruit_36_clean_v2/yolo_fruit_dataset/labels/train/carrot_rotten_01_mild_rotten_frame_000015.txt
train,/mnt/d/merged_fruit_36_clean_v2/yolo_fruit_dataset/_tmp_frames/mango_rotten_02_black_bruised_rotten_frame_000120.jpg,/mnt/d/merged_fruit_36_clean_v2/yolo_fruit_dataset/images/train/mango_rotten_02_black_bruised_rotten_frame_000120.jpg,/mnt/d/merged_fruit_36_clean_v2/yolo_fruit_dataset/labels/train/mango_rotten_02_black_bruised_rotten_frame_000120.txt
train,/mnt/d/merged_fruit_36_clean_v2/yolo_fruit_dataset/_tmp_frames/cucumber_fresh_01_clear_closeup_frame_000300.jpg,/mnt/d/merged_fruit_36_clean_v2/yolo_fruit_dataset/images/train/cucumber_fresh_01_clear_closeup_frame_000300.jpg,/mnt/d/merged_fruit_36_clean_v2/yolo_fruit_dataset/labels/train/cucumber_fresh_01_clear_closeup_frame_000300.txt
train,/mnt/d/merged_fruit_36_clean_v2/yolo_fruit_dataset/_tmp_frames/potato_rotten_01_mild_rotten_frame_000285.jpg,/mnt/d/merged_fruit_36_clean_v2/yolo_fruit_dataset/images/train/potato_rotten_01_mild_rotten_frame_000285.jpg,/mnt/d/merged_fruit_36_clean_v2/yolo_fruit_dataset/labels/train/potato_rotten_01_mild_rotten_frame_000285.txt
train,/mnt/d/merged_fruit_36_clean_v2/yolo_fruit_dataset/_tmp_frames/peach_fresh_01_clear_closeup_frame_000000.jpg,/mnt/d/merged_fruit_36_clean_v2/yolo_fruit_dataset/images/train/peach_fresh_01_clear_closeup_frame_000000.jpg,/mnt/d/merged_fruit_36_clean_v2/yolo_fruit_dataset/labels/train/peach_fresh_01_clear_closeup_frame_000000.txt
train,/mnt/d/merged_fruit_36_clean_v2/yolo_fruit_dataset/_tmp_frames/strawberry_fresh_03_hardcase_frame_000090.jpg,/mnt/d/merged_fruit_36_clean_v2/yolo_fruit_dataset/images/train/strawberry_fresh_03_hardcase_frame_000090.jpg,/mnt/d/merged_fruit_36_clean_v2/yolo_fruit_dataset/labels/train/strawberry_fresh_03_hardcase_frame_000090.txt
train,/mnt/d/merged_fruit_36_clean_v2/yolo_fruit_dataset/_tmp_frames/potato_rotten_02_sprout_green_rotten_frame_000150.jpg,/mnt/d/merged_fruit_36_clean_v2/yolo_fruit_dataset/images/train/potato_rotten_02_sprout_green_rotten_frame_000150.jpg,/mnt/d/merged_fruit_36_clean_v2/yolo_fruit_dataset/labels/train/potato_rotten_02_sprout_green_rotten_frame_000150.txt
train,/mnt/d/merged_fruit_36_clean_v2/yolo_fruit_dataset/_tmp_frames/orange_rotten_02_mold_soft_rotten_frame_000150.jpg,/mnt/d/merged_fruit_36_clean_v2/yolo_fruit_dataset/images/train/orange_rotten_02_mold_soft_rotten_frame_000150.jpg,/mnt/d/merged_fruit_36_clean_v2/yolo_fruit_dataset/labels/train/orange_rotten_02_mold_soft_rotten_frame_000150.txt
train,/mnt/d/merged_fruit_36_clean_v2/yolo_fruit_dataset/_tmp_frames/mango_fresh_01_clear_closeup_frame_000270.jpg,/mnt/d/merged_fruit_36_clean_v2/yolo_fruit_dataset/images/train/mango_fresh_01_clear_closeup_frame_000270.jpg,/mnt/d/merged_fruit_36_clean_v2/yolo_fruit_dataset/labels/train/mango_fresh_01_clear_closeup_frame_000270.txt
train,/mnt/d/merged_fruit_36_clean_v2/yolo_fruit_dataset/_tmp_frames/peach_rotten_02_mold_bruised_rotten_frame_000120.jpg,/mnt/d/merged_fruit_36_clean_v2/yolo_fruit_dataset/images/train/peach_rotten_02_mold_bruised_rotten_frame_000120.jpg,/mnt/d/merged_fruit_36_clean_v2/yolo_fruit_dataset/labels/train/peach_rotten_02_mold_bruised_rotten_frame_000120.txt
train,/mnt/d/merged_fruit_36_clean_v2/yolo_fruit_dataset/_tmp_frames/grape_rotten_02_mold_bruised_rotten_frame_000285.jpg,/mnt/d/merged_fruit_36_clean_v2/yolo_fruit_dataset/images/train/grape_rotten_02_mold_bruised_rotten_frame_000285.jpg,/mnt/d/merged_fruit_36_clean_v2/yolo_fruit_dataset/labels/train/grape_rotten_02_mold_bruised_rotten_frame_000285.txt
train,/mnt/d/merged_fruit_36_clean_v2/yolo_fruit_dataset/_tmp_frames/banana_rotten_02_black_bruised_rotten_frame_000105.jpg,/mnt/d/merged_fruit_36_clean_v2/yolo_fruit_dataset/images/train/banana_rotten_02_black_bruised_rotten_frame_000105.jpg,/mnt/d/merged_fruit_36_clean_v2/yolo_fruit_dataset/labels/train/banana_rotten_02_black_bruised_rotten_frame_000105.txt
train,/mnt/d/merged_fruit_36_clean_v2/yolo_fruit_dataset/_tmp_frames/orange_fresh_03_cut_open_hardcase_frame_000135.jpg,/mnt/d/merged_fruit_36_clean_v2/yolo_fruit_dataset/images/train/orange_fresh_03_cut_open_hardcase_frame_000135.jpg,/mnt/d/merged_fruit_36_clean_v2/yolo_fruit_dataset/labels/train/orange_fresh_03_cut_open_hardcase_frame_000135.txt
train,/mnt/d/merged_fruit_36_clean_v2/yolo_fruit_dataset/_tmp_frames/apple_fresh_02_real_context_frame_000390.jpg,/mnt/d/merged_fruit_36_clean_v2/yolo_fruit_dataset/images/train/apple_fresh_02_real_context_frame_000390.jpg,/mnt/d/merged_fruit_36_clean_v2/yolo_fruit_dataset/labels/train/apple_fresh_02_real_context_frame_000390.txt
train,/mnt/d/merged_fruit_36_clean_v2/yolo_fruit_dataset/_tmp_frames/potato_fresh_01_clear_closeup_frame_000105.jpg,/mnt/d/merged_fruit_36_clean_v2/yolo_fruit_dataset/images/train/potato_fresh_01_clear_closeup_frame_000105.jpg,/mnt/d/merged_fruit_36_clean_v2/yolo_fruit_dataset/labels/train/potato_fresh_01_clear_closeup_frame_000105.txt
train,/mnt/d/merged_fruit_36_clean_v2/yolo_fruit_dataset/_tmp_frames/strawberry_rotten_03_hardcase_rotten_frame_000585.jpg,/mnt/d/merged_fruit_36_clean_v2/yolo_fruit_dataset/images/train/strawberry_rotten_03_hardcase_rotten_frame_000585.jpg,/mnt/d/merged_fruit_36_clean_v2/yolo_fruit_dataset/labels/train/strawberry_rotten_03_hardcase_rotten_frame_000585.txt
train,/mnt/d/merged_fruit_36_clean_v2/yolo_fruit_dataset/_tmp_frames/grape_fresh_01_clear_closeup_frame_001350.jpg,/mnt/d/merged_fruit_36_clean_v2/yolo_fruit_dataset/images/train/grape_fresh_01_clear_closeup_frame_001350.jpg,/mnt/d/merged_fruit_36_clean_v2/yolo_fruit_dataset/labels/train/grape_fresh_01_clear_closeup_frame_001350.txt
train,/mnt/d/merged_fruit_36_clean_v2/yolo_fruit_dataset/_tmp_frames/lemon_fresh_03_cut_open_hardcase_frame_000570.jpg,/mnt/d/merged_fruit_36_clean_v2/yolo_fruit_dataset/images/train/lemon_fresh_03_cut_open_hardcase_frame_000570.jpg,/mnt/d/merged_fruit_36_clean_v2/yolo_fruit_dataset/labels/train/lemon_fresh_03_cut_open_hardcase_frame_000570.txt
train,/mnt/d/merged_fruit_36_clean_v2/yolo_fruit_dataset/_tmp_frames/potato_fresh_02_real_context_frame_000135.jpg,/mnt/d/merged_fruit_36_clean_v2/yolo_fruit_dataset/images/train/potato_fresh_02_real_context_frame_000135.jpg,/mnt/d/merged_fruit_36_clean_v2/yolo_fruit_dataset/labels/train/potato_fresh_02_real_context_frame_000135.txt
train,/mnt/d/merged_fruit_36_clean_v2/yolo_fruit_dataset/_tmp_frames/banana_fresh_03_hardcase_frame_001035.jpg,/mnt/d/merged_fruit_36_clean_v2/yolo_fruit_dataset/images/train/banana_fresh_03_hardcase_frame_001035.jpg,/mnt/d/merged_fruit_36_clean_v2/yolo_fruit_dataset/labels/train/banana_fresh_03_hardcase_frame_001035.txt
train,/mnt/d/merged_fruit_36_clean_v2/yolo_fruit_dataset/_tmp_frames/tomato_fresh_03_cut_open_hardcase_frame_000210.jpg,/mnt/d/merged_fruit_36_clean_v2/yolo_fruit_dataset/images/train/tomato_fresh_03_cut_open_hardcase_frame_000210.jpg,/mnt/d/merged_fruit_36_clean_v2/yolo_fruit_dataset/labels/train/tomato_fresh_03_cut_open_hardcase_frame_000210.txt
train,/mnt/d/merged_fruit_36_clean_v2/yolo_fruit_dataset/_tmp_frames/apple_fresh_02_real_context_frame_000570.jpg,/mnt/d/merged_fruit_36_clean_v2/yolo_fruit_dataset/images/train/apple_fresh_02_real_context_frame_000570.jpg,/mnt/d/merged_fruit_36_clean_v2/yolo_fruit_dataset/labels/train/apple_fresh_02_real_context_frame_000570.txt
train,/mnt/d/merged_fruit_36_clean_v2/yolo_fruit_dataset/_tmp_frames/banana_fresh_03_hardcase_frame_001005.jpg,/mnt/d/merged_fruit_36_clean_v2/yolo_fruit_dataset/images/train/banana_fresh_03_hardcase_frame_001005.jpg,/mnt/d/merged_fruit_36_clean_v2/yolo_fruit_dataset/labels/train/banana_fresh_03_hardcase_frame_001005.txt
train,/mnt/d/merged_fruit_36_clean_v2/yolo_fruit_dataset/_tmp_frames/grape_fresh_02_real_context_frame_001260.jpg,/mnt/d/merged_fruit_36_clean_v2/yolo_fruit_dataset/images/train/grape_fresh_02_real_context_frame_001260.jpg,/mnt/d/merged_fruit_36_clean_v2/yolo_fruit_dataset/labels/train/grape_fresh_02_real_context_frame_001260.txt
train,/mnt/d/merged_fruit_36_clean_v2/yolo_fruit_dataset/_tmp_frames/grape_fresh_03_on_tree_hardcase_frame_000360.jpg,/mnt/d/merged_fruit_36_clean_v2/yolo_fruit_dataset/images/train/grape_fresh_03_on_tree_hardcase_frame_000360.jpg,/mnt/d/merged_fruit_36_clean_v2/yolo_fruit_dataset/labels/train/grape_fresh_03_on_tree_hardcase_frame_000360.txt
train,/mnt/d/merged_fruit_36_clean_v2/yolo_fruit_dataset/_tmp_frames/bellpepper_fresh_02_real_context_frame_000675.jpg,/mnt/d/merged_fruit_36_clean_v2/yolo_fruit_dataset/images/train/bellpepper_fresh_02_real_context_frame_000675.jpg,/mnt/d/merged_fruit_36_clean_v2/yolo_fruit_dataset/labels/train/bellpepper_fresh_02_real_context_frame_000675.txt
train,/mnt/d/merged_fruit_36_clean_v2/yolo_fruit_dataset/_tmp_frames/cucumber_fresh_03_cut_open_hardcase_frame_000165.jpg,/mnt/d/merged_fruit_36_clean_v2/yolo_fruit_dataset/images/train/cucumber_fresh_03_cut_open_hardcase_frame_000165.jpg,/mnt/d/merged_fruit_36_clean_v2/yolo_fruit_dataset/labels/train/cucumber_fresh_03_cut_open_hardcase_frame_000165.txt
train,/mnt/d/merged_fruit_36_clean_v2/yolo_fruit_dataset/_tmp_frames/pomegranate_fresh_01_clear_closeup_frame_000090.jpg,/mnt/d/merged_fruit_36_clean_v2/yolo_fruit_dataset/images/train/pomegranate_fresh_01_clear_closeup_frame_000090.jpg,/mnt/d/merged_fruit_36_clean_v2/yolo_fruit_dataset/labels/train/pomegranate_fresh_01_clear_closeup_frame_000090.txt
train,/mnt/d/merged_fruit_36_clean_v2/yolo_fruit_dataset/_tmp_frames/jujube_fresh_01_clear_closeup_frame_000045.jpg,/mnt/d/merged_fruit_36_clean_v2/yolo_fruit_dataset/images/train/jujube_fresh_01_clear_closeup_frame_000045.jpg,/mnt/d/merged_fruit_36_clean_v2/yolo_fruit_dataset/labels/train/jujube_fresh_01_clear_closeup_frame_000045.txt
train,/mnt/d/merged_fruit_36_clean_v2/yolo_fruit_dataset/_tmp_frames/bellpepper_fresh_03_cut_open_hardcase_frame_000075.jpg,/mnt/d/merged_fruit_36_clean_v2/yolo_fruit_dataset/images/train/bellpepper_fresh_03_cut_open_hardcase_frame_000075.jpg,/mnt/d/merged_fruit_36_clean_v2/yolo_fruit_dataset/labels/train/bellpepper_fresh_03_cut_open_hardcase_frame_000075.txt
train,/mnt/d/merged_fruit_36_clean_v2/yolo_fruit_dataset/_tmp_frames/bellpepper_fresh_03_cut_open_hardcase_frame_000195.jpg,/mnt/d/merged_fruit_36_clean_v2/yolo_fruit_dataset/images/train/bellpepper_fresh_03_cut_open_hardcase_frame_000195.jpg,/mnt/d/merged_fruit_36_clean_v2/yolo_fruit_dataset/labels/train/bellpepper_fresh_03_cut_open_hardcase_frame_000195.txt
train,/mnt/d/merged_fruit_36_clean_v2/yolo_fruit_dataset/_tmp_frames/banana_rotten_03_hardcase_rotten_frame_000270.jpg,/mnt/d/merged_fruit_36_clean_v2/yolo_fruit_dataset/images/train/banana_rotten_03_hardcase_rotten_frame_000270.jpg,/mnt/d/merged_fruit_36_clean_v2/yolo_fruit_dataset/labels/train/banana_rotten_03_hardcase_rotten_frame_000270.txt
train,/mnt/d/merged_fruit_36_clean_v2/yolo_fruit_dataset/_tmp_frames/carrot_fresh_01_clear_closeup_frame_000180.jpg,/mnt/d/merged_fruit_36_clean_v2/yolo_fruit_dataset/images/train/carrot_fresh_01_clear_closeup_frame_000180.jpg,/mnt/d/merged_fruit_36_clean_v2/yolo_fruit_dataset/labels/train/carrot_fresh_01_clear_closeup_frame_000180.txt
train,/mnt/d/merged_fruit_36_clean_v2/yolo_fruit_dataset/_tmp_frames/lemon_rotten_01_mild_rotten_frame_000000.jpg,/mnt/d/merged_fruit_36_clean_v2/yolo_fruit_dataset/images/train/lemon_rotten_01_mild_rotten_frame_000000.jpg,/mnt/d/merged_fruit_36_clean_v2/yolo_fruit_dataset/labels/train/lemon_rotten_01_mild_rotten_frame_000000.txt
train,/mnt/d/merged_fruit_36_clean_v2/yolo_fruit_dataset/_tmp_frames/peach_fresh_01_clear_closeup_frame_000240.jpg,/mnt/d/merged_fruit_36_clean_v2/yolo_fruit_dataset/images/train/peach_fresh_01_clear_closeup_frame_000240.jpg,/mnt/d/merged_fruit_36_clean_v2/yolo_fruit_dataset/labels/train/peach_fresh_01_clear_closeup_frame_000240.txt
train,/mnt/d/merged_fruit_36_clean_v2/yolo_fruit_dataset/_tmp_frames/bellpepper_fresh_01_clear_closeup_frame_000135.jpg,/mnt/d/merged_fruit_36_clean_v2/yolo_fruit_dataset/images/train/bellpepper_fresh_01_clear_closeup_frame_000135.jpg,/mnt/d/merged_fruit_36_clean_v2/yolo_fruit_dataset/labels/train/bellpepper_fresh_01_clear_closeup_frame_000135.txt
train,/mnt/d/merged_fruit_36_clean_v2/yolo_fruit_dataset/_tmp_frames/orange_fresh_01_clear_closeup_frame_000240.jpg,/mnt/d/merged_fruit_36_clean_v2/yolo_fruit_dataset/images/train/orange_fresh_01_clear_closeup_frame_000240.jpg,/mnt/d/merged_fruit_36_clean_v2/yolo_fruit_dataset/labels/train/orange_fresh_01_clear_closeup_frame_000240.txt
train,/mnt/d/merged_fruit_36_clean_v2/yolo_fruit_dataset/_tmp_frames/banana_rotten_03_hardcase_rotten_frame_000255.jpg,/mnt/d/merged_fruit_36_clean_v2/yolo_fruit_dataset/images/train/banana_rotten_03_hardcase_rotten_frame_000255.jpg,/mnt/d/merged_fruit_36_clean_v2/yolo_fruit_dataset/labels/train/banana_rotten_03_hardcase_rotten_frame_000255.txt
train,/mnt/d/merged_fruit_36_clean_v2/yolo_fruit_dataset/_tmp_frames/guava_fresh_01_clear_closeup_frame_000030.jpg,/mnt/d/merged_fruit_36_clean_v2/yolo_fruit_dataset/images/train/guava_fresh_01_clear_closeup_frame_000030.jpg,/mnt/d/merged_fruit_36_clean_v2/yolo_fruit_dataset/labels/train/guava_fresh_01_clear_closeup_frame_000030.txt
train,/mnt/d/merged_fruit_36_clean_v2/yolo_fruit_dataset/_tmp_frames/grape_fresh_03_on_tree_hardcase_frame_000510.jpg,/mnt/d/merged_fruit_36_clean_v2/yolo_fruit_dataset/images/train/grape_fresh_03_on_tree_hardcase_frame_000510.jpg,/mnt/d/merged_fruit_36_clean_v2/yolo_fruit_dataset/labels/train/grape_fresh_03_on_tree_hardcase_frame_000510.txt
train,/mnt/d/merged_fruit_36_clean_v2/yolo_fruit_dataset/_tmp_frames/banana_rotten_01_mild_rotten_frame_000330.jpg,/mnt/d/merged_fruit_36_clean_v2/yolo_fruit_dataset/images/train/banana_rotten_01_mild_rotten_frame_000330.jpg,/mnt/d/merged_fruit_36_clean_v2/yolo_fruit_dataset/labels/train/banana_rotten_01_mild_rotten_frame_000330.txt
train,/mnt/d/merged_fruit_36_clean_v2/yolo_fruit_dataset/_tmp_frames/bellpepper_fresh_02_real_context_frame_000690.jpg,/mnt/d/merged_fruit_36_clean_v2/yolo_fruit_dataset/images/train/bellpepper_fresh_02_real_context_frame_000690.jpg,/mnt/d/merged_fruit_36_clean_v2/yolo_fruit_dataset/labels/train/bellpepper_fresh_02_real_context_frame_000690.txt
train,/mnt/d/merged_fruit_36_clean_v2/yolo_fruit_dataset/_tmp_frames/potato_rotten_01_mild_rotten_frame_000195.jpg,/mnt/d/merged_fruit_36_clean_v2/yolo_fruit_dataset/images/train/potato_rotten_01_mild_rotten_frame_000195.jpg,/mnt/d/merged_fruit_36_clean_v2/yolo_fruit_dataset/labels/train/potato_rotten_01_mild_rotten_frame_000195.txt
train,/mnt/d/merged_fruit_36_clean_v2/yolo_fruit_dataset/_tmp_frames/pomegranate_rotten_02_mold_dark_rotten_frame_000000.jpg,/mnt/d/merged_fruit_36_clean_v2/yolo_fruit_dataset/images/train/pomegranate_rotten_02_mold_dark_rotten_frame_000000.jpg,/mnt/d/merged_fruit_36_clean_v2/yolo_fruit_dataset/labels/train/pomegranate_rotten_02_mold_dark_rotten_frame_000000.txt
train,/mnt/d/merged_fruit_36_clean_v2/yolo_fruit_dataset/_tmp_frames/apple_fresh_02_real_context_frame_000690.jpg,/mnt/d/merged_fruit_36_clean_v2/yolo_fruit_dataset/images/train/apple_fresh_02_real_context_frame_000690.jpg,/mnt/d/merged_fruit_36_clean_v2/yolo_fruit_dataset/labels/train/apple_fresh_02_real_context_frame_000690.txt
train,/mnt/d/merged_fruit_36_clean_v2/yolo_fruit_dataset/_tmp_frames/carrot_rotten_02_mold_soft_rotten_frame_000375.jpg,/mnt/d/merged_fruit_36_clean_v2/yolo_fruit_dataset/images/train/carrot_rotten_02_mold_soft_rotten_frame_000375.jpg,/mnt/d/merged_fruit_36_clean_v2/yolo_fruit_dataset/labels/train/carrot_rotten_02_mold_soft_rotten_frame_000375.txt
train,/mnt/d/merged_fruit_36_clean_v2/yolo_fruit_dataset/_tmp_frames/potato_rotten_02_sprout_green_rotten_frame_000735.jpg,/mnt/d/merged_fruit_36_clean_v2/yolo_fruit_dataset/images/train/potato_rotten_02_sprout_green_rotten_frame_000735.jpg,/mnt/d/merged_fruit_36_clean_v2/yolo_fruit_dataset/labels/train/potato_rotten_02_sprout_green_rotten_frame_000735.txt
train,/mnt/d/merged_fruit_36_clean_v2/yolo_fruit_dataset/_tmp_frames/carrot_rotten_02_mold_soft_rotten_frame_000270.jpg,/mnt/d/merged_fruit_36_clean_v2/yolo_fruit_dataset/images/train/carrot_rotten_02_mold_soft_rotten_frame_000270.jpg,/mnt/d/merged_fruit_36_clean_v2/yolo_fruit_dataset/labels/train/carrot_rotten_02_mold_soft_rotten_frame_000270.txt
train,/mnt/d/merged_fruit_36_clean_v2/yolo_fruit_dataset/_tmp_frames/pomegranate_rotten_02_mold_dark_rotten_frame_000165.jpg,/mnt/d/merged_fruit_36_clean_v2/yolo_fruit_dataset/images/train/pomegranate_rotten_02_mold_dark_rotten_frame_000165.jpg,/mnt/d/merged_fruit_36_clean_v2/yolo_fruit_dataset/labels/train/pomegranate_rotten_02_mold_dark_rotten_frame_000165.txt
train,/mnt/d/merged_fruit_36_clean_v2/yolo_fruit_dataset/_tmp_frames/bellpepper_fresh_02_real_context_frame_000285.jpg,/mnt/d/merged_fruit_36_clean_v2/yolo_fruit_dataset/images/train/bellpepper_fresh_02_real_context_frame_000285.jpg,/mnt/d/merged_fruit_36_clean_v2/yolo_fruit_dataset/labels/train/bellpepper_fresh_02_real_context_frame_000285.txt
train,/mnt/d/merged_fruit_36_clean_v2/yolo_fruit_dataset/_tmp_frames/orange_fresh_01_clear_closeup_frame_000135.jpg,/mnt/d/merged_fruit_36_clean_v2/yolo_fruit_dataset/images/train/orange_fresh_01_clear_closeup_frame_000135.jpg,/mnt/d/merged_fruit_36_clean_v2/yolo_fruit_dataset/labels/train/orange_fresh_01_clear_closeup_frame_000135.txt
train,/mnt/d/merged_fruit_36_clean_v2/yolo_fruit_dataset/_tmp_frames/grape_fresh_02_real_context_frame_000090.jpg,/mnt/d/merged_fruit_36_clean_v2/yolo_fruit_dataset/images/train/grape_fresh_02_real_context_frame_000090.jpg,/mnt/d/merged_fruit_36_clean_v2/yolo_fruit_dataset/labels/train/grape_fresh_02_real_context_frame_000090.txt
train,/mnt/d/merged_fruit_36_clean_v2/yolo_fruit_dataset/_tmp_frames/strawberry_rotten_03_hardcase_rotten_frame_000375.jpg,/mnt/d/merged_fruit_36_clean_v2/yolo_fruit_dataset/images/train/strawberry_rotten_03_hardcase_rotten_frame_000375.jpg,/mnt/d/merged_fruit_36_clean_v2/yolo_fruit_dataset/labels/train/strawberry_rotten_03_hardcase_rotten_frame_000375.txt
train,/mnt/d/merged_fruit_36_clean_v2/yolo_fruit_dataset/_tmp_frames/apple_rotten_01_mild_rotten_frame_000570.jpg,/mnt/d/merged_fruit_36_clean_v2/yolo_fruit_dataset/images/train/apple_rotten_01_mild_rotten_frame_000570.jpg,/mnt/d/merged_fruit_36_clean_v2/yolo_fruit_dataset/labels/train/apple_rotten_01_mild_rotten_frame_000570.txt
train,/mnt/d/merged_fruit_36_clean_v2/yolo_fruit_dataset/_tmp_frames/cucumber_fresh_03_cut_open_hardcase_frame_000015.jpg,/mnt/d/merged_fruit_36_clean_v2/yolo_fruit_dataset/images/train/cucumber_fresh_03_cut_open_hardcase_frame_000015.jpg,/mnt/d/merged_fruit_36_clean_v2/yolo_fruit_dataset/labels/train/cucumber_fresh_03_cut_open_hardcase_frame_000015.txt
train,/mnt/d/merged_fruit_36_clean_v2/yolo_fruit_dataset/_tmp_frames/strawberry_rotten_03_hardcase_rotten_frame_000255.jpg,/mnt/d/merged_fruit_36_clean_v2/yolo_fruit_dataset/images/train/strawberry_rotten_03_hardcase_rotten_frame_000255.jpg,/mnt/d/merged_fruit_36_clean_v2/yolo_fruit_dataset/labels/train/strawberry_rotten_03_hardcase_rotten_frame_000255.txt
train,/mnt/d/merged_fruit_36_clean_v2/yolo_fruit_dataset/_tmp_frames/mango_rotten_02_black_bruised_rotten_frame_000300.jpg,/mnt/d/merged_fruit_36_clean_v2/yolo_fruit_dataset/images/train/mango_rotten_02_black_bruised_rotten_frame_000300.jpg,/mnt/d/merged_fruit_36_clean_v2/yolo_fruit_dataset/labels/train/mango_rotten_02_black_bruised_rotten_frame_000300.txt
train,/mnt/d/merged_fruit_36_clean_v2/yolo_fruit_dataset/_tmp_frames/peach_rotten_02_mold_bruised_rotten_frame_000435.jpg,/mnt/d/merged_fruit_36_clean_v2/yolo_fruit_dataset/images/train/peach_rotten_02_mold_bruised_rotten_frame_000435.jpg,/mnt/d/merged_fruit_36_clean_v2/yolo_fruit_dataset/labels/train/peach_rotten_02_mold_bruised_rotten_frame_000435.txt
train,/mnt/d/merged_fruit_36_clean_v2/yolo_fruit_dataset/_tmp_frames/lemon_fresh_03_cut_open_hardcase_frame_000330.jpg,/mnt/d/merged_fruit_36_clean_v2/yolo_fruit_dataset/images/train/lemon_fresh_03_cut_open_hardcase_frame_000330.jpg,/mnt/d/merged_fruit_36_clean_v2/yolo_fruit_dataset/labels/train/lemon_fresh_03_cut_open_hardcase_frame_000330.txt
train,/mnt/d/merged_fruit_36_clean_v2/yolo_fruit_dataset/_tmp_frames/carambola_rotten_02_mold_bruised_rotten_frame_000330.jpg,/mnt/d/merged_fruit_36_clean_v2/yolo_fruit_dataset/images/train/carambola_rotten_02_mold_bruised_rotten_frame_000330.jpg,/mnt/d/merged_fruit_36_clean_v2/yolo_fruit_dataset/labels/train/carambola_rotten_02_mold_bruised_rotten_frame_000330.txt
train,/mnt/d/merged_fruit_36_clean_v2/yolo_fruit_dataset/_tmp_frames/carambola_fresh_02_real_context_frame_000015.jpg,/mnt/d/merged_fruit_36_clean_v2/yolo_fruit_dataset/images/train/carambola_fresh_02_real_context_frame_000015.jpg,/mnt/d/merged_fruit_36_clean_v2/yolo_fruit_dataset/labels/train/carambola_fresh_02_real_context_frame_000015.txt
train,/mnt/d/merged_fruit_36_clean_v2/yolo_fruit_dataset/_tmp_frames/potato_rotten_02_sprout_green_rotten_frame_000180.jpg,/mnt/d/merged_fruit_36_clean_v2/yolo_fruit_dataset/images/train/potato_rotten_02_sprout_green_rotten_frame_000180.jpg,/mnt/d/merged_fruit_36_clean_v2/yolo_fruit_dataset/labels/train/potato_rotten_02_sprout_green_rotten_frame_000180.txt
train,/mnt/d/merged_fruit_36_clean_v2/yolo_fruit_dataset/_tmp_frames/grape_fresh_01_clear_closeup_frame_000930.jpg,/mnt/d/merged_fruit_36_clean_v2/yolo_fruit_dataset/images/train/grape_fresh_01_clear_closeup_frame_000930.jpg,/mnt/d/merged_fruit_36_clean_v2/yolo_fruit_dataset/labels/train/grape_fresh_01_clear_closeup_frame_000930.txt
train,/mnt/d/merged_fruit_36_clean_v2/yolo_fruit_dataset/_tmp_frames/carambola_fresh_03_on_tree_hardcase_frame_000480.jpg,/mnt/d/merged_fruit_36_clean_v2/yolo_fruit_dataset/images/train/carambola_fresh_03_on_tree_hardcase_frame_000480.jpg,/mnt/d/merged_fruit_36_clean_v2/yolo_fruit_dataset/labels/train/carambola_fresh_03_on_tree_hardcase_frame_000480.txt
train,/mnt/d/merged_fruit_36_clean_v2/yolo_fruit_dataset/_tmp_frames/carrot_fresh_02_real_context_frame_000105.jpg,/mnt/d/merged_fruit_36_clean_v2/yolo_fruit_dataset/images/train/carrot_fresh_02_real_context_frame_000105.jpg,/mnt/d/merged_fruit_36_clean_v2/yolo_fruit_dataset/labels/train/carrot_fresh_02_real_context_frame_000105.txt
train,/mnt/d/merged_fruit_36_clean_v2/yolo_fruit_dataset/_tmp_frames/grape_fresh_02_real_context_frame_001245.jpg,/mnt/d/merged_fruit_36_clean_v2/yolo_fruit_dataset/images/train/grape_fresh_02_real_context_frame_001245.jpg,/mnt/d/merged_fruit_36_clean_v2/yolo_fruit_dataset/labels/train/grape_fresh_02_real_context_frame_001245.txt
train,/mnt/d/merged_fruit_36_clean_v2/yolo_fruit_dataset/_tmp_frames/grape_rotten_03_hardcase_rotten_frame_000075.jpg,/mnt/d/merged_fruit_36_clean_v2/yolo_fruit_dataset/images/train/grape_rotten_03_hardcase_rotten_frame_000075.jpg,/mnt/d/merged_fruit_36_clean_v2/yolo_fruit_dataset/labels/train/grape_rotten_03_hardcase_rotten_frame_000075.txt
train,/mnt/d/merged_fruit_36_clean_v2/yolo_fruit_dataset/_tmp_frames/grape_fresh_01_clear_closeup_frame_000780.jpg,/mnt/d/merged_fruit_36_clean_v2/yolo_fruit_dataset/images/train/grape_fresh_01_clear_closeup_frame_000780.jpg,/mnt/d/merged_fruit_36_clean_v2/yolo_fruit_dataset/labels/train/grape_fresh_01_clear_closeup_frame_000780.txt
train,/mnt/d/merged_fruit_36_clean_v2/yolo_fruit_dataset/_tmp_frames/apple_rotten_01_mild_rotten_frame_000075.jpg,/mnt/d/merged_fruit_36_clean_v2/yolo_fruit_dataset/images/train/apple_rotten_01_mild_rotten_frame_000075.jpg,/mnt/d/merged_fruit_36_clean_v2/yolo_fruit_dataset/labels/train/apple_rotten_01_mild_rotten_frame_000075.txt
train,/mnt/d/merged_fruit_36_clean_v2/yolo_fruit_dataset/_tmp_frames/tomato_rotten_02_soft_mold_rotten_frame_000240.jpg,/mnt/d/merged_fruit_36_clean_v2/yolo_fruit_dataset/images/train/tomato_rotten_02_soft_mold_rotten_frame_000240.jpg,/mnt/d/merged_fruit_36_clean_v2/yolo_fruit_dataset/labels/train/tomato_rotten_02_soft_mold_rotten_frame_000240.txt
train,/mnt/d/merged_fruit_36_clean_v2/yolo_fruit_dataset/_tmp_frames/cucumber_fresh_03_cut_open_hardcase_frame_000285.jpg,/mnt/d/merged_fruit_36_clean_v2/yolo_fruit_dataset/images/train/cucumber_fresh_03_cut_open_hardcase_frame_000285.jpg,/mnt/d/merged_fruit_36_clean_v2/yolo_fruit_dataset/labels/train/cucumber_fresh_03_cut_open_hardcase_frame_000285.txt
train,/mnt/d/merged_fruit_36_clean_v2/yolo_fruit_dataset/_tmp_frames/apple_fresh_02_real_context_frame_000705.jpg,/mnt/d/merged_fruit_36_clean_v2/yolo_fruit_dataset/images/train/apple_fresh_02_real_context_frame_000705.jpg,/mnt/d/merged_fruit_36_clean_v2/yolo_fruit_dataset/labels/train/apple_fresh_02_real_context_frame_000705.txt
train,/mnt/d/merged_fruit_36_clean_v2/yolo_fruit_dataset/_tmp_frames/apple_rotten_02_mold_bruised_rotten_frame_000195.jpg,/mnt/d/merged_fruit_36_clean_v2/yolo_fruit_dataset/images/train/apple_rotten_02_mold_bruised_rotten_frame_000195.jpg,/mnt/d/merged_fruit_36_clean_v2/yolo_fruit_dataset/labels/train/apple_rotten_02_mold_bruised_rotten_frame_000195.txt
train,/mnt/d/merged_fruit_36_clean_v2/yolo_fruit_dataset/_tmp_frames/peach_rotten_02_mold_bruised_rotten_frame_000300.jpg,/mnt/d/merged_fruit_36_clean_v2/yolo_fruit_dataset/images/train/peach_rotten_02_mold_bruised_rotten_frame_000300.jpg,/mnt/d/merged_fruit_36_clean_v2/yolo_fruit_dataset/labels/train/peach_rotten_02_mold_bruised_rotten_frame_000300.txt
train,/mnt/d/merged_fruit_36_clean_v2/yolo_fruit_dataset/_tmp_frames/avocado_rotten_03_hardcase_rotten_frame_000075.jpg,/mnt/d/merged_fruit_36_clean_v2/yolo_fruit_dataset/images/train/avocado_rotten_03_hardcase_rotten_frame_000075.jpg,/mnt/d/merged_fruit_36_clean_v2/yolo_fruit_dataset/labels/train/avocado_rotten_03_hardcase_rotten_frame_000075.txt
train,/mnt/d/merged_fruit_36_clean_v2/yolo_fruit_dataset/_tmp_frames/avocado_fresh_01_clear_closeup_frame_000390.jpg,/mnt/d/merged_fruit_36_clean_v2/yolo_fruit_dataset/images/train/avocado_fresh_01_clear_closeup_frame_000390.jpg,/mnt/d/merged_fruit_36_clean_v2/yolo_fruit_dataset/labels/train/avocado_fresh_01_clear_closeup_frame_000390.txt
train,/mnt/d/merged_fruit_36_clean_v2/yolo_fruit_dataset/_tmp_frames/pomegranate_fresh_03_cut_open_hardcase_frame_000180.jpg,/mnt/d/merged_fruit_36_clean_v2/yolo_fruit_dataset/images/train/pomegranate_fresh_03_cut_open_hardcase_frame_000180.jpg,/mnt/d/merged_fruit_36_clean_v2/yolo_fruit_dataset/labels/train/pomegranate_fresh_03_cut_open_hardcase_frame_000180.txt
train,/mnt/d/merged_fruit_36_clean_v2/yolo_fruit_dataset/_tmp_frames/orange_rotten_02_mold_soft_rotten_frame_000435.jpg,/mnt/d/merged_fruit_36_clean_v2/yolo_fruit_dataset/images/train/orange_rotten_02_mold_soft_rotten_frame_000435.jpg,/mnt/d/merged_fruit_36_clean_v2/yolo_fruit_dataset/labels/train/orange_rotten_02_mold_soft_rotten_frame_000435.txt
train,/mnt/d/merged_fruit_36_clean_v2/yolo_fruit_dataset/_tmp_frames/pomegranate_fresh_01_clear_closeup_frame_000180.jpg,/mnt/d/merged_fruit_36_clean_v2/yolo_fruit_dataset/images/train/pomegranate_fresh_01_clear_closeup_frame_000180.jpg,/mnt/d/merged_fruit_36_clean_v2/yolo_fruit_dataset/labels/train/pomegranate_fresh_01_clear_closeup_frame_000180.txt
train,/mnt/d/merged_fruit_36_clean_v2/yolo_fruit_dataset/_tmp_frames/orange_fresh_03_cut_open_hardcase_frame_000150.jpg,/mnt/d/merged_fruit_36_clean_v2/yolo_fruit_dataset/images/train/orange_fresh_03_cut_open_hardcase_frame_000150.jpg,/mnt/d/merged_fruit_36_clean_v2/yolo_fruit_dataset/labels/train/orange_fresh_03_cut_open_hardcase_frame_000150.txt
train,/mnt/d/merged_fruit_36_clean_v2/yolo_fruit_dataset/_tmp_frames/jujube_fresh_02_real_context_frame_000135.jpg,/mnt/d/merged_fruit_36_clean_v2/yolo_fruit_dataset/images/train/jujube_fresh_02_real_context_frame_000135.jpg,/mnt/d/merged_fruit_36_clean_v2/yolo_fruit_dataset/labels/train/jujube_fresh_02_real_context_frame_000135.txt
train,/mnt/d/merged_fruit_36_clean_v2/yolo_fruit_dataset/_tmp_frames/grape_fresh_02_real_context_frame_001215.jpg,/mnt/d/merged_fruit_36_clean_v2/yolo_fruit_dataset/images/train/grape_fresh_02_real_context_frame_001215.jpg,/mnt/d/merged_fruit_36_clean_v2/yolo_fruit_dataset/labels/train/grape_fresh_02_real_context_frame_001215.txt
train,/mnt/d/merged_fruit_36_clean_v2/yolo_fruit_dataset/_tmp_frames/orange_rotten_03_hardcase_rotten_frame_000030.jpg,/mnt/d/merged_fruit_36_clean_v2/yolo_fruit_dataset/images/train/orange_rotten_03_hardcase_rotten_frame_000030.jpg,/mnt/d/merged_fruit_36_clean_v2/yolo_fruit_dataset/labels/train/orange_rotten_03_hardcase_rotten_frame_000030.txt
train,/mnt/d/merged_fruit_36_clean_v2/yolo_fruit_dataset/_tmp_frames/banana_fresh_03_hardcase_frame_000405.jpg,/mnt/d/merged_fruit_36_clean_v2/yolo_fruit_dataset/images/train/banana_fresh_03_hardcase_frame_000405.jpg,/mnt/d/merged_fruit_36_clean_v2/yolo_fruit_dataset/labels/train/banana_fresh_03_hardcase_frame_000405.txt
train,/mnt/d/merged_fruit_36_clean_v2/yolo_fruit_dataset/_tmp_frames/grape_fresh_01_clear_closeup_frame_000210.jpg,/mnt/d/merged_fruit_36_clean_v2/yolo_fruit_dataset/images/train/grape_fresh_01_clear_closeup_frame_000210.jpg,/mnt/d/merged_fruit_36_clean_v2/yolo_fruit_dataset/labels/train/grape_fresh_01_clear_closeup_frame_000210.txt
train,/mnt/d/merged_fruit_36_clean_v2/yolo_fruit_dataset/_tmp_frames/guava_fresh_02_real_context_frame_000105.jpg,/mnt/d/merged_fruit_36_clean_v2/yolo_fruit_dataset/images/train/guava_fresh_02_real_context_frame_000105.jpg,/mnt/d/merged_fruit_36_clean_v2/yolo_fruit_dataset/labels/train/guava_fresh_02_real_context_frame_000105.txt
train,/mnt/d/merged_fruit_36_clean_v2/yolo_fruit_dataset/_tmp_frames/potato_rotten_02_sprout_green_rotten_frame_000660.jpg,/mnt/d/merged_fruit_36_clean_v2/yolo_fruit_dataset/images/train/potato_rotten_02_sprout_green_rotten_frame_000660.jpg,/mnt/d/merged_fruit_36_clean_v2/yolo_fruit_dataset/labels/train/potato_rotten_02_sprout_green_rotten_frame_000660.txt
train,/mnt/d/merged_fruit_36_clean_v2/yolo_fruit_dataset/_tmp_frames/tomato_rotten_03_hardcase_rotten_frame_000090.jpg,/mnt/d/merged_fruit_36_clean_v2/yolo_fruit_dataset/images/train/tomato_rotten_03_hardcase_rotten_frame_000090.jpg,/mnt/d/merged_fruit_36_clean_v2/yolo_fruit_dataset/labels/train/tomato_rotten_03_hardcase_rotten_frame_000090.txt
train,/mnt/d/merged_fruit_36_clean_v2/yolo_fruit_dataset/_tmp_frames/tomato_fresh_03_cut_open_hardcase_frame_000030.jpg,/mnt/d/merged_fruit_36_clean_v2/yolo_fruit_dataset/images/train/tomato_fresh_03_cut_open_hardcase_frame_000030.jpg,/mnt/d/merged_fruit_36_clean_v2/yolo_fruit_dataset/labels/train/tomato_fresh_03_cut_open_hardcase_frame_000030.txt
train,/mnt/d/merged_fruit_36_clean_v2/yolo_fruit_dataset/_tmp_frames/strawberry_rotten_01_mild_rotten_frame_000075.jpg,/mnt/d/merged_fruit_36_clean_v2/yolo_fruit_dataset/images/train/strawberry_rotten_01_mild_rotten_frame_000075.jpg,/mnt/d/merged_fruit_36_clean_v2/yolo_fruit_dataset/labels/train/strawberry_rotten_01_mild_rotten_frame_000075.txt
train,/mnt/d/merged_fruit_36_clean_v2/yolo_fruit_dataset/_tmp_frames/apple_fresh_02_real_context_frame_000885.jpg,/mnt/d/merged_fruit_36_clean_v2/yolo_fruit_dataset/images/train/apple_fresh_02_real_context_frame_000885.jpg,/mnt/d/merged_fruit_36_clean_v2/yolo_fruit_dataset/labels/train/apple_fresh_02_real_context_frame_000885.txt
train,/mnt/d/merged_fruit_36_clean_v2/yolo_fruit_dataset/_tmp_frames/banana_fresh_01_clear_closeup_frame_000165.jpg,/mnt/d/merged_fruit_36_clean_v2/yolo_fruit_dataset/images/train/banana_fresh_01_clear_closeup_frame_000165.jpg,/mnt/d/merged_fruit_36_clean_v2/yolo_fruit_dataset/labels/train/banana_fresh_01_clear_closeup_frame_000165.txt
train,/mnt/d/merged_fruit_36_clean_v2/yolo_fruit_dataset/_tmp_frames/grape_fresh_03_on_tree_hardcase_frame_000450.jpg,/mnt/d/merged_fruit_36_clean_v2/yolo_fruit_dataset/images/train/grape_fresh_03_on_tree_hardcase_frame_000450.jpg,/mnt/d/merged_fruit_36_clean_v2/yolo_fruit_dataset/labels/train/grape_fresh_03_on_tree_hardcase_frame_000450.txt
train,/mnt/d/merged_fruit_36_clean_v2/yolo_fruit_dataset/_tmp_frames/grape_fresh_01_clear_closeup_frame_000630.jpg,/mnt/d/merged_fruit_36_clean_v2/yolo_fruit_dataset/images/train/grape_fresh_01_clear_closeup_frame_000630.jpg,/mnt/d/merged_fruit_36_clean_v2/yolo_fruit_dataset/labels/train/grape_fresh_01_clear_closeup_frame_000630.txt
train,/mnt/d/merged_fruit_36_clean_v2/yolo_fruit_dataset/_tmp_frames/guava_fresh_01_clear_closeup_frame_000060.jpg,/mnt/d/merged_fruit_36_clean_v2/yolo_fruit_dataset/images/train/guava_fresh_01_clear_closeup_frame_000060.jpg,/mnt/d/merged_fruit_36_clean_v2/yolo_fruit_dataset/labels/train/guava_fresh_01_clear_closeup_frame_000060.txt
train,/mnt/d/merged_fruit_36_clean_v2/yolo_fruit_dataset/_tmp_frames/jujube_fresh_01_clear_closeup_frame_000060.jpg,/mnt/d/merged_fruit_36_clean_v2/yolo_fruit_dataset/images/train/jujube_fresh_01_clear_closeup_frame_000060.jpg,/mnt/d/merged_fruit_36_clean_v2/yolo_fruit_dataset/labels/train/jujube_fresh_01_clear_closeup_frame_000060.txt
train,/mnt/d/merged_fruit_36_clean_v2/yolo_fruit_dataset/_tmp_frames/strawberry_rotten_03_hardcase_rotten_frame_000600.jpg,/mnt/d/merged_fruit_36_clean_v2/yolo_fruit_dataset/images/train/strawberry_rotten_03_hardcase_rotten_frame_000600.jpg,/mnt/d/merged_fruit_36_clean_v2/yolo_fruit_dataset/labels/train/strawberry_rotten_03_hardcase_rotten_frame_000600.txt
train,/mnt/d/merged_fruit_36_clean_v2/yolo_fruit_dataset/_tmp_frames/carrot_rotten_01_mild_rotten_frame_000225.jpg,/mnt/d/merged_fruit_36_clean_v2/yolo_fruit_dataset/images/train/carrot_rotten_01_mild_rotten_frame_000225.jpg,/mnt/d/merged_fruit_36_clean_v2/yolo_fruit_dataset/labels/train/carrot_rotten_01_mild_rotten_frame_000225.txt
train,/mnt/d/merged_fruit_36_clean_v2/yolo_fruit_dataset/_tmp_frames/cucumber_fresh_01_clear_closeup_frame_000285.jpg,/mnt/d/merged_fruit_36_clean_v2/yolo_fruit_dataset/images/train/cucumber_fresh_01_clear_closeup_frame_000285.jpg,/mnt/d/merged_fruit_36_clean_v2/yolo_fruit_dataset/labels/train/cucumber_fresh_01_clear_closeup_frame_000285.txt
train,/mnt/d/merged_fruit_36_clean_v2/yolo_fruit_dataset/_tmp_frames/mango_rotten_03_hardcase_rotten_frame_000045.jpg,/mnt/d/merged_fruit_36_clean_v2/yolo_fruit_dataset/images/train/mango_rotten_03_hardcase_rotten_frame_000045.jpg,/mnt/d/merged_fruit_36_clean_v2/yolo_fruit_dataset/labels/train/mango_rotten_03_hardcase_rotten_frame_000045.txt
train,/mnt/d/merged_fruit_36_clean_v2/yolo_fruit_dataset/_tmp_frames/avocado_rotten_02_black_inside_rotten_frame_000360.jpg,/mnt/d/merged_fruit_36_clean_v2/yolo_fruit_dataset/images/train/avocado_rotten_02_black_inside_rotten_frame_000360.jpg,/mnt/d/merged_fruit_36_clean_v2/yolo_fruit_dataset/labels/train/avocado_rotten_02_black_inside_rotten_frame_000360.txt
train,/mnt/d/merged_fruit_36_clean_v2/yolo_fruit_dataset/_tmp_frames/grape_fresh_03_on_tree_hardcase_frame_000165.jpg,/mnt/d/merged_fruit_36_clean_v2/yolo_fruit_dataset/images/train/grape_fresh_03_on_tree_hardcase_frame_000165.jpg,/mnt/d/merged_fruit_36_clean_v2/yolo_fruit_dataset/labels/train/grape_fresh_03_on_tree_hardcase_frame_000165.txt
train,/mnt/d/merged_fruit_36_clean_v2/yolo_fruit_dataset/_tmp_frames/apple_fresh_01_clear_closeup_frame_000045.jpg,/mnt/d/merged_fruit_36_clean_v2/yolo_fruit_dataset/images/train/apple_fresh_01_clear_closeup_frame_000045.jpg,/mnt/d/merged_fruit_36_clean_v2/yolo_fruit_dataset/labels/train/apple_fresh_01_clear_closeup_frame_000045.txt
train,/mnt/d/merged_fruit_36_clean_v2/yolo_fruit_dataset/_tmp_frames/guava_rotten_01_mild_rotten_frame_000135.jpg,/mnt/d/merged_fruit_36_clean_v2/yolo_fruit_dataset/images/train/guava_rotten_01_mild_rotten_frame_000135.jpg,/mnt/d/merged_fruit_36_clean_v2/yolo_fruit_dataset/labels/train/guava_rotten_01_mild_rotten_frame_000135.txt
train,/mnt/d/merged_fruit_36_clean_v2/yolo_fruit_dataset/_tmp_frames/apple_rotten_01_mild_rotten_frame_000090.jpg,/mnt/d/merged_fruit_36_clean_v2/yolo_fruit_dataset/images/train/apple_rotten_01_mild_rotten_frame_000090.jpg,/mnt/d/merged_fruit_36_clean_v2/yolo_fruit_dataset/labels/train/apple_rotten_01_mild_rotten_frame_000090.txt
train,/mnt/d/merged_fruit_36_clean_v2/yolo_fruit_dataset/_tmp_frames/grape_fresh_02_real_context_frame_001305.jpg,/mnt/d/merged_fruit_36_clean_v2/yolo_fruit_dataset/images/train/grape_fresh_02_real_context_frame_001305.jpg,/mnt/d/merged_fruit_36_clean_v2/yolo_fruit_dataset/labels/train/grape_fresh_02_real_context_frame_001305.txt
train,/mnt/d/merged_fruit_36_clean_v2/yolo_fruit_dataset/_tmp_frames/banana_fresh_03_hardcase_frame_000660.jpg,/mnt/d/merged_fruit_36_clean_v2/yolo_fruit_dataset/images/train/banana_fresh_03_hardcase_frame_000660.jpg,/mnt/d/merged_fruit_36_clean_v2/yolo_fruit_dataset/labels/train/banana_fresh_03_hardcase_frame_000660.txt
train,/mnt/d/merged_fruit_36_clean_v2/yolo_fruit_dataset/_tmp_frames/tomato_fresh_02_real_context_frame_000000.jpg,/mnt/d/merged_fruit_36_clean_v2/yolo_fruit_dataset/images/train/tomato_fresh_02_real_context_frame_000000.jpg,/mnt/d/merged_fruit_36_clean_v2/yolo_fruit_dataset/labels/train/tomato_fresh_02_real_context_frame_000000.txt
train,/mnt/d/merged_fruit_36_clean_v2/yolo_fruit_dataset/_tmp_frames/mango_rotten_03_hardcase_rotten_frame_000240.jpg,/mnt/d/merged_fruit_36_clean_v2/yolo_fruit_dataset/images/train/mango_rotten_03_hardcase_rotten_frame_000240.jpg,/mnt/d/merged_fruit_36_clean_v2/yolo_fruit_dataset/labels/train/mango_rotten_03_hardcase_rotten_frame_000240.txt
train,/mnt/d/merged_fruit_36_clean_v2/yolo_fruit_dataset/_tmp_frames/banana_fresh_03_hardcase_frame_000465.jpg,/mnt/d/merged_fruit_36_clean_v2/yolo_fruit_dataset/images/train/banana_fresh_03_hardcase_frame_000465.jpg,/mnt/d/merged_fruit_36_clean_v2/yolo_fruit_dataset/labels/train/banana_fresh_03_hardcase_frame_000465.txt
train,/mnt/d/merged_fruit_36_clean_v2/yolo_fruit_dataset/_tmp_frames/bellpepper_fresh_01_clear_closeup_frame_000045.jpg,/mnt/d/merged_fruit_36_clean_v2/yolo_fruit_dataset/images/train/bellpepper_fresh_01_clear_closeup_frame_000045.jpg,/mnt/d/merged_fruit_36_clean_v2/yolo_fruit_dataset/labels/train/bellpepper_fresh_01_clear_closeup_frame_000045.txt
train,/mnt/d/merged_fruit_36_clean_v2/yolo_fruit_dataset/_tmp_frames/banana_fresh_03_hardcase_frame_000840.jpg,/mnt/d/merged_fruit_36_clean_v2/yolo_fruit_dataset/images/train/banana_fresh_03_hardcase_frame_000840.jpg,/mnt/d/merged_fruit_36_clean_v2/yolo_fruit_dataset/labels/train/banana_fresh_03_hardcase_frame_000840.txt
train,/mnt/d/merged_fruit_36_clean_v2/yolo_fruit_dataset/_tmp_frames/grape_fresh_01_clear_closeup_frame_000960.jpg,/mnt/d/merged_fruit_36_clean_v2/yolo_fruit_dataset/images/train/grape_fresh_01_clear_closeup_frame_000960.jpg,/mnt/d/merged_fruit_36_clean_v2/yolo_fruit_dataset/labels/train/grape_fresh_01_clear_closeup_frame_000960.txt
train,/mnt/d/merged_fruit_36_clean_v2/yolo_fruit_dataset/_tmp_frames/jujube_fresh_03_on_tree_hardcase_frame_000285.jpg,/mnt/d/merged_fruit_36_clean_v2/yolo_fruit_dataset/images/train/jujube_fresh_03_on_tree_hardcase_frame_000285.jpg,/mnt/d/merged_fruit_36_clean_v2/yolo_fruit_dataset/labels/train/jujube_fresh_03_on_tree_hardcase_frame_000285.txt
train,/mnt/d/merged_fruit_36_clean_v2/yolo_fruit_dataset/_tmp_frames/potato_fresh_01_clear_closeup_frame_000675.jpg,/mnt/d/merged_fruit_36_clean_v2/yolo_fruit_dataset/images/train/potato_fresh_01_clear_closeup_frame_000675.jpg,/mnt/d/merged_fruit_36_clean_v2/yolo_fruit_dataset/labels/train/potato_fresh_01_clear_closeup_frame_000675.txt
train,/mnt/d/merged_fruit_36_clean_v2/yolo_fruit_dataset/_tmp_frames/tomato_fresh_01_clear_closeup_frame_000075.jpg,/mnt/d/merged_fruit_36_clean_v2/yolo_fruit_dataset/images/train/tomato_fresh_01_clear_closeup_frame_000075.jpg,/mnt/d/merged_fruit_36_clean_v2/yolo_fruit_dataset/labels/train/tomato_fresh_01_clear_closeup_frame_000075.txt
train,/mnt/d/merged_fruit_36_clean_v2/yolo_fruit_dataset/_tmp_frames/carrot_fresh_03_hardcase_frame_000060.jpg,/mnt/d/merged_fruit_36_clean_v2/yolo_fruit_dataset/images/train/carrot_fresh_03_hardcase_frame_000060.jpg,/mnt/d/merged_fruit_36_clean_v2/yolo_fruit_dataset/labels/train/carrot_fresh_03_hardcase_frame_000060.txt
train,/mnt/d/merged_fruit_36_clean_v2/yolo_fruit_dataset/_tmp_frames/banana_fresh_03_hardcase_frame_001305.jpg,/mnt/d/merged_fruit_36_clean_v2/yolo_fruit_dataset/images/train/banana_fresh_03_hardcase_frame_001305.jpg,/mnt/d/merged_fruit_36_clean_v2/yolo_fruit_dataset/labels/train/banana_fresh_03_hardcase_frame_001305.txt
train,/mnt/d/merged_fruit_36_clean_v2/yolo_fruit_dataset/_tmp_frames/mango_rotten_03_hardcase_rotten_frame_000225.jpg,/mnt/d/merged_fruit_36_clean_v2/yolo_fruit_dataset/images/train/mango_rotten_03_hardcase_rotten_frame_000225.jpg,/mnt/d/merged_fruit_36_clean_v2/yolo_fruit_dataset/labels/train/mango_rotten_03_hardcase_rotten_frame_000225.txt
train,/mnt/d/merged_fruit_36_clean_v2/yolo_fruit_dataset/_tmp_frames/tomato_fresh_01_clear_closeup_frame_000540.jpg,/mnt/d/merged_fruit_36_clean_v2/yolo_fruit_dataset/images/train/tomato_fresh_01_clear_closeup_frame_000540.jpg,/mnt/d/merged_fruit_36_clean_v2/yolo_fruit_dataset/labels/train/tomato_fresh_01_clear_closeup_frame_000540.txt
train,/mnt/d/merged_fruit_36_clean_v2/yolo_fruit_dataset/_tmp_frames/grape_fresh_01_clear_closeup_frame_001245.jpg,/mnt/d/merged_fruit_36_clean_v2/yolo_fruit_dataset/images/train/grape_fresh_01_clear_closeup_frame_001245.jpg,/mnt/d/merged_fruit_36_clean_v2/yolo_fruit_dataset/labels/train/grape_fresh_01_clear_closeup_frame_001245.txt
train,/mnt/d/merged_fruit_36_clean_v2/yolo_fruit_dataset/_tmp_frames/grape_fresh_02_real_context_frame_001380.jpg,/mnt/d/merged_fruit_36_clean_v2/yolo_fruit_dataset/images/train/grape_fresh_02_real_context_frame_001380.jpg,/mnt/d/merged_fruit_36_clean_v2/yolo_fruit_dataset/labels/train/grape_fresh_02_real_context_frame_001380.txt
train,/mnt/d/merged_fruit_36_clean_v2/yolo_fruit_dataset/_tmp_frames/grape_rotten_01_mild_rotten_frame_000105.jpg,/mnt/d/merged_fruit_36_clean_v2/yolo_fruit_dataset/images/train/grape_rotten_01_mild_rotten_frame_000105.jpg,/mnt/d/merged_fruit_36_clean_v2/yolo_fruit_dataset/labels/train/grape_rotten_01_mild_rotten_frame_000105.txt
train,/mnt/d/merged_fruit_36_clean_v2/yolo_fruit_dataset/_tmp_frames/orange_rotten_02_mold_soft_rotten_frame_000225.jpg,/mnt/d/merged_fruit_36_clean_v2/yolo_fruit_dataset/images/train/orange_rotten_02_mold_soft_rotten_frame_000225.jpg,/mnt/d/merged_fruit_36_clean_v2/yolo_fruit_dataset/labels/train/orange_rotten_02_mold_soft_rotten_frame_000225.txt
train,/mnt/d/merged_fruit_36_clean_v2/yolo_fruit_dataset/_tmp_frames/potato_rotten_01_mild_rotten_frame_000015.jpg,/mnt/d/merged_fruit_36_clean_v2/yolo_fruit_dataset/images/train/potato_rotten_01_mild_rotten_frame_000015.jpg,/mnt/d/merged_fruit_36_clean_v2/yolo_fruit_dataset/labels/train/potato_rotten_01_mild_rotten_frame_000015.txt
train,/mnt/d/merged_fruit_36_clean_v2/yolo_fruit_dataset/_tmp_frames/tomato_rotten_01_mild_rotten_frame_000030.jpg,/mnt/d/merged_fruit_36_clean_v2/yolo_fruit_dataset/images/train/tomato_rotten_01_mild_rotten_frame_000030.jpg,/mnt/d/merged_fruit_36_clean_v2/yolo_fruit_dataset/labels/train/tomato_rotten_01_mild_rotten_frame_000030.txt
train,/mnt/d/merged_fruit_36_clean_v2/yolo_fruit_dataset/_tmp_frames/grape_fresh_02_real_context_frame_001395.jpg,/mnt/d/merged_fruit_36_clean_v2/yolo_fruit_dataset/images/train/grape_fresh_02_real_context_frame_001395.jpg,/mnt/d/merged_fruit_36_clean_v2/yolo_fruit_dataset/labels/train/grape_fresh_02_real_context_frame_001395.txt
train,/mnt/d/merged_fruit_36_clean_v2/yolo_fruit_dataset/_tmp_frames/grape_rotten_01_mild_rotten_frame_000510.jpg,/mnt/d/merged_fruit_36_clean_v2/yolo_fruit_dataset/images/train/grape_rotten_01_mild_rotten_frame_000510.jpg,/mnt/d/merged_fruit_36_clean_v2/yolo_fruit_dataset/labels/train/grape_rotten_01_mild_rotten_frame_000510.txt
train,/mnt/d/merged_fruit_36_clean_v2/yolo_fruit_dataset/_tmp_frames/avocado_fresh_03_cut_open_hardcase_frame_000105.jpg,/mnt/d/merged_fruit_36_clean_v2/yolo_fruit_dataset/images/train/avocado_fresh_03_cut_open_hardcase_frame_000105.jpg,/mnt/d/merged_fruit_36_clean_v2/yolo_fruit_dataset/labels/train/avocado_fresh_03_cut_open_hardcase_frame_000105.txt
train,/mnt/d/merged_fruit_36_clean_v2/yolo_fruit_dataset/_tmp_frames/orange_rotten_01_mild_rotten_frame_000060.jpg,/mnt/d/merged_fruit_36_clean_v2/yolo_fruit_dataset/images/train/orange_rotten_01_mild_rotten_frame_000060.jpg,/mnt/d/merged_fruit_36_clean_v2/yolo_fruit_dataset/labels/train/orange_rotten_01_mild_rotten_frame_000060.txt
train,/mnt/d/merged_fruit_36_clean_v2/yolo_fruit_dataset/_tmp_frames/lemon_fresh_03_cut_open_hardcase_frame_000450.jpg,/mnt/d/merged_fruit_36_clean_v2/yolo_fruit_dataset/images/train/lemon_fresh_03_cut_open_hardcase_frame_000450.jpg,/mnt/d/merged_fruit_36_clean_v2/yolo_fruit_dataset/labels/train/lemon_fresh_03_cut_open_hardcase_frame_000450.txt
train,/mnt/d/merged_fruit_36_clean_v2/yolo_fruit_dataset/_tmp_frames/strawberry_rotten_01_mild_rotten_frame_000060.jpg,/mnt/d/merged_fruit_36_clean_v2/yolo_fruit_dataset/images/train/strawberry_rotten_01_mild_rotten_frame_000060.jpg,/mnt/d/merged_fruit_36_clean_v2/yolo_fruit_dataset/labels/train/strawberry_rotten_01_mild_rotten_frame_000060.txt
train,/mnt/d/merged_fruit_36_clean_v2/yolo_fruit_dataset/_tmp_frames/orange_fresh_03_cut_open_hardcase_frame_000030.jpg,/mnt/d/merged_fruit_36_clean_v2/yolo_fruit_dataset/images/train/orange_fresh_03_cut_open_hardcase_frame_000030.jpg,/mnt/d/merged_fruit_36_clean_v2/yolo_fruit_dataset/labels/train/orange_fresh_03_cut_open_hardcase_frame_000030.txt
train,/mnt/d/merged_fruit_36_clean_v2/yolo_fruit_dataset/_tmp_frames/avocado_fresh_02_real_context_frame_000150.jpg,/mnt/d/merged_fruit_36_clean_v2/yolo_fruit_dataset/images/train/avocado_fresh_02_real_context_frame_000150.jpg,/mnt/d/merged_fruit_36_clean_v2/yolo_fruit_dataset/labels/train/avocado_fresh_02_real_context_frame_000150.txt
train,/mnt/d/merged_fruit_36_clean_v2/yolo_fruit_dataset/_tmp_frames/grape_fresh_02_real_context_frame_000480.jpg,/mnt/d/merged_fruit_36_clean_v2/yolo_fruit_dataset/images/train/grape_fresh_02_real_context_frame_000480.jpg,/mnt/d/merged_fruit_36_clean_v2/yolo_fruit_dataset/labels/train/grape_fresh_02_real_context_frame_000480.txt
train,/mnt/d/merged_fruit_36_clean_v2/yolo_fruit_dataset/_tmp_frames/bellpepper_fresh_01_clear_closeup_frame_000120.jpg,/mnt/d/merged_fruit_36_clean_v2/yolo_fruit_dataset/images/train/bellpepper_fresh_01_clear_closeup_frame_000120.jpg,/mnt/d/merged_fruit_36_clean_v2/yolo_fruit_dataset/labels/train/bellpepper_fresh_01_clear_closeup_frame_000120.txt
train,/mnt/d/merged_fruit_36_clean_v2/yolo_fruit_dataset/_tmp_frames/banana_rotten_02_black_bruised_rotten_frame_000165.jpg,/mnt/d/merged_fruit_36_clean_v2/yolo_fruit_dataset/images/train/banana_rotten_02_black_bruised_rotten_frame_000165.jpg,/mnt/d/merged_fruit_36_clean_v2/yolo_fruit_dataset/labels/train/banana_rotten_02_black_bruised_rotten_frame_000165.txt
train,/mnt/d/merged_fruit_36_clean_v2/yolo_fruit_dataset/_tmp_frames/potato_rotten_02_sprout_green_rotten_frame_000000.jpg,/mnt/d/merged_fruit_36_clean_v2/yolo_fruit_dataset/images/train/potato_rotten_02_sprout_green_rotten_frame_000000.jpg,/mnt/d/merged_fruit_36_clean_v2/yolo_fruit_dataset/labels/train/potato_rotten_02_sprout_green_rotten_frame_000000.txt
train,/mnt/d/merged_fruit_36_clean_v2/yolo_fruit_dataset/_tmp_frames/orange_fresh_03_cut_open_hardcase_frame_000045.jpg,/mnt/d/merged_fruit_36_clean_v2/yolo_fruit_dataset/images/train/orange_fresh_03_cut_open_hardcase_frame_000045.jpg,/mnt/d/merged_fruit_36_clean_v2/yolo_fruit_dataset/labels/train/orange_fresh_03_cut_open_hardcase_frame_000045.txt
train,/mnt/d/merged_fruit_36_clean_v2/yolo_fruit_dataset/_tmp_frames/grape_fresh_01_clear_closeup_frame_000525.jpg,/mnt/d/merged_fruit_36_clean_v2/yolo_fruit_dataset/images/train/grape_fresh_01_clear_closeup_frame_000525.jpg,/mnt/d/merged_fruit_36_clean_v2/yolo_fruit_dataset/labels/train/grape_fresh_01_clear_closeup_frame_000525.txt
train,/mnt/d/merged_fruit_36_clean_v2/yolo_fruit_dataset/_tmp_frames/tomato_rotten_02_soft_mold_rotten_frame_000315.jpg,/mnt/d/merged_fruit_36_clean_v2/yolo_fruit_dataset/images/train/tomato_rotten_02_soft_mold_rotten_frame_000315.jpg,/mnt/d/merged_fruit_36_clean_v2/yolo_fruit_dataset/labels/train/tomato_rotten_02_soft_mold_rotten_frame_000315.txt
train,/mnt/d/merged_fruit_36_clean_v2/raw_assets_from_zip/Cucumber/istockphoto-492761370-1024x1024.jpg,/mnt/d/merged_fruit_36_clean_v2/yolo_fruit_dataset/images/train/istockphoto-492761370-1024x1024.jpg,/mnt/d/merged_fruit_36_clean_v2/yolo_fruit_dataset/labels/train/istockphoto-492761370-1024x1024.txt
train,/mnt/d/merged_fruit_36_clean_v2/yolo_fruit_dataset/_tmp_frames/apple_rotten_01_mild_rotten_frame_000015.jpg,/mnt/d/merged_fruit_36_clean_v2/yolo_fruit_dataset/images/train/apple_rotten_01_mild_rotten_frame_000015.jpg,/mnt/d/merged_fruit_36_clean_v2/yolo_fruit_dataset/labels/train/apple_rotten_01_mild_rotten_frame_000015.txt
train,/mnt/d/merged_fruit_36_clean_v2/yolo_fruit_dataset/_tmp_frames/carambola_rotten_01_mild_rotten_frame_000090.jpg,/mnt/d/merged_fruit_36_clean_v2/yolo_fruit_dataset/images/train/carambola_rotten_01_mild_rotten_frame_000090.jpg,/mnt/d/merged_fruit_36_clean_v2/yolo_fruit_dataset/labels/train/carambola_rotten_01_mild_rotten_frame_000090.txt
train,/mnt/d/merged_fruit_36_clean_v2/yolo_fruit_dataset/_tmp_frames/peach_fresh_01_clear_closeup_frame_000720.jpg,/mnt/d/merged_fruit_36_clean_v2/yolo_fruit_dataset/images/train/peach_fresh_01_clear_closeup_frame_000720.jpg,/mnt/d/merged_fruit_36_clean_v2/yolo_fruit_dataset/labels/train/peach_fresh_01_clear_closeup_frame_000720.txt
train,/mnt/d/merged_fruit_36_clean_v2/yolo_fruit_dataset/_tmp_frames/lemon_rotten_03_hardcase_rotten_frame_000000.jpg,/mnt/d/merged_fruit_36_clean_v2/yolo_fruit_dataset/images/train/lemon_rotten_03_hardcase_rotten_frame_000000.jpg,/mnt/d/merged_fruit_36_clean_v2/yolo_fruit_dataset/labels/train/lemon_rotten_03_hardcase_rotten_frame_000000.txt
train,/mnt/d/merged_fruit_36_clean_v2/yolo_fruit_dataset/_tmp_frames/bellpepper_fresh_02_real_context_frame_000510.jpg,/mnt/d/merged_fruit_36_clean_v2/yolo_fruit_dataset/images/train/bellpepper_fresh_02_real_context_frame_000510.jpg,/mnt/d/merged_fruit_36_clean_v2/yolo_fruit_dataset/labels/train/bellpepper_fresh_02_real_context_frame_000510.txt
train,/mnt/d/merged_fruit_36_clean_v2/yolo_fruit_dataset/_tmp_frames/carrot_rotten_01_mild_rotten_frame_000615.jpg,/mnt/d/merged_fruit_36_clean_v2/yolo_fruit_dataset/images/train/carrot_rotten_01_mild_rotten_frame_000615.jpg,/mnt/d/merged_fruit_36_clean_v2/yolo_fruit_dataset/labels/train/carrot_rotten_01_mild_rotten_frame_000615.txt
train,/mnt/d/merged_fruit_36_clean_v2/yolo_fruit_dataset/_tmp_frames/banana_rotten_03_hardcase_rotten_frame_000300.jpg,/mnt/d/merged_fruit_36_clean_v2/yolo_fruit_dataset/images/train/banana_rotten_03_hardcase_rotten_frame_000300.jpg,/mnt/d/merged_fruit_36_clean_v2/yolo_fruit_dataset/labels/train/banana_rotten_03_hardcase_rotten_frame_000300.txt
train,/mnt/d/merged_fruit_36_clean_v2/yolo_fruit_dataset/_tmp_frames/avocado_fresh_01_clear_closeup_frame_000405.jpg,/mnt/d/merged_fruit_36_clean_v2/yolo_fruit_dataset/images/train/avocado_fresh_01_clear_closeup_frame_000405.jpg,/mnt/d/merged_fruit_36_clean_v2/yolo_fruit_dataset/labels/train/avocado_fresh_01_clear_closeup_frame_000405.txt
train,/mnt/d/merged_fruit_36_clean_v2/yolo_fruit_dataset/_tmp_frames/mango_rotten_02_black_bruised_rotten_frame_000435.jpg,/mnt/d/merged_fruit_36_clean_v2/yolo_fruit_dataset/images/train/mango_rotten_02_black_bruised_rotten_frame_000435.jpg,/mnt/d/merged_fruit_36_clean_v2/yolo_fruit_dataset/labels/train/mango_rotten_02_black_bruised_rotten_frame_000435.txt
train,/mnt/d/merged_fruit_36_clean_v2/yolo_fruit_dataset/_tmp_frames/guava_fresh_01_clear_closeup_frame_000090.jpg,/mnt/d/merged_fruit_36_clean_v2/yolo_fruit_dataset/images/train/guava_fresh_01_clear_closeup_frame_000090.jpg,/mnt/d/merged_fruit_36_clean_v2/yolo_fruit_dataset/labels/train/guava_fresh_01_clear_closeup_frame_000090.txt
train,/mnt/d/merged_fruit_36_clean_v2/yolo_fruit_dataset/_tmp_frames/lemon_fresh_03_cut_open_hardcase_frame_000720.jpg,/mnt/d/merged_fruit_36_clean_v2/yolo_fruit_dataset/images/train/lemon_fresh_03_cut_open_hardcase_frame_000720.jpg,/mnt/d/merged_fruit_36_clean_v2/yolo_fruit_dataset/labels/train/lemon_fresh_03_cut_open_hardcase_frame_000720.txt
train,/mnt/d/merged_fruit_36_clean_v2/yolo_fruit_dataset/_tmp_frames/carrot_rotten_02_mold_soft_rotten_frame_000630.jpg,/mnt/d/merged_fruit_36_clean_v2/yolo_fruit_dataset/images/train/carrot_rotten_02_mold_soft_rotten_frame_000630.jpg,/mnt/d/merged_fruit_36_clean_v2/yolo_fruit_dataset/labels/train/carrot_rotten_02_mold_soft_rotten_frame_000630.txt
train,/mnt/d/merged_fruit_36_clean_v2/yolo_fruit_dataset/_tmp_frames/banana_fresh_03_hardcase_frame_000870.jpg,/mnt/d/merged_fruit_36_clean_v2/yolo_fruit_dataset/images/train/banana_fresh_03_hardcase_frame_000870.jpg,/mnt/d/merged_fruit_36_clean_v2/yolo_fruit_dataset/labels/train/banana_fresh_03_hardcase_frame_000870.txt
train,/mnt/d/merged_fruit_36_clean_v2/yolo_fruit_dataset/_tmp_frames/grape_fresh_01_clear_closeup_frame_000225.jpg,/mnt/d/merged_fruit_36_clean_v2/yolo_fruit_dataset/images/train/grape_fresh_01_clear_closeup_frame_000225.jpg,/mnt/d/merged_fruit_36_clean_v2/yolo_fruit_dataset/labels/train/grape_fresh_01_clear_closeup_frame_000225.txt
train,/mnt/d/merged_fruit_36_clean_v2/yolo_fruit_dataset/_tmp_frames/carambola_rotten_02_mold_bruised_rotten_frame_000480.jpg,/mnt/d/merged_fruit_36_clean_v2/yolo_fruit_dataset/images/train/carambola_rotten_02_mold_bruised_rotten_frame_000480.jpg,/mnt/d/merged_fruit_36_clean_v2/yolo_fruit_dataset/labels/train/carambola_rotten_02_mold_bruised_rotten_frame_000480.txt
train,/mnt/d/merged_fruit_36_clean_v2/yolo_fruit_dataset/_tmp_frames/guava_fresh_03_on_tree_hardcase_frame_000195.jpg,/mnt/d/merged_fruit_36_clean_v2/yolo_fruit_dataset/images/train/guava_fresh_03_on_tree_hardcase_frame_000195.jpg,/mnt/d/merged_fruit_36_clean_v2/yolo_fruit_dataset/labels/train/guava_fresh_03_on_tree_hardcase_frame_000195.txt
train,/mnt/d/merged_fruit_36_clean_v2/yolo_fruit_dataset/_tmp_frames/peach_fresh_01_clear_closeup_frame_000645.jpg,/mnt/d/merged_fruit_36_clean_v2/yolo_fruit_dataset/images/train/peach_fresh_01_clear_closeup_frame_000645.jpg,/mnt/d/merged_fruit_36_clean_v2/yolo_fruit_dataset/labels/train/peach_fresh_01_clear_closeup_frame_000645.txt
train,/mnt/d/merged_fruit_36_clean_v2/yolo_fruit_dataset/_tmp_frames/grape_fresh_03_on_tree_hardcase_frame_000255.jpg,/mnt/d/merged_fruit_36_clean_v2/yolo_fruit_dataset/images/train/grape_fresh_03_on_tree_hardcase_frame_000255.jpg,/mnt/d/merged_fruit_36_clean_v2/yolo_fruit_dataset/labels/train/grape_fresh_03_on_tree_hardcase_frame_000255.txt
train,/mnt/d/merged_fruit_36_clean_v2/yolo_fruit_dataset/_tmp_frames/carrot_fresh_01_clear_closeup_frame_000240.jpg,/mnt/d/merged_fruit_36_clean_v2/yolo_fruit_dataset/images/train/carrot_fresh_01_clear_closeup_frame_000240.jpg,/mnt/d/merged_fruit_36_clean_v2/yolo_fruit_dataset/labels/train/carrot_fresh_01_clear_closeup_frame_000240.txt
train,/mnt/d/merged_fruit_36_clean_v2/yolo_fruit_dataset/_tmp_frames/jujube_fresh_01_clear_closeup_frame_000075.jpg,/mnt/d/merged_fruit_36_clean_v2/yolo_fruit_dataset/images/train/jujube_fresh_01_clear_closeup_frame_000075.jpg,/mnt/d/merged_fruit_36_clean_v2/yolo_fruit_dataset/labels/train/jujube_fresh_01_clear_closeup_frame_000075.txt
train,/mnt/d/merged_fruit_36_clean_v2/yolo_fruit_dataset/_tmp_frames/pomegranate_fresh_01_clear_closeup_frame_000315.jpg,/mnt/d/merged_fruit_36_clean_v2/yolo_fruit_dataset/images/train/pomegranate_fresh_01_clear_closeup_frame_000315.jpg,/mnt/d/merged_fruit_36_clean_v2/yolo_fruit_dataset/labels/train/pomegranate_fresh_01_clear_closeup_frame_000315.txt
train,/mnt/d/merged_fruit_36_clean_v2/yolo_fruit_dataset/_tmp_frames/potato_fresh_01_clear_closeup_frame_000480.jpg,/mnt/d/merged_fruit_36_clean_v2/yolo_fruit_dataset/images/train/potato_fresh_01_clear_closeup_frame_000480.jpg,/mnt/d/merged_fruit_36_clean_v2/yolo_fruit_dataset/labels/train/potato_fresh_01_clear_closeup_frame_000480.txt
train,/mnt/d/merged_fruit_36_clean_v2/yolo_fruit_dataset/_tmp_frames/potato_fresh_01_clear_closeup_frame_000015.jpg,/mnt/d/merged_fruit_36_clean_v2/yolo_fruit_dataset/images/train/potato_fresh_01_clear_closeup_frame_000015.jpg,/mnt/d/merged_fruit_36_clean_v2/yolo_fruit_dataset/labels/train/potato_fresh_01_clear_closeup_frame_000015.txt
train,/mnt/d/merged_fruit_36_clean_v2/yolo_fruit_dataset/_tmp_frames/avocado_rotten_02_black_inside_rotten_frame_000150.jpg,/mnt/d/merged_fruit_36_clean_v2/yolo_fruit_dataset/images/train/avocado_rotten_02_black_inside_rotten_frame_000150.jpg,/mnt/d/merged_fruit_36_clean_v2/yolo_fruit_dataset/labels/train/avocado_rotten_02_black_inside_rotten_frame_000150.txt
train,/mnt/d/merged_fruit_36_clean_v2/yolo_fruit_dataset/_tmp_frames/grape_fresh_01_clear_closeup_frame_000765.jpg,/mnt/d/merged_fruit_36_clean_v2/yolo_fruit_dataset/images/train/grape_fresh_01_clear_closeup_frame_000765.jpg,/mnt/d/merged_fruit_36_clean_v2/yolo_fruit_dataset/labels/train/grape_fresh_01_clear_closeup_frame_000765.txt
train,/mnt/d/merged_fruit_36_clean_v2/yolo_fruit_dataset/_tmp_frames/apple_rotten_02_mold_bruised_rotten_frame_000210.jpg,/mnt/d/merged_fruit_36_clean_v2/yolo_fruit_dataset/images/train/apple_rotten_02_mold_bruised_rotten_frame_000210.jpg,/mnt/d/merged_fruit_36_clean_v2/yolo_fruit_dataset/labels/train/apple_rotten_02_mold_bruised_rotten_frame_000210.txt
train,/mnt/d/merged_fruit_36_clean_v2/yolo_fruit_dataset/_tmp_frames/orange_rotten_02_mold_soft_rotten_frame_000300.jpg,/mnt/d/merged_fruit_36_clean_v2/yolo_fruit_dataset/images/train/orange_rotten_02_mold_soft_rotten_frame_000300.jpg,/mnt/d/merged_fruit_36_clean_v2/yolo_fruit_dataset/labels/train/orange_rotten_02_mold_soft_rotten_frame_000300.txt
train,/mnt/d/merged_fruit_36_clean_v2/yolo_fruit_dataset/_tmp_frames/orange_rotten_02_mold_soft_rotten_frame_000330.jpg,/mnt/d/merged_fruit_36_clean_v2/yolo_fruit_dataset/images/train/orange_rotten_02_mold_soft_rotten_frame_000330.jpg,/mnt/d/merged_fruit_36_clean_v2/yolo_fruit_dataset/labels/train/orange_rotten_02_mold_soft_rotten_frame_000330.txt
train,/mnt/d/merged_fruit_36_clean_v2/yolo_fruit_dataset/_tmp_frames/carambola_fresh_02_real_context_frame_000210.jpg,/mnt/d/merged_fruit_36_clean_v2/yolo_fruit_dataset/images/train/carambola_fresh_02_real_context_frame_000210.jpg,/mnt/d/merged_fruit_36_clean_v2/yolo_fruit_dataset/labels/train/carambola_fresh_02_real_context_frame_000210.txt
train,/mnt/d/merged_fruit_36_clean_v2/yolo_fruit_dataset/_tmp_frames/strawberry_rotten_03_hardcase_rotten_frame_000750.jpg,/mnt/d/merged_fruit_36_clean_v2/yolo_fruit_dataset/images/train/strawberry_rotten_03_hardcase_rotten_frame_000750.jpg,/mnt/d/merged_fruit_36_clean_v2/yolo_fruit_dataset/labels/train/strawberry_rotten_03_hardcase_rotten_frame_000750.txt
train,/mnt/d/merged_fruit_36_clean_v2/yolo_fruit_dataset/_tmp_frames/strawberry_fresh_01_clear_closeup_frame_000075.jpg,/mnt/d/merged_fruit_36_clean_v2/yolo_fruit_dataset/images/train/strawberry_fresh_01_clear_closeup_frame_000075.jpg,/mnt/d/merged_fruit_36_clean_v2/yolo_fruit_dataset/labels/train/strawberry_fresh_01_clear_closeup_frame_000075.txt
train,/mnt/d/merged_fruit_36_clean_v2/yolo_fruit_dataset/_tmp_frames/grape_fresh_01_clear_closeup_frame_000195.jpg,/mnt/d/merged_fruit_36_clean_v2/yolo_fruit_dataset/images/train/grape_fresh_01_clear_closeup_frame_000195.jpg,/mnt/d/merged_fruit_36_clean_v2/yolo_fruit_dataset/labels/train/grape_fresh_01_clear_closeup_frame_000195.txt
train,/mnt/d/merged_fruit_36_clean_v2/yolo_fruit_dataset/_tmp_frames/carambola_rotten_02_mold_bruised_rotten_frame_000645.jpg,/mnt/d/merged_fruit_36_clean_v2/yolo_fruit_dataset/images/train/carambola_rotten_02_mold_bruised_rotten_frame_000645.jpg,/mnt/d/merged_fruit_36_clean_v2/yolo_fruit_dataset/labels/train/carambola_rotten_02_mold_bruised_rotten_frame_000645.txt
train,/mnt/d/merged_fruit_36_clean_v2/yolo_fruit_dataset/_tmp_frames/carambola_fresh_03_on_tree_hardcase_frame_000120.jpg,/mnt/d/merged_fruit_36_clean_v2/yolo_fruit_dataset/images/train/carambola_fresh_03_on_tree_hardcase_frame_000120.jpg,/mnt/d/merged_fruit_36_clean_v2/yolo_fruit_dataset/labels/train/carambola_fresh_03_on_tree_hardcase_frame_000120.txt
train,/mnt/d/merged_fruit_36_clean_v2/yolo_fruit_dataset/_tmp_frames/mango_rotten_03_hardcase_rotten_frame_000105.jpg,/mnt/d/merged_fruit_36_clean_v2/yolo_fruit_dataset/images/train/mango_rotten_03_hardcase_rotten_frame_000105.jpg,/mnt/d/merged_fruit_36_clean_v2/yolo_fruit_dataset/labels/train/mango_rotten_03_hardcase_rotten_frame_000105.txt
train,/mnt/d/merged_fruit_36_clean_v2/yolo_fruit_dataset/_tmp_frames/jujube_fresh_03_on_tree_hardcase_frame_000210.jpg,/mnt/d/merged_fruit_36_clean_v2/yolo_fruit_dataset/images/train/jujube_fresh_03_on_tree_hardcase_frame_000210.jpg,/mnt/d/merged_fruit_36_clean_v2/yolo_fruit_dataset/labels/train/jujube_fresh_03_on_tree_hardcase_frame_000210.txt
train,/mnt/d/merged_fruit_36_clean_v2/yolo_fruit_dataset/_tmp_frames/apple_fresh_02_real_context_frame_000465.jpg,/mnt/d/merged_fruit_36_clean_v2/yolo_fruit_dataset/images/train/apple_fresh_02_real_context_frame_000465.jpg,/mnt/d/merged_fruit_36_clean_v2/yolo_fruit_dataset/labels/train/apple_fresh_02_real_context_frame_000465.txt
train,/mnt/d/merged_fruit_36_clean_v2/yolo_fruit_dataset/_tmp_frames/strawberry_rotten_03_hardcase_rotten_frame_000180.jpg,/mnt/d/merged_fruit_36_clean_v2/yolo_fruit_dataset/images/train/strawberry_rotten_03_hardcase_rotten_frame_000180.jpg,/mnt/d/merged_fruit_36_clean_v2/yolo_fruit_dataset/labels/train/strawberry_rotten_03_hardcase_rotten_frame_000180.txt
train,/mnt/d/merged_fruit_36_clean_v2/yolo_fruit_dataset/_tmp_frames/guava_fresh_01_clear_closeup_frame_000345.jpg,/mnt/d/merged_fruit_36_clean_v2/yolo_fruit_dataset/images/train/guava_fresh_01_clear_closeup_frame_000345.jpg,/mnt/d/merged_fruit_36_clean_v2/yolo_fruit_dataset/labels/train/guava_fresh_01_clear_closeup_frame_000345.txt
train,/mnt/d/merged_fruit_36_clean_v2/yolo_fruit_dataset/_tmp_frames/guava_fresh_03_on_tree_hardcase_frame_000540.jpg,/mnt/d/merged_fruit_36_clean_v2/yolo_fruit_dataset/images/train/guava_fresh_03_on_tree_hardcase_frame_000540.jpg,/mnt/d/merged_fruit_36_clean_v2/yolo_fruit_dataset/labels/train/guava_fresh_03_on_tree_hardcase_frame_000540.txt
train,/mnt/d/merged_fruit_36_clean_v2/yolo_fruit_dataset/_tmp_frames/potato_fresh_03_soil_hardcase_frame_000000.jpg,/mnt/d/merged_fruit_36_clean_v2/yolo_fruit_dataset/images/train/potato_fresh_03_soil_hardcase_frame_000000.jpg,/mnt/d/merged_fruit_36_clean_v2/yolo_fruit_dataset/labels/train/potato_fresh_03_soil_hardcase_frame_000000.txt
train,/mnt/d/merged_fruit_36_clean_v2/yolo_fruit_dataset/_tmp_frames/lemon_fresh_03_cut_open_hardcase_frame_000435.jpg,/mnt/d/merged_fruit_36_clean_v2/yolo_fruit_dataset/images/train/lemon_fresh_03_cut_open_hardcase_frame_000435.jpg,/mnt/d/merged_fruit_36_clean_v2/yolo_fruit_dataset/labels/train/lemon_fresh_03_cut_open_hardcase_frame_000435.txt
train,/mnt/d/merged_fruit_36_clean_v2/yolo_fruit_dataset/_tmp_frames/peach_rotten_02_mold_bruised_rotten_frame_000105.jpg,/mnt/d/merged_fruit_36_clean_v2/yolo_fruit_dataset/images/train/peach_rotten_02_mold_bruised_rotten_frame_000105.jpg,/mnt/d/merged_fruit_36_clean_v2/yolo_fruit_dataset/labels/train/peach_rotten_02_mold_bruised_rotten_frame_000105.txt
train,/mnt/d/merged_fruit_36_clean_v2/yolo_fruit_dataset/_tmp_frames/bellpepper_rotten_03_hardcase_rotten_frame_000690.jpg,/mnt/d/merged_fruit_36_clean_v2/yolo_fruit_dataset/images/train/bellpepper_rotten_03_hardcase_rotten_frame_000690.jpg,/mnt/d/merged_fruit_36_clean_v2/yolo_fruit_dataset/labels/train/bellpepper_rotten_03_hardcase_rotten_frame_000690.txt
train,/mnt/d/merged_fruit_36_clean_v2/yolo_fruit_dataset/_tmp_frames/pomegranate_fresh_03_cut_open_hardcase_frame_000195.jpg,/mnt/d/merged_fruit_36_clean_v2/yolo_fruit_dataset/images/train/pomegranate_fresh_03_cut_open_hardcase_frame_000195.jpg,/mnt/d/merged_fruit_36_clean_v2/yolo_fruit_dataset/labels/train/pomegranate_fresh_03_cut_open_hardcase_frame_000195.txt
train,/mnt/d/merged_fruit_36_clean_v2/yolo_fruit_dataset/_tmp_frames/grape_fresh_02_real_context_frame_001200.jpg,/mnt/d/merged_fruit_36_clean_v2/yolo_fruit_dataset/images/train/grape_fresh_02_real_context_frame_001200.jpg,/mnt/d/merged_fruit_36_clean_v2/yolo_fruit_dataset/labels/train/grape_fresh_02_real_context_frame_001200.txt
train,/mnt/d/merged_fruit_36_clean_v2/yolo_fruit_dataset/_tmp_frames/guava_fresh_02_real_context_frame_000000.jpg,/mnt/d/merged_fruit_36_clean_v2/yolo_fruit_dataset/images/train/guava_fresh_02_real_context_frame_000000.jpg,/mnt/d/merged_fruit_36_clean_v2/yolo_fruit_dataset/labels/train/guava_fresh_02_real_context_frame_000000.txt
train,/mnt/d/merged_fruit_36_clean_v2/yolo_fruit_dataset/_tmp_frames/banana_fresh_01_clear_closeup_frame_000150.jpg,/mnt/d/merged_fruit_36_clean_v2/yolo_fruit_dataset/images/train/banana_fresh_01_clear_closeup_frame_000150.jpg,/mnt/d/merged_fruit_36_clean_v2/yolo_fruit_dataset/labels/train/banana_fresh_01_clear_closeup_frame_000150.txt
train,/mnt/d/merged_fruit_36_clean_v2/yolo_fruit_dataset/_tmp_frames/strawberry_rotten_01_mild_rotten_frame_000090.jpg,/mnt/d/merged_fruit_36_clean_v2/yolo_fruit_dataset/images/train/strawberry_rotten_01_mild_rotten_frame_000090.jpg,/mnt/d/merged_fruit_36_clean_v2/yolo_fruit_dataset/labels/train/strawberry_rotten_01_mild_rotten_frame_000090.txt
train,/mnt/d/merged_fruit_36_clean_v2/yolo_fruit_dataset/_tmp_frames/tomato_rotten_02_soft_mold_rotten_frame_000255.jpg,/mnt/d/merged_fruit_36_clean_v2/yolo_fruit_dataset/images/train/tomato_rotten_02_soft_mold_rotten_frame_000255.jpg,/mnt/d/merged_fruit_36_clean_v2/yolo_fruit_dataset/labels/train/tomato_rotten_02_soft_mold_rotten_frame_000255.txt
train,/mnt/d/merged_fruit_36_clean_v2/yolo_fruit_dataset/_tmp_frames/apple_fresh_02_real_context_frame_000330.jpg,/mnt/d/merged_fruit_36_clean_v2/yolo_fruit_dataset/images/train/apple_fresh_02_real_context_frame_000330.jpg,/mnt/d/merged_fruit_36_clean_v2/yolo_fruit_dataset/labels/train/apple_fresh_02_real_context_frame_000330.txt
train,/mnt/d/merged_fruit_36_clean_v2/yolo_fruit_dataset/_tmp_frames/lemon_fresh_03_cut_open_hardcase_frame_000225.jpg,/mnt/d/merged_fruit_36_clean_v2/yolo_fruit_dataset/images/train/lemon_fresh_03_cut_open_hardcase_frame_000225.jpg,/mnt/d/merged_fruit_36_clean_v2/yolo_fruit_dataset/labels/train/lemon_fresh_03_cut_open_hardcase_frame_000225.txt
train,/mnt/d/merged_fruit_36_clean_v2/yolo_fruit_dataset/_tmp_frames/banana_fresh_03_hardcase_frame_001200.jpg,/mnt/d/merged_fruit_36_clean_v2/yolo_fruit_dataset/images/train/banana_fresh_03_hardcase_frame_001200.jpg,/mnt/d/merged_fruit_36_clean_v2/yolo_fruit_dataset/labels/train/banana_fresh_03_hardcase_frame_001200.txt
train,/mnt/d/merged_fruit_36_clean_v2/yolo_fruit_dataset/_tmp_frames/banana_rotten_03_hardcase_rotten_frame_000150.jpg,/mnt/d/merged_fruit_36_clean_v2/yolo_fruit_dataset/images/train/banana_rotten_03_hardcase_rotten_frame_000150.jpg,/mnt/d/merged_fruit_36_clean_v2/yolo_fruit_dataset/labels/train/banana_rotten_03_hardcase_rotten_frame_000150.txt
train,/mnt/d/merged_fruit_36_clean_v2/yolo_fruit_dataset/_tmp_frames/tomato_fresh_03_cut_open_hardcase_frame_000000.jpg,/mnt/d/merged_fruit_36_clean_v2/yolo_fruit_dataset/images/train/tomato_fresh_03_cut_open_hardcase_frame_000000.jpg,/mnt/d/merged_fruit_36_clean_v2/yolo_fruit_dataset/labels/train/tomato_fresh_03_cut_open_hardcase_frame_000000.txt
train,/mnt/d/merged_fruit_36_clean_v2/yolo_fruit_dataset/_tmp_frames/grape_fresh_01_clear_closeup_frame_001410.jpg,/mnt/d/merged_fruit_36_clean_v2/yolo_fruit_dataset/images/train/grape_fresh_01_clear_closeup_frame_001410.jpg,/mnt/d/merged_fruit_36_clean_v2/yolo_fruit_dataset/labels/train/grape_fresh_01_clear_closeup_frame_001410.txt
train,/mnt/d/merged_fruit_36_clean_v2/yolo_fruit_dataset/_tmp_frames/bellpepper_rotten_03_hardcase_rotten_frame_000675.jpg,/mnt/d/merged_fruit_36_clean_v2/yolo_fruit_dataset/images/train/bellpepper_rotten_03_hardcase_rotten_frame_000675.jpg,/mnt/d/merged_fruit_36_clean_v2/yolo_fruit_dataset/labels/train/bellpepper_rotten_03_hardcase_rotten_frame_000675.txt
train,/mnt/d/merged_fruit_36_clean_v2/yolo_fruit_dataset/_tmp_frames/grape_fresh_02_real_context_frame_001470.jpg,/mnt/d/merged_fruit_36_clean_v2/yolo_fruit_dataset/images/train/grape_fresh_02_real_context_frame_001470.jpg,/mnt/d/merged_fruit_36_clean_v2/yolo_fruit_dataset/labels/train/grape_fresh_02_real_context_frame_001470.txt
train,/mnt/d/merged_fruit_36_clean_v2/yolo_fruit_dataset/_tmp_frames/pomegranate_fresh_02_real_context_frame_000180.jpg,/mnt/d/merged_fruit_36_clean_v2/yolo_fruit_dataset/images/train/pomegranate_fresh_02_real_context_frame_000180.jpg,/mnt/d/merged_fruit_36_clean_v2/yolo_fruit_dataset/labels/train/pomegranate_fresh_02_real_context_frame_000180.txt
train,/mnt/d/merged_fruit_36_clean_v2/yolo_fruit_dataset/_tmp_frames/carrot_rotten_01_mild_rotten_frame_000480.jpg,/mnt/d/merged_fruit_36_clean_v2/yolo_fruit_dataset/images/train/carrot_rotten_01_mild_rotten_frame_000480.jpg,/mnt/d/merged_fruit_36_clean_v2/yolo_fruit_dataset/labels/train/carrot_rotten_01_mild_rotten_frame_000480.txt
train,/mnt/d/merged_fruit_36_clean_v2/yolo_fruit_dataset/_tmp_frames/potato_rotten_01_mild_rotten_frame_000210.jpg,/mnt/d/merged_fruit_36_clean_v2/yolo_fruit_dataset/images/train/potato_rotten_01_mild_rotten_frame_000210.jpg,/mnt/d/merged_fruit_36_clean_v2/yolo_fruit_dataset/labels/train/potato_rotten_01_mild_rotten_frame_000210.txt
train,/mnt/d/merged_fruit_36_clean_v2/yolo_fruit_dataset/_tmp_frames/tomato_fresh_01_clear_closeup_frame_000255.jpg,/mnt/d/merged_fruit_36_clean_v2/yolo_fruit_dataset/images/train/tomato_fresh_01_clear_closeup_frame_000255.jpg,/mnt/d/merged_fruit_36_clean_v2/yolo_fruit_dataset/labels/train/tomato_fresh_01_clear_closeup_frame_000255.txt
train,/mnt/d/merged_fruit_36_clean_v2/yolo_fruit_dataset/_tmp_frames/orange_rotten_02_mold_soft_rotten_frame_000465.jpg,/mnt/d/merged_fruit_36_clean_v2/yolo_fruit_dataset/images/train/orange_rotten_02_mold_soft_rotten_frame_000465.jpg,/mnt/d/merged_fruit_36_clean_v2/yolo_fruit_dataset/labels/train/orange_rotten_02_mold_soft_rotten_frame_000465.txt
train,/mnt/d/merged_fruit_36_clean_v2/yolo_fruit_dataset/_tmp_frames/avocado_fresh_01_clear_closeup_frame_000180.jpg,/mnt/d/merged_fruit_36_clean_v2/yolo_fruit_dataset/images/train/avocado_fresh_01_clear_closeup_frame_000180.jpg,/mnt/d/merged_fruit_36_clean_v2/yolo_fruit_dataset/labels/train/avocado_fresh_01_clear_closeup_frame_000180.txt
train,/mnt/d/merged_fruit_36_clean_v2/yolo_fruit_dataset/_tmp_frames/mango_rotten_02_black_bruised_rotten_frame_000000.jpg,/mnt/d/merged_fruit_36_clean_v2/yolo_fruit_dataset/images/train/mango_rotten_02_black_bruised_rotten_frame_000000.jpg,/mnt/d/merged_fruit_36_clean_v2/yolo_fruit_dataset/labels/train/mango_rotten_02_black_bruised_rotten_frame_000000.txt
train,/mnt/d/merged_fruit_36_clean_v2/yolo_fruit_dataset/_tmp_frames/bellpepper_fresh_02_real_context_frame_000630.jpg,/mnt/d/merged_fruit_36_clean_v2/yolo_fruit_dataset/images/train/bellpepper_fresh_02_real_context_frame_000630.jpg,/mnt/d/merged_fruit_36_clean_v2/yolo_fruit_dataset/labels/train/bellpepper_fresh_02_real_context_frame_000630.txt
train,/mnt/d/merged_fruit_36_clean_v2/yolo_fruit_dataset/_tmp_frames/strawberry_fresh_01_clear_closeup_frame_000210.jpg,/mnt/d/merged_fruit_36_clean_v2/yolo_fruit_dataset/images/train/strawberry_fresh_01_clear_closeup_frame_000210.jpg,/mnt/d/merged_fruit_36_clean_v2/yolo_fruit_dataset/labels/train/strawberry_fresh_01_clear_closeup_frame_000210.txt
train,/mnt/d/merged_fruit_36_clean_v2/yolo_fruit_dataset/_tmp_frames/mango_fresh_01_clear_closeup_frame_000180.jpg,/mnt/d/merged_fruit_36_clean_v2/yolo_fruit_dataset/images/train/mango_fresh_01_clear_closeup_frame_000180.jpg,/mnt/d/merged_fruit_36_clean_v2/yolo_fruit_dataset/labels/train/mango_fresh_01_clear_closeup_frame_000180.txt
train,/mnt/d/merged_fruit_36_clean_v2/yolo_fruit_dataset/_tmp_frames/carambola_rotten_02_mold_bruised_rotten_frame_000750.jpg,/mnt/d/merged_fruit_36_clean_v2/yolo_fruit_dataset/images/train/carambola_rotten_02_mold_bruised_rotten_frame_000750.jpg,/mnt/d/merged_fruit_36_clean_v2/yolo_fruit_dataset/labels/train/carambola_rotten_02_mold_bruised_rotten_frame_000750.txt
train,/mnt/d/merged_fruit_36_clean_v2/yolo_fruit_dataset/_tmp_frames/carambola_fresh_01_clear_closeup_frame_000015.jpg,/mnt/d/merged_fruit_36_clean_v2/yolo_fruit_dataset/images/train/carambola_fresh_01_clear_closeup_frame_000015.jpg,/mnt/d/merged_fruit_36_clean_v2/yolo_fruit_dataset/labels/train/carambola_fresh_01_clear_closeup_frame_000015.txt
train,/mnt/d/merged_fruit_36_clean_v2/yolo_fruit_dataset/_tmp_frames/grape_rotten_03_hardcase_rotten_frame_000120.jpg,/mnt/d/merged_fruit_36_clean_v2/yolo_fruit_dataset/images/train/grape_rotten_03_hardcase_rotten_frame_000120.jpg,/mnt/d/merged_fruit_36_clean_v2/yolo_fruit_dataset/labels/train/grape_rotten_03_hardcase_rotten_frame_000120.txt
train,/mnt/d/merged_fruit_36_clean_v2/yolo_fruit_dataset/_tmp_frames/jujube_fresh_01_clear_closeup_frame_000240.jpg,/mnt/d/merged_fruit_36_clean_v2/yolo_fruit_dataset/images/train/jujube_fresh_01_clear_closeup_frame_000240.jpg,/mnt/d/merged_fruit_36_clean_v2/yolo_fruit_dataset/labels/train/jujube_fresh_01_clear_closeup_frame_000240.txt
train,/mnt/d/merged_fruit_36_clean_v2/yolo_fruit_dataset/_tmp_frames/guava_fresh_03_on_tree_hardcase_frame_000630.jpg,/mnt/d/merged_fruit_36_clean_v2/yolo_fruit_dataset/images/train/guava_fresh_03_on_tree_hardcase_frame_000630.jpg,/mnt/d/merged_fruit_36_clean_v2/yolo_fruit_dataset/labels/train/guava_fresh_03_on_tree_hardcase_frame_000630.txt
train,/mnt/d/merged_fruit_36_clean_v2/yolo_fruit_dataset/_tmp_frames/jujube_fresh_01_clear_closeup_frame_000285.jpg,/mnt/d/merged_fruit_36_clean_v2/yolo_fruit_dataset/images/train/jujube_fresh_01_clear_closeup_frame_000285.jpg,/mnt/d/merged_fruit_36_clean_v2/yolo_fruit_dataset/labels/train/jujube_fresh_01_clear_closeup_frame_000285.txt
train,/mnt/d/merged_fruit_36_clean_v2/yolo_fruit_dataset/_tmp_frames/peach_rotten_02_mold_bruised_rotten_frame_000255.jpg,/mnt/d/merged_fruit_36_clean_v2/yolo_fruit_dataset/images/train/peach_rotten_02_mold_bruised_rotten_frame_000255.jpg,/mnt/d/merged_fruit_36_clean_v2/yolo_fruit_dataset/labels/train/peach_rotten_02_mold_bruised_rotten_frame_000255.txt
train,/mnt/d/merged_fruit_36_clean_v2/yolo_fruit_dataset/_tmp_frames/carambola_fresh_03_on_tree_hardcase_frame_000015.jpg,/mnt/d/merged_fruit_36_clean_v2/yolo_fruit_dataset/images/train/carambola_fresh_03_on_tree_hardcase_frame_000015.jpg,/mnt/d/merged_fruit_36_clean_v2/yolo_fruit_dataset/labels/train/carambola_fresh_03_on_tree_hardcase_frame_000015.txt
train,/mnt/d/merged_fruit_36_clean_v2/yolo_fruit_dataset/_tmp_frames/apple_rotten_03_hardcase_rotten_frame_000330.jpg,/mnt/d/merged_fruit_36_clean_v2/yolo_fruit_dataset/images/train/apple_rotten_03_hardcase_rotten_frame_000330.jpg,/mnt/d/merged_fruit_36_clean_v2/yolo_fruit_dataset/labels/train/apple_rotten_03_hardcase_rotten_frame_000330.txt
train,/mnt/d/merged_fruit_36_clean_v2/yolo_fruit_dataset/_tmp_frames/guava_rotten_02_mold_bruised_rotten_frame_000255.jpg,/mnt/d/merged_fruit_36_clean_v2/yolo_fruit_dataset/images/train/guava_rotten_02_mold_bruised_rotten_frame_000255.jpg,/mnt/d/merged_fruit_36_clean_v2/yolo_fruit_dataset/labels/train/guava_rotten_02_mold_bruised_rotten_frame_000255.txt
train,/mnt/d/merged_fruit_36_clean_v2/yolo_fruit_dataset/_tmp_frames/guava_fresh_02_real_context_frame_000180.jpg,/mnt/d/merged_fruit_36_clean_v2/yolo_fruit_dataset/images/train/guava_fresh_02_real_context_frame_000180.jpg,/mnt/d/merged_fruit_36_clean_v2/yolo_fruit_dataset/labels/train/guava_fresh_02_real_context_frame_000180.txt
train,/mnt/d/merged_fruit_36_clean_v2/yolo_fruit_dataset/_tmp_frames/orange_rotten_02_mold_soft_rotten_frame_000285.jpg,/mnt/d/merged_fruit_36_clean_v2/yolo_fruit_dataset/images/train/orange_rotten_02_mold_soft_rotten_frame_000285.jpg,/mnt/d/merged_fruit_36_clean_v2/yolo_fruit_dataset/labels/train/orange_rotten_02_mold_soft_rotten_frame_000285.txt
train,/mnt/d/merged_fruit_36_clean_v2/yolo_fruit_dataset/_tmp_frames/peach_rotten_02_mold_bruised_rotten_frame_000015.jpg,/mnt/d/merged_fruit_36_clean_v2/yolo_fruit_dataset/images/train/peach_rotten_02_mold_bruised_rotten_frame_000015.jpg,/mnt/d/merged_fruit_36_clean_v2/yolo_fruit_dataset/labels/train/peach_rotten_02_mold_bruised_rotten_frame_000015.txt
train,/mnt/d/merged_fruit_36_clean_v2/yolo_fruit_dataset/_tmp_frames/apple_rotten_01_mild_rotten_frame_000390.jpg,/mnt/d/merged_fruit_36_clean_v2/yolo_fruit_dataset/images/train/apple_rotten_01_mild_rotten_frame_000390.jpg,/mnt/d/merged_fruit_36_clean_v2/yolo_fruit_dataset/labels/train/apple_rotten_01_mild_rotten_frame_000390.txt
train,/mnt/d/merged_fruit_36_clean_v2/yolo_fruit_dataset/_tmp_frames/carrot_rotten_01_mild_rotten_frame_000240.jpg,/mnt/d/merged_fruit_36_clean_v2/yolo_fruit_dataset/images/train/carrot_rotten_01_mild_rotten_frame_000240.jpg,/mnt/d/merged_fruit_36_clean_v2/yolo_fruit_dataset/labels/train/carrot_rotten_01_mild_rotten_frame_000240.txt
train,/mnt/d/merged_fruit_36_clean_v2/yolo_fruit_dataset/_tmp_frames/orange_rotten_03_hardcase_rotten_frame_000015.jpg,/mnt/d/merged_fruit_36_clean_v2/yolo_fruit_dataset/images/train/orange_rotten_03_hardcase_rotten_frame_000015.jpg,/mnt/d/merged_fruit_36_clean_v2/yolo_fruit_dataset/labels/train/orange_rotten_03_hardcase_rotten_frame_000015.txt
train,/mnt/d/merged_fruit_36_clean_v2/yolo_fruit_dataset/_tmp_frames/carambola_fresh_03_on_tree_hardcase_frame_000060.jpg,/mnt/d/merged_fruit_36_clean_v2/yolo_fruit_dataset/images/train/carambola_fresh_03_on_tree_hardcase_frame_000060.jpg,/mnt/d/merged_fruit_36_clean_v2/yolo_fruit_dataset/labels/train/carambola_fresh_03_on_tree_hardcase_frame_000060.txt
train,/mnt/d/merged_fruit_36_clean_v2/yolo_fruit_dataset/_tmp_frames/potato_fresh_01_clear_closeup_frame_000450.jpg,/mnt/d/merged_fruit_36_clean_v2/yolo_fruit_dataset/images/train/potato_fresh_01_clear_closeup_frame_000450.jpg,/mnt/d/merged_fruit_36_clean_v2/yolo_fruit_dataset/labels/train/potato_fresh_01_clear_closeup_frame_000450.txt
train,/mnt/d/merged_fruit_36_clean_v2/yolo_fruit_dataset/_tmp_frames/tomato_fresh_02_real_context_frame_000135.jpg,/mnt/d/merged_fruit_36_clean_v2/yolo_fruit_dataset/images/train/tomato_fresh_02_real_context_frame_000135.jpg,/mnt/d/merged_fruit_36_clean_v2/yolo_fruit_dataset/labels/train/tomato_fresh_02_real_context_frame_000135.txt
train,/mnt/d/merged_fruit_36_clean_v2/yolo_fruit_dataset/_tmp_frames/carambola_rotten_02_mold_bruised_rotten_frame_000870.jpg,/mnt/d/merged_fruit_36_clean_v2/yolo_fruit_dataset/images/train/carambola_rotten_02_mold_bruised_rotten_frame_000870.jpg,/mnt/d/merged_fruit_36_clean_v2/yolo_fruit_dataset/labels/train/carambola_rotten_02_mold_bruised_rotten_frame_000870.txt
train,/mnt/d/merged_fruit_36_clean_v2/yolo_fruit_dataset/_tmp_frames/bellpepper_fresh_02_real_context_frame_000645.jpg,/mnt/d/merged_fruit_36_clean_v2/yolo_fruit_dataset/images/train/bellpepper_fresh_02_real_context_frame_000645.jpg,/mnt/d/merged_fruit_36_clean_v2/yolo_fruit_dataset/labels/train/bellpepper_fresh_02_real_context_frame_000645.txt
train,/mnt/d/merged_fruit_36_clean_v2/yolo_fruit_dataset/_tmp_frames/apple_rotten_03_hardcase_rotten_frame_000285.jpg,/mnt/d/merged_fruit_36_clean_v2/yolo_fruit_dataset/images/train/apple_rotten_03_hardcase_rotten_frame_000285.jpg,/mnt/d/merged_fruit_36_clean_v2/yolo_fruit_dataset/labels/train/apple_rotten_03_hardcase_rotten_frame_000285.txt
train,/mnt/d/merged_fruit_36_clean_v2/yolo_fruit_dataset/_tmp_frames/peach_rotten_02_mold_bruised_rotten_frame_000375.jpg,/mnt/d/merged_fruit_36_clean_v2/yolo_fruit_dataset/images/train/peach_rotten_02_mold_bruised_rotten_frame_000375.jpg,/mnt/d/merged_fruit_36_clean_v2/yolo_fruit_dataset/labels/train/peach_rotten_02_mold_bruised_rotten_frame_000375.txt
train,/mnt/d/merged_fruit_36_clean_v2/yolo_fruit_dataset/_tmp_frames/carambola_rotten_02_mold_bruised_rotten_frame_000000.jpg,/mnt/d/merged_fruit_36_clean_v2/yolo_fruit_dataset/images/train/carambola_rotten_02_mold_bruised_rotten_frame_000000.jpg,/mnt/d/merged_fruit_36_clean_v2/yolo_fruit_dataset/labels/train/carambola_rotten_02_mold_bruised_rotten_frame_000000.txt
train,/mnt/d/merged_fruit_36_clean_v2/yolo_fruit_dataset/_tmp_frames/carrot_fresh_02_real_context_frame_000120.jpg,/mnt/d/merged_fruit_36_clean_v2/yolo_fruit_dataset/images/train/carrot_fresh_02_real_context_frame_000120.jpg,/mnt/d/merged_fruit_36_clean_v2/yolo_fruit_dataset/labels/train/carrot_fresh_02_real_context_frame_000120.txt
train,/mnt/d/merged_fruit_36_clean_v2/yolo_fruit_dataset/_tmp_frames/bellpepper_rotten_03_hardcase_rotten_frame_000330.jpg,/mnt/d/merged_fruit_36_clean_v2/yolo_fruit_dataset/images/train/bellpepper_rotten_03_hardcase_rotten_frame_000330.jpg,/mnt/d/merged_fruit_36_clean_v2/yolo_fruit_dataset/labels/train/bellpepper_rotten_03_hardcase_rotten_frame_000330.txt
train,/mnt/d/merged_fruit_36_clean_v2/yolo_fruit_dataset/_tmp_frames/carambola_rotten_02_mold_bruised_rotten_frame_000465.jpg,/mnt/d/merged_fruit_36_clean_v2/yolo_fruit_dataset/images/train/carambola_rotten_02_mold_bruised_rotten_frame_000465.jpg,/mnt/d/merged_fruit_36_clean_v2/yolo_fruit_dataset/labels/train/carambola_rotten_02_mold_bruised_rotten_frame_000465.txt
train,/mnt/d/merged_fruit_36_clean_v2/yolo_fruit_dataset/_tmp_frames/banana_fresh_03_hardcase_frame_001260.jpg,/mnt/d/merged_fruit_36_clean_v2/yolo_fruit_dataset/images/train/banana_fresh_03_hardcase_frame_001260.jpg,/mnt/d/merged_fruit_36_clean_v2/yolo_fruit_dataset/labels/train/banana_fresh_03_hardcase_frame_001260.txt
train,/mnt/d/merged_fruit_36_clean_v2/yolo_fruit_dataset/_tmp_frames/carrot_fresh_02_real_context_frame_000060.jpg,/mnt/d/merged_fruit_36_clean_v2/yolo_fruit_dataset/images/train/carrot_fresh_02_real_context_frame_000060.jpg,/mnt/d/merged_fruit_36_clean_v2/yolo_fruit_dataset/labels/train/carrot_fresh_02_real_context_frame_000060.txt
train,/mnt/d/merged_fruit_36_clean_v2/yolo_fruit_dataset/_tmp_frames/carambola_rotten_02_mold_bruised_rotten_frame_000960.jpg,/mnt/d/merged_fruit_36_clean_v2/yolo_fruit_dataset/images/train/carambola_rotten_02_mold_bruised_rotten_frame_000960.jpg,/mnt/d/merged_fruit_36_clean_v2/yolo_fruit_dataset/labels/train/carambola_rotten_02_mold_bruised_rotten_frame_000960.txt
train,/mnt/d/merged_fruit_36_clean_v2/yolo_fruit_dataset/_tmp_frames/banana_fresh_03_hardcase_frame_000855.jpg,/mnt/d/merged_fruit_36_clean_v2/yolo_fruit_dataset/images/train/banana_fresh_03_hardcase_frame_000855.jpg,/mnt/d/merged_fruit_36_clean_v2/yolo_fruit_dataset/labels/train/banana_fresh_03_hardcase_frame_000855.txt
train,/mnt/d/merged_fruit_36_clean_v2/yolo_fruit_dataset/_tmp_frames/cucumber_fresh_03_cut_open_hardcase_frame_000345.jpg,/mnt/d/merged_fruit_36_clean_v2/yolo_fruit_dataset/images/train/cucumber_fresh_03_cut_open_hardcase_frame_000345.jpg,/mnt/d/merged_fruit_36_clean_v2/yolo_fruit_dataset/labels/train/cucumber_fresh_03_cut_open_hardcase_frame_000345.txt
train,/mnt/d/merged_fruit_36_clean_v2/yolo_fruit_dataset/_tmp_frames/orange_rotten_02_mold_soft_rotten_frame_000450.jpg,/mnt/d/merged_fruit_36_clean_v2/yolo_fruit_dataset/images/train/orange_rotten_02_mold_soft_rotten_frame_000450.jpg,/mnt/d/merged_fruit_36_clean_v2/yolo_fruit_dataset/labels/train/orange_rotten_02_mold_soft_rotten_frame_000450.txt
train,/mnt/d/merged_fruit_36_clean_v2/yolo_fruit_dataset/_tmp_frames/potato_rotten_01_mild_rotten_frame_000165.jpg,/mnt/d/merged_fruit_36_clean_v2/yolo_fruit_dataset/images/train/potato_rotten_01_mild_rotten_frame_000165.jpg,/mnt/d/merged_fruit_36_clean_v2/yolo_fruit_dataset/labels/train/potato_rotten_01_mild_rotten_frame_000165.txt
train,/mnt/d/merged_fruit_36_clean_v2/yolo_fruit_dataset/_tmp_frames/tomato_rotten_02_soft_mold_rotten_frame_000345.jpg,/mnt/d/merged_fruit_36_clean_v2/yolo_fruit_dataset/images/train/tomato_rotten_02_soft_mold_rotten_frame_000345.jpg,/mnt/d/merged_fruit_36_clean_v2/yolo_fruit_dataset/labels/train/tomato_rotten_02_soft_mold_rotten_frame_000345.txt
train,/mnt/d/merged_fruit_36_clean_v2/yolo_fruit_dataset/_tmp_frames/carrot_rotten_02_mold_soft_rotten_frame_000420.jpg,/mnt/d/merged_fruit_36_clean_v2/yolo_fruit_dataset/images/train/carrot_rotten_02_mold_soft_rotten_frame_000420.jpg,/mnt/d/merged_fruit_36_clean_v2/yolo_fruit_dataset/labels/train/carrot_rotten_02_mold_soft_rotten_frame_000420.txt
train,/mnt/d/merged_fruit_36_clean_v2/yolo_fruit_dataset/_tmp_frames/pomegranate_fresh_03_cut_open_hardcase_frame_000360.jpg,/mnt/d/merged_fruit_36_clean_v2/yolo_fruit_dataset/images/train/pomegranate_fresh_03_cut_open_hardcase_frame_000360.jpg,/mnt/d/merged_fruit_36_clean_v2/yolo_fruit_dataset/labels/train/pomegranate_fresh_03_cut_open_hardcase_frame_000360.txt
train,/mnt/d/merged_fruit_36_clean_v2/yolo_fruit_dataset/_tmp_frames/pomegranate_rotten_02_mold_dark_rotten_frame_000075.jpg,/mnt/d/merged_fruit_36_clean_v2/yolo_fruit_dataset/images/train/pomegranate_rotten_02_mold_dark_rotten_frame_000075.jpg,/mnt/d/merged_fruit_36_clean_v2/yolo_fruit_dataset/labels/train/pomegranate_rotten_02_mold_dark_rotten_frame_000075.txt
train,/mnt/d/merged_fruit_36_clean_v2/yolo_fruit_dataset/_tmp_frames/potato_rotten_02_sprout_green_rotten_frame_000045.jpg,/mnt/d/merged_fruit_36_clean_v2/yolo_fruit_dataset/images/train/potato_rotten_02_sprout_green_rotten_frame_000045.jpg,/mnt/d/merged_fruit_36_clean_v2/yolo_fruit_dataset/labels/train/potato_rotten_02_sprout_green_rotten_frame_000045.txt
train,/mnt/d/merged_fruit_36_clean_v2/yolo_fruit_dataset/_tmp_frames/grape_fresh_02_real_context_frame_000585.jpg,/mnt/d/merged_fruit_36_clean_v2/yolo_fruit_dataset/images/train/grape_fresh_02_real_context_frame_000585.jpg,/mnt/d/merged_fruit_36_clean_v2/yolo_fruit_dataset/labels/train/grape_fresh_02_real_context_frame_000585.txt
train,/mnt/d/merged_fruit_36_clean_v2/yolo_fruit_dataset/_tmp_frames/pomegranate_fresh_01_clear_closeup_frame_000375.jpg,/mnt/d/merged_fruit_36_clean_v2/yolo_fruit_dataset/images/train/pomegranate_fresh_01_clear_closeup_frame_000375.jpg,/mnt/d/merged_fruit_36_clean_v2/yolo_fruit_dataset/labels/train/pomegranate_fresh_01_clear_closeup_frame_000375.txt
train,/mnt/d/merged_fruit_36_clean_v2/yolo_fruit_dataset/_tmp_frames/cucumber_fresh_03_cut_open_hardcase_frame_000255.jpg,/mnt/d/merged_fruit_36_clean_v2/yolo_fruit_dataset/images/train/cucumber_fresh_03_cut_open_hardcase_frame_000255.jpg,/mnt/d/merged_fruit_36_clean_v2/yolo_fruit_dataset/labels/train/cucumber_fresh_03_cut_open_hardcase_frame_000255.txt
train,/mnt/d/merged_fruit_36_clean_v2/yolo_fruit_dataset/_tmp_frames/banana_rotten_03_hardcase_rotten_frame_000045.jpg,/mnt/d/merged_fruit_36_clean_v2/yolo_fruit_dataset/images/train/banana_rotten_03_hardcase_rotten_frame_000045.jpg,/mnt/d/merged_fruit_36_clean_v2/yolo_fruit_dataset/labels/train/banana_rotten_03_hardcase_rotten_frame_000045.txt
train,/mnt/d/merged_fruit_36_clean_v2/yolo_fruit_dataset/_tmp_frames/grape_rotten_02_mold_bruised_rotten_frame_000270.jpg,/mnt/d/merged_fruit_36_clean_v2/yolo_fruit_dataset/images/train/grape_rotten_02_mold_bruised_rotten_frame_000270.jpg,/mnt/d/merged_fruit_36_clean_v2/yolo_fruit_dataset/labels/train/grape_rotten_02_mold_bruised_rotten_frame_000270.txt
train,/mnt/d/merged_fruit_36_clean_v2/yolo_fruit_dataset/_tmp_frames/apple_rotten_01_mild_rotten_frame_000345.jpg,/mnt/d/merged_fruit_36_clean_v2/yolo_fruit_dataset/images/train/apple_rotten_01_mild_rotten_frame_000345.jpg,/mnt/d/merged_fruit_36_clean_v2/yolo_fruit_dataset/labels/train/apple_rotten_01_mild_rotten_frame_000345.txt
train,/mnt/d/merged_fruit_36_clean_v2/yolo_fruit_dataset/_tmp_frames/avocado_rotten_01_mild_rotten_frame_000300.jpg,/mnt/d/merged_fruit_36_clean_v2/yolo_fruit_dataset/images/train/avocado_rotten_01_mild_rotten_frame_000300.jpg,/mnt/d/merged_fruit_36_clean_v2/yolo_fruit_dataset/labels/train/avocado_rotten_01_mild_rotten_frame_000300.txt
train,/mnt/d/merged_fruit_36_clean_v2/yolo_fruit_dataset/_tmp_frames/guava_fresh_01_clear_closeup_frame_000000.jpg,/mnt/d/merged_fruit_36_clean_v2/yolo_fruit_dataset/images/train/guava_fresh_01_clear_closeup_frame_000000.jpg,/mnt/d/merged_fruit_36_clean_v2/yolo_fruit_dataset/labels/train/guava_fresh_01_clear_closeup_frame_000000.txt
train,/mnt/d/merged_fruit_36_clean_v2/yolo_fruit_dataset/_tmp_frames/apple_rotten_02_mold_bruised_rotten_frame_000090.jpg,/mnt/d/merged_fruit_36_clean_v2/yolo_fruit_dataset/images/train/apple_rotten_02_mold_bruised_rotten_frame_000090.jpg,/mnt/d/merged_fruit_36_clean_v2/yolo_fruit_dataset/labels/train/apple_rotten_02_mold_bruised_rotten_frame_000090.txt
train,/mnt/d/merged_fruit_36_clean_v2/yolo_fruit_dataset/_tmp_frames/apple_rotten_01_mild_rotten_frame_000585.jpg,/mnt/d/merged_fruit_36_clean_v2/yolo_fruit_dataset/images/train/apple_rotten_01_mild_rotten_frame_000585.jpg,/mnt/d/merged_fruit_36_clean_v2/yolo_fruit_dataset/labels/train/apple_rotten_01_mild_rotten_frame_000585.txt
train,/mnt/d/merged_fruit_36_clean_v2/yolo_fruit_dataset/_tmp_frames/pomegranate_rotten_01_mild_rotten_frame_000195.jpg,/mnt/d/merged_fruit_36_clean_v2/yolo_fruit_dataset/images/train/pomegranate_rotten_01_mild_rotten_frame_000195.jpg,/mnt/d/merged_fruit_36_clean_v2/yolo_fruit_dataset/labels/train/pomegranate_rotten_01_mild_rotten_frame_000195.txt
train,/mnt/d/merged_fruit_36_clean_v2/yolo_fruit_dataset/_tmp_frames/carrot_rotten_01_mild_rotten_frame_000735.jpg,/mnt/d/merged_fruit_36_clean_v2/yolo_fruit_dataset/images/train/carrot_rotten_01_mild_rotten_frame_000735.jpg,/mnt/d/merged_fruit_36_clean_v2/yolo_fruit_dataset/labels/train/carrot_rotten_01_mild_rotten_frame_000735.txt
train,/mnt/d/merged_fruit_36_clean_v2/yolo_fruit_dataset/_tmp_frames/grape_fresh_02_real_context_frame_000555.jpg,/mnt/d/merged_fruit_36_clean_v2/yolo_fruit_dataset/images/train/grape_fresh_02_real_context_frame_000555.jpg,/mnt/d/merged_fruit_36_clean_v2/yolo_fruit_dataset/labels/train/grape_fresh_02_real_context_frame_000555.txt
train,/mnt/d/merged_fruit_36_clean_v2/yolo_fruit_dataset/_tmp_frames/potato_rotten_02_sprout_green_rotten_frame_000075.jpg,/mnt/d/merged_fruit_36_clean_v2/yolo_fruit_dataset/images/train/potato_rotten_02_sprout_green_rotten_frame_000075.jpg,/mnt/d/merged_fruit_36_clean_v2/yolo_fruit_dataset/labels/train/potato_rotten_02_sprout_green_rotten_frame_000075.txt
train,/mnt/d/merged_fruit_36_clean_v2/yolo_fruit_dataset/_tmp_frames/carambola_rotten_02_mold_bruised_rotten_frame_000090.jpg,/mnt/d/merged_fruit_36_clean_v2/yolo_fruit_dataset/images/train/carambola_rotten_02_mold_bruised_rotten_frame_000090.jpg,/mnt/d/merged_fruit_36_clean_v2/yolo_fruit_dataset/labels/train/carambola_rotten_02_mold_bruised_rotten_frame_000090.txt
train,/mnt/d/merged_fruit_36_clean_v2/yolo_fruit_dataset/_tmp_frames/lemon_rotten_01_mild_rotten_frame_000030.jpg,/mnt/d/merged_fruit_36_clean_v2/yolo_fruit_dataset/images/train/lemon_rotten_01_mild_rotten_frame_000030.jpg,/mnt/d/merged_fruit_36_clean_v2/yolo_fruit_dataset/labels/train/lemon_rotten_01_mild_rotten_frame_000030.txt
train,/mnt/d/merged_fruit_36_clean_v2/yolo_fruit_dataset/_tmp_frames/lemon_rotten_03_hardcase_rotten_frame_000225.jpg,/mnt/d/merged_fruit_36_clean_v2/yolo_fruit_dataset/images/train/lemon_rotten_03_hardcase_rotten_frame_000225.jpg,/mnt/d/merged_fruit_36_clean_v2/yolo_fruit_dataset/labels/train/lemon_rotten_03_hardcase_rotten_frame_000225.txt
train,/mnt/d/merged_fruit_36_clean_v2/yolo_fruit_dataset/_tmp_frames/peach_rotten_02_mold_bruised_rotten_frame_000090.jpg,/mnt/d/merged_fruit_36_clean_v2/yolo_fruit_dataset/images/train/peach_rotten_02_mold_bruised_rotten_frame_000090.jpg,/mnt/d/merged_fruit_36_clean_v2/yolo_fruit_dataset/labels/train/peach_rotten_02_mold_bruised_rotten_frame_000090.txt
train,/mnt/d/merged_fruit_36_clean_v2/yolo_fruit_dataset/_tmp_frames/tomato_fresh_03_cut_open_hardcase_frame_000120.jpg,/mnt/d/merged_fruit_36_clean_v2/yolo_fruit_dataset/images/train/tomato_fresh_03_cut_open_hardcase_frame_000120.jpg,/mnt/d/merged_fruit_36_clean_v2/yolo_fruit_dataset/labels/train/tomato_fresh_03_cut_open_hardcase_frame_000120.txt
train,/mnt/d/merged_fruit_36_clean_v2/yolo_fruit_dataset/_tmp_frames/tomato_rotten_02_soft_mold_rotten_frame_000180.jpg,/mnt/d/merged_fruit_36_clean_v2/yolo_fruit_dataset/images/train/tomato_rotten_02_soft_mold_rotten_frame_000180.jpg,/mnt/d/merged_fruit_36_clean_v2/yolo_fruit_dataset/labels/train/tomato_rotten_02_soft_mold_rotten_frame_000180.txt
train,/mnt/d/merged_fruit_36_clean_v2/yolo_fruit_dataset/_tmp_frames/cucumber_fresh_01_clear_closeup_frame_000105.jpg,/mnt/d/merged_fruit_36_clean_v2/yolo_fruit_dataset/images/train/cucumber_fresh_01_clear_closeup_frame_000105.jpg,/mnt/d/merged_fruit_36_clean_v2/yolo_fruit_dataset/labels/train/cucumber_fresh_01_clear_closeup_frame_000105.txt
train,/mnt/d/merged_fruit_36_clean_v2/yolo_fruit_dataset/_tmp_frames/apple_fresh_02_real_context_frame_000855.jpg,/mnt/d/merged_fruit_36_clean_v2/yolo_fruit_dataset/images/train/apple_fresh_02_real_context_frame_000855.jpg,/mnt/d/merged_fruit_36_clean_v2/yolo_fruit_dataset/labels/train/apple_fresh_02_real_context_frame_000855.txt
train,/mnt/d/merged_fruit_36_clean_v2/yolo_fruit_dataset/_tmp_frames/orange_fresh_03_cut_open_hardcase_frame_000060.jpg,/mnt/d/merged_fruit_36_clean_v2/yolo_fruit_dataset/images/train/orange_fresh_03_cut_open_hardcase_frame_000060.jpg,/mnt/d/merged_fruit_36_clean_v2/yolo_fruit_dataset/labels/train/orange_fresh_03_cut_open_hardcase_frame_000060.txt
train,/mnt/d/merged_fruit_36_clean_v2/yolo_fruit_dataset/_tmp_frames/carrot_rotten_02_mold_soft_rotten_frame_000360.jpg,/mnt/d/merged_fruit_36_clean_v2/yolo_fruit_dataset/images/train/carrot_rotten_02_mold_soft_rotten_frame_000360.jpg,/mnt/d/merged_fruit_36_clean_v2/yolo_fruit_dataset/labels/train/carrot_rotten_02_mold_soft_rotten_frame_000360.txt
train,/mnt/d/merged_fruit_36_clean_v2/yolo_fruit_dataset/_tmp_frames/carrot_fresh_02_real_context_frame_000075.jpg,/mnt/d/merged_fruit_36_clean_v2/yolo_fruit_dataset/images/train/carrot_fresh_02_real_context_frame_000075.jpg,/mnt/d/merged_fruit_36_clean_v2/yolo_fruit_dataset/labels/train/carrot_fresh_02_real_context_frame_000075.txt
train,/mnt/d/merged_fruit_36_clean_v2/yolo_fruit_dataset/_tmp_frames/avocado_fresh_01_clear_closeup_frame_000345.jpg,/mnt/d/merged_fruit_36_clean_v2/yolo_fruit_dataset/images/train/avocado_fresh_01_clear_closeup_frame_000345.jpg,/mnt/d/merged_fruit_36_clean_v2/yolo_fruit_dataset/labels/train/avocado_fresh_01_clear_closeup_frame_000345.txt
train,/mnt/d/merged_fruit_36_clean_v2/yolo_fruit_dataset/_tmp_frames/carrot_rotten_02_mold_soft_rotten_frame_000660.jpg,/mnt/d/merged_fruit_36_clean_v2/yolo_fruit_dataset/images/train/carrot_rotten_02_mold_soft_rotten_frame_000660.jpg,/mnt/d/merged_fruit_36_clean_v2/yolo_fruit_dataset/labels/train/carrot_rotten_02_mold_soft_rotten_frame_000660.txt
train,/mnt/d/merged_fruit_36_clean_v2/yolo_fruit_dataset/_tmp_frames/orange_rotten_01_mild_rotten_frame_000075.jpg,/mnt/d/merged_fruit_36_clean_v2/yolo_fruit_dataset/images/train/orange_rotten_01_mild_rotten_frame_000075.jpg,/mnt/d/merged_fruit_36_clean_v2/yolo_fruit_dataset/labels/train/orange_rotten_01_mild_rotten_frame_000075.txt
train,/mnt/d/merged_fruit_36_clean_v2/yolo_fruit_dataset/_tmp_frames/carrot_fresh_01_clear_closeup_frame_000405.jpg,/mnt/d/merged_fruit_36_clean_v2/yolo_fruit_dataset/images/train/carrot_fresh_01_clear_closeup_frame_000405.jpg,/mnt/d/merged_fruit_36_clean_v2/yolo_fruit_dataset/labels/train/carrot_fresh_01_clear_closeup_frame_000405.txt
train,/mnt/d/merged_fruit_36_clean_v2/yolo_fruit_dataset/_tmp_frames/pomegranate_rotten_01_mild_rotten_frame_000225.jpg,/mnt/d/merged_fruit_36_clean_v2/yolo_fruit_dataset/images/train/pomegranate_rotten_01_mild_rotten_frame_000225.jpg,/mnt/d/merged_fruit_36_clean_v2/yolo_fruit_dataset/labels/train/pomegranate_rotten_01_mild_rotten_frame_000225.txt
train,/mnt/d/merged_fruit_36_clean_v2/yolo_fruit_dataset/_tmp_frames/tomato_rotten_03_hardcase_rotten_frame_000195.jpg,/mnt/d/merged_fruit_36_clean_v2/yolo_fruit_dataset/images/train/tomato_rotten_03_hardcase_rotten_frame_000195.jpg,/mnt/d/merged_fruit_36_clean_v2/yolo_fruit_dataset/labels/train/tomato_rotten_03_hardcase_rotten_frame_000195.txt
train,/mnt/d/merged_fruit_36_clean_v2/yolo_fruit_dataset/_tmp_frames/guava_fresh_02_real_context_frame_000150.jpg,/mnt/d/merged_fruit_36_clean_v2/yolo_fruit_dataset/images/train/guava_fresh_02_real_context_frame_000150.jpg,/mnt/d/merged_fruit_36_clean_v2/yolo_fruit_dataset/labels/train/guava_fresh_02_real_context_frame_000150.txt
train,/mnt/d/merged_fruit_36_clean_v2/yolo_fruit_dataset/_tmp_frames/peach_fresh_01_clear_closeup_frame_000465.jpg,/mnt/d/merged_fruit_36_clean_v2/yolo_fruit_dataset/images/train/peach_fresh_01_clear_closeup_frame_000465.jpg,/mnt/d/merged_fruit_36_clean_v2/yolo_fruit_dataset/labels/train/peach_fresh_01_clear_closeup_frame_000465.txt
train,/mnt/d/merged_fruit_36_clean_v2/yolo_fruit_dataset/_tmp_frames/potato_rotten_01_mild_rotten_frame_000030.jpg,/mnt/d/merged_fruit_36_clean_v2/yolo_fruit_dataset/images/train/potato_rotten_01_mild_rotten_frame_000030.jpg,/mnt/d/merged_fruit_36_clean_v2/yolo_fruit_dataset/labels/train/potato_rotten_01_mild_rotten_frame_000030.txt
train,/mnt/d/merged_fruit_36_clean_v2/yolo_fruit_dataset/_tmp_frames/pomegranate_fresh_03_cut_open_hardcase_frame_000450.jpg,/mnt/d/merged_fruit_36_clean_v2/yolo_fruit_dataset/images/train/pomegranate_fresh_03_cut_open_hardcase_frame_000450.jpg,/mnt/d/merged_fruit_36_clean_v2/yolo_fruit_dataset/labels/train/pomegranate_fresh_03_cut_open_hardcase_frame_000450.txt
train,/mnt/d/merged_fruit_36_clean_v2/yolo_fruit_dataset/_tmp_frames/apple_fresh_03_hardcase_frame_000150.jpg,/mnt/d/merged_fruit_36_clean_v2/yolo_fruit_dataset/images/train/apple_fresh_03_hardcase_frame_000150.jpg,/mnt/d/merged_fruit_36_clean_v2/yolo_fruit_dataset/labels/train/apple_fresh_03_hardcase_frame_000150.txt
train,/mnt/d/merged_fruit_36_clean_v2/yolo_fruit_dataset/_tmp_frames/banana_rotten_02_black_bruised_rotten_frame_000465.jpg,/mnt/d/merged_fruit_36_clean_v2/yolo_fruit_dataset/images/train/banana_rotten_02_black_bruised_rotten_frame_000465.jpg,/mnt/d/merged_fruit_36_clean_v2/yolo_fruit_dataset/labels/train/banana_rotten_02_black_bruised_rotten_frame_000465.txt
train,/mnt/d/merged_fruit_36_clean_v2/yolo_fruit_dataset/_tmp_frames/tomato_rotten_03_hardcase_rotten_frame_000240.jpg,/mnt/d/merged_fruit_36_clean_v2/yolo_fruit_dataset/images/train/tomato_rotten_03_hardcase_rotten_frame_000240.jpg,/mnt/d/merged_fruit_36_clean_v2/yolo_fruit_dataset/labels/train/tomato_rotten_03_hardcase_rotten_frame_000240.txt
train,/mnt/d/merged_fruit_36_clean_v2/yolo_fruit_dataset/_tmp_frames/potato_rotten_01_mild_rotten_frame_000180.jpg,/mnt/d/merged_fruit_36_clean_v2/yolo_fruit_dataset/images/train/potato_rotten_01_mild_rotten_frame_000180.jpg,/mnt/d/merged_fruit_36_clean_v2/yolo_fruit_dataset/labels/train/potato_rotten_01_mild_rotten_frame_000180.txt
train,/mnt/d/merged_fruit_36_clean_v2/yolo_fruit_dataset/_tmp_frames/bellpepper_fresh_03_cut_open_hardcase_frame_000270.jpg,/mnt/d/merged_fruit_36_clean_v2/yolo_fruit_dataset/images/train/bellpepper_fresh_03_cut_open_hardcase_frame_000270.jpg,/mnt/d/merged_fruit_36_clean_v2/yolo_fruit_dataset/labels/train/bellpepper_fresh_03_cut_open_hardcase_frame_000270.txt
train,/mnt/d/merged_fruit_36_clean_v2/yolo_fruit_dataset/_tmp_frames/banana_rotten_01_mild_rotten_frame_000060.jpg,/mnt/d/merged_fruit_36_clean_v2/yolo_fruit_dataset/images/train/banana_rotten_01_mild_rotten_frame_000060.jpg,/mnt/d/merged_fruit_36_clean_v2/yolo_fruit_dataset/labels/train/banana_rotten_01_mild_rotten_frame_000060.txt
train,/mnt/d/merged_fruit_36_clean_v2/yolo_fruit_dataset/_tmp_frames/carambola_fresh_01_clear_closeup_frame_000150.jpg,/mnt/d/merged_fruit_36_clean_v2/yolo_fruit_dataset/images/train/carambola_fresh_01_clear_closeup_frame_000150.jpg,/mnt/d/merged_fruit_36_clean_v2/yolo_fruit_dataset/labels/train/carambola_fresh_01_clear_closeup_frame_000150.txt
train,/mnt/d/merged_fruit_36_clean_v2/yolo_fruit_dataset/_tmp_frames/apple_fresh_01_clear_closeup_frame_000180.jpg,/mnt/d/merged_fruit_36_clean_v2/yolo_fruit_dataset/images/train/apple_fresh_01_clear_closeup_frame_000180.jpg,/mnt/d/merged_fruit_36_clean_v2/yolo_fruit_dataset/labels/train/apple_fresh_01_clear_closeup_frame_000180.txt
train,/mnt/d/merged_fruit_36_clean_v2/yolo_fruit_dataset/_tmp_frames/grape_fresh_03_on_tree_hardcase_frame_000480.jpg,/mnt/d/merged_fruit_36_clean_v2/yolo_fruit_dataset/images/train/grape_fresh_03_on_tree_hardcase_frame_000480.jpg,/mnt/d/merged_fruit_36_clean_v2/yolo_fruit_dataset/labels/train/grape_fresh_03_on_tree_hardcase_frame_000480.txt
train,/mnt/d/merged_fruit_36_clean_v2/yolo_fruit_dataset/_tmp_frames/guava_rotten_02_mold_bruised_rotten_frame_000180.jpg,/mnt/d/merged_fruit_36_clean_v2/yolo_fruit_dataset/images/train/guava_rotten_02_mold_bruised_rotten_frame_000180.jpg,/mnt/d/merged_fruit_36_clean_v2/yolo_fruit_dataset/labels/train/guava_rotten_02_mold_bruised_rotten_frame_000180.txt
train,/mnt/d/merged_fruit_36_clean_v2/yolo_fruit_dataset/_tmp_frames/avocado_fresh_01_clear_closeup_frame_000375.jpg,/mnt/d/merged_fruit_36_clean_v2/yolo_fruit_dataset/images/train/avocado_fresh_01_clear_closeup_frame_000375.jpg,/mnt/d/merged_fruit_36_clean_v2/yolo_fruit_dataset/labels/train/avocado_fresh_01_clear_closeup_frame_000375.txt
train,/mnt/d/merged_fruit_36_clean_v2/yolo_fruit_dataset/_tmp_frames/avocado_rotten_03_hardcase_rotten_frame_000315.jpg,/mnt/d/merged_fruit_36_clean_v2/yolo_fruit_dataset/images/train/avocado_rotten_03_hardcase_rotten_frame_000315.jpg,/mnt/d/merged_fruit_36_clean_v2/yolo_fruit_dataset/labels/train/avocado_rotten_03_hardcase_rotten_frame_000315.txt
train,/mnt/d/merged_fruit_36_clean_v2/yolo_fruit_dataset/_tmp_frames/grape_fresh_02_real_context_frame_001290.jpg,/mnt/d/merged_fruit_36_clean_v2/yolo_fruit_dataset/images/train/grape_fresh_02_real_context_frame_001290.jpg,/mnt/d/merged_fruit_36_clean_v2/yolo_fruit_dataset/labels/train/grape_fresh_02_real_context_frame_001290.txt
train,/mnt/d/merged_fruit_36_clean_v2/yolo_fruit_dataset/_tmp_frames/grape_fresh_02_real_context_frame_000165.jpg,/mnt/d/merged_fruit_36_clean_v2/yolo_fruit_dataset/images/train/grape_fresh_02_real_context_frame_000165.jpg,/mnt/d/merged_fruit_36_clean_v2/yolo_fruit_dataset/labels/train/grape_fresh_02_real_context_frame_000165.txt
train,/mnt/d/merged_fruit_36_clean_v2/yolo_fruit_dataset/_tmp_frames/avocado_fresh_03_cut_open_hardcase_frame_000135.jpg,/mnt/d/merged_fruit_36_clean_v2/yolo_fruit_dataset/images/train/avocado_fresh_03_cut_open_hardcase_frame_000135.jpg,/mnt/d/merged_fruit_36_clean_v2/yolo_fruit_dataset/labels/train/avocado_fresh_03_cut_open_hardcase_frame_000135.txt
train,/mnt/d/merged_fruit_36_clean_v2/yolo_fruit_dataset/_tmp_frames/tomato_rotten_02_soft_mold_rotten_frame_000075.jpg,/mnt/d/merged_fruit_36_clean_v2/yolo_fruit_dataset/images/train/tomato_rotten_02_soft_mold_rotten_frame_000075.jpg,/mnt/d/merged_fruit_36_clean_v2/yolo_fruit_dataset/labels/train/tomato_rotten_02_soft_mold_rotten_frame_000075.txt
train,/mnt/d/merged_fruit_36_clean_v2/yolo_fruit_dataset/_tmp_frames/banana_rotten_03_hardcase_rotten_frame_000105.jpg,/mnt/d/merged_fruit_36_clean_v2/yolo_fruit_dataset/images/train/banana_rotten_03_hardcase_rotten_frame_000105.jpg,/mnt/d/merged_fruit_36_clean_v2/yolo_fruit_dataset/labels/train/banana_rotten_03_hardcase_rotten_frame_000105.txt
train,/mnt/d/merged_fruit_36_clean_v2/yolo_fruit_dataset/_tmp_frames/guava_fresh_01_clear_closeup_frame_000255.jpg,/mnt/d/merged_fruit_36_clean_v2/yolo_fruit_dataset/images/train/guava_fresh_01_clear_closeup_frame_000255.jpg,/mnt/d/merged_fruit_36_clean_v2/yolo_fruit_dataset/labels/train/guava_fresh_01_clear_closeup_frame_000255.txt
train,/mnt/d/merged_fruit_36_clean_v2/yolo_fruit_dataset/_tmp_frames/avocado_rotten_01_mild_rotten_frame_000285.jpg,/mnt/d/merged_fruit_36_clean_v2/yolo_fruit_dataset/images/train/avocado_rotten_01_mild_rotten_frame_000285.jpg,/mnt/d/merged_fruit_36_clean_v2/yolo_fruit_dataset/labels/train/avocado_rotten_01_mild_rotten_frame_000285.txt
train,/mnt/d/merged_fruit_36_clean_v2/yolo_fruit_dataset/_tmp_frames/grape_rotten_01_mild_rotten_frame_000555.jpg,/mnt/d/merged_fruit_36_clean_v2/yolo_fruit_dataset/images/train/grape_rotten_01_mild_rotten_frame_000555.jpg,/mnt/d/merged_fruit_36_clean_v2/yolo_fruit_dataset/labels/train/grape_rotten_01_mild_rotten_frame_000555.txt
train,/mnt/d/merged_fruit_36_clean_v2/yolo_fruit_dataset/_tmp_frames/banana_fresh_03_hardcase_frame_001410.jpg,/mnt/d/merged_fruit_36_clean_v2/yolo_fruit_dataset/images/train/banana_fresh_03_hardcase_frame_001410.jpg,/mnt/d/merged_fruit_36_clean_v2/yolo_fruit_dataset/labels/train/banana_fresh_03_hardcase_frame_001410.txt
train,/mnt/d/merged_fruit_36_clean_v2/yolo_fruit_dataset/_tmp_frames/potato_fresh_01_clear_closeup_frame_000375.jpg,/mnt/d/merged_fruit_36_clean_v2/yolo_fruit_dataset/images/train/potato_fresh_01_clear_closeup_frame_000375.jpg,/mnt/d/merged_fruit_36_clean_v2/yolo_fruit_dataset/labels/train/potato_fresh_01_clear_closeup_frame_000375.txt
train,/mnt/d/merged_fruit_36_clean_v2/yolo_fruit_dataset/_tmp_frames/tomato_rotten_02_soft_mold_rotten_frame_000090.jpg,/mnt/d/merged_fruit_36_clean_v2/yolo_fruit_dataset/images/train/tomato_rotten_02_soft_mold_rotten_frame_000090.jpg,/mnt/d/merged_fruit_36_clean_v2/yolo_fruit_dataset/labels/train/tomato_rotten_02_soft_mold_rotten_frame_000090.txt
train,/mnt/d/merged_fruit_36_clean_v2/yolo_fruit_dataset/_tmp_frames/potato_rotten_01_mild_rotten_frame_000150.jpg,/mnt/d/merged_fruit_36_clean_v2/yolo_fruit_dataset/images/train/potato_rotten_01_mild_rotten_frame_000150.jpg,/mnt/d/merged_fruit_36_clean_v2/yolo_fruit_dataset/labels/train/potato_rotten_01_mild_rotten_frame_000150.txt
train,/mnt/d/merged_fruit_36_clean_v2/yolo_fruit_dataset/_tmp_frames/potato_rotten_02_sprout_green_rotten_frame_000585.jpg,/mnt/d/merged_fruit_36_clean_v2/yolo_fruit_dataset/images/train/potato_rotten_02_sprout_green_rotten_frame_000585.jpg,/mnt/d/merged_fruit_36_clean_v2/yolo_fruit_dataset/labels/train/potato_rotten_02_sprout_green_rotten_frame_000585.txt
train,/mnt/d/merged_fruit_36_clean_v2/yolo_fruit_dataset/_tmp_frames/grape_rotten_01_mild_rotten_frame_000405.jpg,/mnt/d/merged_fruit_36_clean_v2/yolo_fruit_dataset/images/train/grape_rotten_01_mild_rotten_frame_000405.jpg,/mnt/d/merged_fruit_36_clean_v2/yolo_fruit_dataset/labels/train/grape_rotten_01_mild_rotten_frame_000405.txt
train,/mnt/d/merged_fruit_36_clean_v2/yolo_fruit_dataset/_tmp_frames/banana_fresh_03_hardcase_frame_000555.jpg,/mnt/d/merged_fruit_36_clean_v2/yolo_fruit_dataset/images/train/banana_fresh_03_hardcase_frame_000555.jpg,/mnt/d/merged_fruit_36_clean_v2/yolo_fruit_dataset/labels/train/banana_fresh_03_hardcase_frame_000555.txt
train,/mnt/d/merged_fruit_36_clean_v2/yolo_fruit_dataset/_tmp_frames/grape_fresh_01_clear_closeup_frame_000375.jpg,/mnt/d/merged_fruit_36_clean_v2/yolo_fruit_dataset/images/train/grape_fresh_01_clear_closeup_frame_000375.jpg,/mnt/d/merged_fruit_36_clean_v2/yolo_fruit_dataset/labels/train/grape_fresh_01_clear_closeup_frame_000375.txt
train,/mnt/d/merged_fruit_36_clean_v2/yolo_fruit_dataset/_tmp_frames/avocado_fresh_03_cut_open_hardcase_frame_000000.jpg,/mnt/d/merged_fruit_36_clean_v2/yolo_fruit_dataset/images/train/avocado_fresh_03_cut_open_hardcase_frame_000000.jpg,/mnt/d/merged_fruit_36_clean_v2/yolo_fruit_dataset/labels/train/avocado_fresh_03_cut_open_hardcase_frame_000000.txt
train,/mnt/d/merged_fruit_36_clean_v2/yolo_fruit_dataset/_tmp_frames/mango_rotten_02_black_bruised_rotten_frame_000195.jpg,/mnt/d/merged_fruit_36_clean_v2/yolo_fruit_dataset/images/train/mango_rotten_02_black_bruised_rotten_frame_000195.jpg,/mnt/d/merged_fruit_36_clean_v2/yolo_fruit_dataset/labels/train/mango_rotten_02_black_bruised_rotten_frame_000195.txt
train,/mnt/d/merged_fruit_36_clean_v2/yolo_fruit_dataset/_tmp_frames/bellpepper_rotten_03_hardcase_rotten_frame_000165.jpg,/mnt/d/merged_fruit_36_clean_v2/yolo_fruit_dataset/images/train/bellpepper_rotten_03_hardcase_rotten_frame_000165.jpg,/mnt/d/merged_fruit_36_clean_v2/yolo_fruit_dataset/labels/train/bellpepper_rotten_03_hardcase_rotten_frame_000165.txt
train,/mnt/d/merged_fruit_36_clean_v2/yolo_fruit_dataset/_tmp_frames/apple_fresh_03_hardcase_frame_000090.jpg,/mnt/d/merged_fruit_36_clean_v2/yolo_fruit_dataset/images/train/apple_fresh_03_hardcase_frame_000090.jpg,/mnt/d/merged_fruit_36_clean_v2/yolo_fruit_dataset/labels/train/apple_fresh_03_hardcase_frame_000090.txt
train,/mnt/d/merged_fruit_36_clean_v2/yolo_fruit_dataset/_tmp_frames/apple_fresh_02_real_context_frame_000180.jpg,/mnt/d/merged_fruit_36_clean_v2/yolo_fruit_dataset/images/train/apple_fresh_02_real_context_frame_000180.jpg,/mnt/d/merged_fruit_36_clean_v2/yolo_fruit_dataset/labels/train/apple_fresh_02_real_context_frame_000180.txt
train,/mnt/d/merged_fruit_36_clean_v2/yolo_fruit_dataset/_tmp_frames/pomegranate_fresh_03_cut_open_hardcase_frame_000270.jpg,/mnt/d/merged_fruit_36_clean_v2/yolo_fruit_dataset/images/train/pomegranate_fresh_03_cut_open_hardcase_frame_000270.jpg,/mnt/d/merged_fruit_36_clean_v2/yolo_fruit_dataset/labels/train/pomegranate_fresh_03_cut_open_hardcase_frame_000270.txt
train,/mnt/d/merged_fruit_36_clean_v2/yolo_fruit_dataset/_tmp_frames/guava_rotten_02_mold_bruised_rotten_frame_000165.jpg,/mnt/d/merged_fruit_36_clean_v2/yolo_fruit_dataset/images/train/guava_rotten_02_mold_bruised_rotten_frame_000165.jpg,/mnt/d/merged_fruit_36_clean_v2/yolo_fruit_dataset/labels/train/guava_rotten_02_mold_bruised_rotten_frame_000165.txt
train,/mnt/d/merged_fruit_36_clean_v2/yolo_fruit_dataset/_tmp_frames/peach_fresh_01_clear_closeup_frame_000435.jpg,/mnt/d/merged_fruit_36_clean_v2/yolo_fruit_dataset/images/train/peach_fresh_01_clear_closeup_frame_000435.jpg,/mnt/d/merged_fruit_36_clean_v2/yolo_fruit_dataset/labels/train/peach_fresh_01_clear_closeup_frame_000435.txt
train,/mnt/d/merged_fruit_36_clean_v2/yolo_fruit_dataset/_tmp_frames/avocado_fresh_02_real_context_frame_000225.jpg,/mnt/d/merged_fruit_36_clean_v2/yolo_fruit_dataset/images/train/avocado_fresh_02_real_context_frame_000225.jpg,/mnt/d/merged_fruit_36_clean_v2/yolo_fruit_dataset/labels/train/avocado_fresh_02_real_context_frame_000225.txt
train,/mnt/d/merged_fruit_36_clean_v2/yolo_fruit_dataset/_tmp_frames/banana_fresh_03_hardcase_frame_000075.jpg,/mnt/d/merged_fruit_36_clean_v2/yolo_fruit_dataset/images/train/banana_fresh_03_hardcase_frame_000075.jpg,/mnt/d/merged_fruit_36_clean_v2/yolo_fruit_dataset/labels/train/banana_fresh_03_hardcase_frame_000075.txt
train,/mnt/d/merged_fruit_36_clean_v2/yolo_fruit_dataset/_tmp_frames/mango_rotten_03_hardcase_rotten_frame_000015.jpg,/mnt/d/merged_fruit_36_clean_v2/yolo_fruit_dataset/images/train/mango_rotten_03_hardcase_rotten_frame_000015.jpg,/mnt/d/merged_fruit_36_clean_v2/yolo_fruit_dataset/labels/train/mango_rotten_03_hardcase_rotten_frame_000015.txt
train,/mnt/d/merged_fruit_36_clean_v2/yolo_fruit_dataset/_tmp_frames/pomegranate_fresh_03_cut_open_hardcase_frame_000075.jpg,/mnt/d/merged_fruit_36_clean_v2/yolo_fruit_dataset/images/train/pomegranate_fresh_03_cut_open_hardcase_frame_000075.jpg,/mnt/d/merged_fruit_36_clean_v2/yolo_fruit_dataset/labels/train/pomegranate_fresh_03_cut_open_hardcase_frame_000075.txt
train,/mnt/d/merged_fruit_36_clean_v2/yolo_fruit_dataset/_tmp_frames/apple_rotten_01_mild_rotten_frame_000195.jpg,/mnt/d/merged_fruit_36_clean_v2/yolo_fruit_dataset/images/train/apple_rotten_01_mild_rotten_frame_000195.jpg,/mnt/d/merged_fruit_36_clean_v2/yolo_fruit_dataset/labels/train/apple_rotten_01_mild_rotten_frame_000195.txt
train,/mnt/d/merged_fruit_36_clean_v2/yolo_fruit_dataset/_tmp_frames/strawberry_rotten_03_hardcase_rotten_frame_000360.jpg,/mnt/d/merged_fruit_36_clean_v2/yolo_fruit_dataset/images/train/strawberry_rotten_03_hardcase_rotten_frame_000360.jpg,/mnt/d/merged_fruit_36_clean_v2/yolo_fruit_dataset/labels/train/strawberry_rotten_03_hardcase_rotten_frame_000360.txt
train,/mnt/d/merged_fruit_36_clean_v2/yolo_fruit_dataset/_tmp_frames/lemon_fresh_03_cut_open_hardcase_frame_000375.jpg,/mnt/d/merged_fruit_36_clean_v2/yolo_fruit_dataset/images/train/lemon_fresh_03_cut_open_hardcase_frame_000375.jpg,/mnt/d/merged_fruit_36_clean_v2/yolo_fruit_dataset/labels/train/lemon_fresh_03_cut_open_hardcase_frame_000375.txt
train,/mnt/d/merged_fruit_36_clean_v2/yolo_fruit_dataset/_tmp_frames/carambola_fresh_02_real_context_frame_000135.jpg,/mnt/d/merged_fruit_36_clean_v2/yolo_fruit_dataset/images/train/carambola_fresh_02_real_context_frame_000135.jpg,/mnt/d/merged_fruit_36_clean_v2/yolo_fruit_dataset/labels/train/carambola_fresh_02_real_context_frame_000135.txt
train,/mnt/d/merged_fruit_36_clean_v2/yolo_fruit_dataset/_tmp_frames/lemon_fresh_03_cut_open_hardcase_frame_000120.jpg,/mnt/d/merged_fruit_36_clean_v2/yolo_fruit_dataset/images/train/lemon_fresh_03_cut_open_hardcase_frame_000120.jpg,/mnt/d/merged_fruit_36_clean_v2/yolo_fruit_dataset/labels/train/lemon_fresh_03_cut_open_hardcase_frame_000120.txt
train,/mnt/d/merged_fruit_36_clean_v2/yolo_fruit_dataset/_tmp_frames/carambola_fresh_01_clear_closeup_frame_000285.jpg,/mnt/d/merged_fruit_36_clean_v2/yolo_fruit_dataset/images/train/carambola_fresh_01_clear_closeup_frame_000285.jpg,/mnt/d/merged_fruit_36_clean_v2/yolo_fruit_dataset/labels/train/carambola_fresh_01_clear_closeup_frame_000285.txt
train,/mnt/d/merged_fruit_36_clean_v2/yolo_fruit_dataset/_tmp_frames/banana_rotten_01_mild_rotten_frame_000000.jpg,/mnt/d/merged_fruit_36_clean_v2/yolo_fruit_dataset/images/train/banana_rotten_01_mild_rotten_frame_000000.jpg,/mnt/d/merged_fruit_36_clean_v2/yolo_fruit_dataset/labels/train/banana_rotten_01_mild_rotten_frame_000000.txt
train,/mnt/d/merged_fruit_36_clean_v2/yolo_fruit_dataset/_tmp_frames/carrot_fresh_01_clear_closeup_frame_000285.jpg,/mnt/d/merged_fruit_36_clean_v2/yolo_fruit_dataset/images/train/carrot_fresh_01_clear_closeup_frame_000285.jpg,/mnt/d/merged_fruit_36_clean_v2/yolo_fruit_dataset/labels/train/carrot_fresh_01_clear_closeup_frame_000285.txt
train,/mnt/d/merged_fruit_36_clean_v2/yolo_fruit_dataset/_tmp_frames/grape_rotten_01_mild_rotten_frame_000255.jpg,/mnt/d/merged_fruit_36_clean_v2/yolo_fruit_dataset/images/train/grape_rotten_01_mild_rotten_frame_000255.jpg,/mnt/d/merged_fruit_36_clean_v2/yolo_fruit_dataset/labels/train/grape_rotten_01_mild_rotten_frame_000255.txt
train,/mnt/d/merged_fruit_36_clean_v2/yolo_fruit_dataset/_tmp_frames/pomegranate_rotten_02_mold_dark_rotten_frame_000150.jpg,/mnt/d/merged_fruit_36_clean_v2/yolo_fruit_dataset/images/train/pomegranate_rotten_02_mold_dark_rotten_frame_000150.jpg,/mnt/d/merged_fruit_36_clean_v2/yolo_fruit_dataset/labels/train/pomegranate_rotten_02_mold_dark_rotten_frame_000150.txt
train,/mnt/d/merged_fruit_36_clean_v2/yolo_fruit_dataset/_tmp_frames/orange_rotten_01_mild_rotten_frame_000255.jpg,/mnt/d/merged_fruit_36_clean_v2/yolo_fruit_dataset/images/train/orange_rotten_01_mild_rotten_frame_000255.jpg,/mnt/d/merged_fruit_36_clean_v2/yolo_fruit_dataset/labels/train/orange_rotten_01_mild_rotten_frame_000255.txt
train,/mnt/d/merged_fruit_36_clean_v2/yolo_fruit_dataset/_tmp_frames/apple_fresh_02_real_context_frame_000540.jpg,/mnt/d/merged_fruit_36_clean_v2/yolo_fruit_dataset/images/train/apple_fresh_02_real_context_frame_000540.jpg,/mnt/d/merged_fruit_36_clean_v2/yolo_fruit_dataset/labels/train/apple_fresh_02_real_context_frame_000540.txt
train,/mnt/d/merged_fruit_36_clean_v2/yolo_fruit_dataset/_tmp_frames/mango_rotten_03_hardcase_rotten_frame_000180.jpg,/mnt/d/merged_fruit_36_clean_v2/yolo_fruit_dataset/images/train/mango_rotten_03_hardcase_rotten_frame_000180.jpg,/mnt/d/merged_fruit_36_clean_v2/yolo_fruit_dataset/labels/train/mango_rotten_03_hardcase_rotten_frame_000180.txt
train,/mnt/d/merged_fruit_36_clean_v2/yolo_fruit_dataset/_tmp_frames/guava_fresh_02_real_context_frame_000195.jpg,/mnt/d/merged_fruit_36_clean_v2/yolo_fruit_dataset/images/train/guava_fresh_02_real_context_frame_000195.jpg,/mnt/d/merged_fruit_36_clean_v2/yolo_fruit_dataset/labels/train/guava_fresh_02_real_context_frame_000195.txt
train,/mnt/d/merged_fruit_36_clean_v2/yolo_fruit_dataset/_tmp_frames/guava_fresh_01_clear_closeup_frame_000165.jpg,/mnt/d/merged_fruit_36_clean_v2/yolo_fruit_dataset/images/train/guava_fresh_01_clear_closeup_frame_000165.jpg,/mnt/d/merged_fruit_36_clean_v2/yolo_fruit_dataset/labels/train/guava_fresh_01_clear_closeup_frame_000165.txt
train,/mnt/d/merged_fruit_36_clean_v2/yolo_fruit_dataset/_tmp_frames/avocado_fresh_01_clear_closeup_frame_000030.jpg,/mnt/d/merged_fruit_36_clean_v2/yolo_fruit_dataset/images/train/avocado_fresh_01_clear_closeup_frame_000030.jpg,/mnt/d/merged_fruit_36_clean_v2/yolo_fruit_dataset/labels/train/avocado_fresh_01_clear_closeup_frame_000030.txt
train,/mnt/d/merged_fruit_36_clean_v2/yolo_fruit_dataset/_tmp_frames/guava_fresh_01_clear_closeup_frame_000315.jpg,/mnt/d/merged_fruit_36_clean_v2/yolo_fruit_dataset/images/train/guava_fresh_01_clear_closeup_frame_000315.jpg,/mnt/d/merged_fruit_36_clean_v2/yolo_fruit_dataset/labels/train/guava_fresh_01_clear_closeup_frame_000315.txt
train,/mnt/d/merged_fruit_36_clean_v2/yolo_fruit_dataset/_tmp_frames/pomegranate_fresh_01_clear_closeup_frame_000015.jpg,/mnt/d/merged_fruit_36_clean_v2/yolo_fruit_dataset/images/train/pomegranate_fresh_01_clear_closeup_frame_000015.jpg,/mnt/d/merged_fruit_36_clean_v2/yolo_fruit_dataset/labels/train/pomegranate_fresh_01_clear_closeup_frame_000015.txt
train,/mnt/d/merged_fruit_36_clean_v2/yolo_fruit_dataset/_tmp_frames/guava_fresh_01_clear_closeup_frame_000210.jpg,/mnt/d/merged_fruit_36_clean_v2/yolo_fruit_dataset/images/train/guava_fresh_01_clear_closeup_frame_000210.jpg,/mnt/d/merged_fruit_36_clean_v2/yolo_fruit_dataset/labels/train/guava_fresh_01_clear_closeup_frame_000210.txt
train,/mnt/d/merged_fruit_36_clean_v2/yolo_fruit_dataset/_tmp_frames/peach_fresh_01_clear_closeup_frame_000840.jpg,/mnt/d/merged_fruit_36_clean_v2/yolo_fruit_dataset/images/train/peach_fresh_01_clear_closeup_frame_000840.jpg,/mnt/d/merged_fruit_36_clean_v2/yolo_fruit_dataset/labels/train/peach_fresh_01_clear_closeup_frame_000840.txt
train,/mnt/d/merged_fruit_36_clean_v2/yolo_fruit_dataset/_tmp_frames/cucumber_fresh_03_cut_open_hardcase_frame_000000.jpg,/mnt/d/merged_fruit_36_clean_v2/yolo_fruit_dataset/images/train/cucumber_fresh_03_cut_open_hardcase_frame_000000.jpg,/mnt/d/merged_fruit_36_clean_v2/yolo_fruit_dataset/labels/train/cucumber_fresh_03_cut_open_hardcase_frame_000000.txt
train,/mnt/d/merged_fruit_36_clean_v2/yolo_fruit_dataset/_tmp_frames/carambola_fresh_02_real_context_frame_000240.jpg,/mnt/d/merged_fruit_36_clean_v2/yolo_fruit_dataset/images/train/carambola_fresh_02_real_context_frame_000240.jpg,/mnt/d/merged_fruit_36_clean_v2/yolo_fruit_dataset/labels/train/carambola_fresh_02_real_context_frame_000240.txt
train,/mnt/d/merged_fruit_36_clean_v2/yolo_fruit_dataset/_tmp_frames/potato_fresh_01_clear_closeup_frame_000180.jpg,/mnt/d/merged_fruit_36_clean_v2/yolo_fruit_dataset/images/train/potato_fresh_01_clear_closeup_frame_000180.jpg,/mnt/d/merged_fruit_36_clean_v2/yolo_fruit_dataset/labels/train/potato_fresh_01_clear_closeup_frame_000180.txt
train,/mnt/d/merged_fruit_36_clean_v2/yolo_fruit_dataset/_tmp_frames/carambola_fresh_03_on_tree_hardcase_frame_000495.jpg,/mnt/d/merged_fruit_36_clean_v2/yolo_fruit_dataset/images/train/carambola_fresh_03_on_tree_hardcase_frame_000495.jpg,/mnt/d/merged_fruit_36_clean_v2/yolo_fruit_dataset/labels/train/carambola_fresh_03_on_tree_hardcase_frame_000495.txt
train,/mnt/d/merged_fruit_36_clean_v2/yolo_fruit_dataset/_tmp_frames/peach_fresh_01_clear_closeup_frame_000255.jpg,/mnt/d/merged_fruit_36_clean_v2/yolo_fruit_dataset/images/train/peach_fresh_01_clear_closeup_frame_000255.jpg,/mnt/d/merged_fruit_36_clean_v2/yolo_fruit_dataset/labels/train/peach_fresh_01_clear_closeup_frame_000255.txt
train,/mnt/d/merged_fruit_36_clean_v2/yolo_fruit_dataset/_tmp_frames/cucumber_fresh_02_real_context_frame_000105.jpg,/mnt/d/merged_fruit_36_clean_v2/yolo_fruit_dataset/images/train/cucumber_fresh_02_real_context_frame_000105.jpg,/mnt/d/merged_fruit_36_clean_v2/yolo_fruit_dataset/labels/train/cucumber_fresh_02_real_context_frame_000105.txt
train,/mnt/d/merged_fruit_36_clean_v2/yolo_fruit_dataset/_tmp_frames/tomato_fresh_02_real_context_frame_000315.jpg,/mnt/d/merged_fruit_36_clean_v2/yolo_fruit_dataset/images/train/tomato_fresh_02_real_context_frame_000315.jpg,/mnt/d/merged_fruit_36_clean_v2/yolo_fruit_dataset/labels/train/tomato_fresh_02_real_context_frame_000315.txt
train,/mnt/d/merged_fruit_36_clean_v2/yolo_fruit_dataset/_tmp_frames/apple_rotten_03_hardcase_rotten_frame_000360.jpg,/mnt/d/merged_fruit_36_clean_v2/yolo_fruit_dataset/images/train/apple_rotten_03_hardcase_rotten_frame_000360.jpg,/mnt/d/merged_fruit_36_clean_v2/yolo_fruit_dataset/labels/train/apple_rotten_03_hardcase_rotten_frame_000360.txt
train,/mnt/d/merged_fruit_36_clean_v2/yolo_fruit_dataset/_tmp_frames/guava_fresh_03_on_tree_hardcase_frame_000420.jpg,/mnt/d/merged_fruit_36_clean_v2/yolo_fruit_dataset/images/train/guava_fresh_03_on_tree_hardcase_frame_000420.jpg,/mnt/d/merged_fruit_36_clean_v2/yolo_fruit_dataset/labels/train/guava_fresh_03_on_tree_hardcase_frame_000420.txt
train,/mnt/d/merged_fruit_36_clean_v2/yolo_fruit_dataset/_tmp_frames/potato_rotten_02_sprout_green_rotten_frame_000405.jpg,/mnt/d/merged_fruit_36_clean_v2/yolo_fruit_dataset/images/train/potato_rotten_02_sprout_green_rotten_frame_000405.jpg,/mnt/d/merged_fruit_36_clean_v2/yolo_fruit_dataset/labels/train/potato_rotten_02_sprout_green_rotten_frame_000405.txt
train,/mnt/d/merged_fruit_36_clean_v2/yolo_fruit_dataset/_tmp_frames/bellpepper_fresh_02_real_context_frame_000390.jpg,/mnt/d/merged_fruit_36_clean_v2/yolo_fruit_dataset/images/train/bellpepper_fresh_02_real_context_frame_000390.jpg,/mnt/d/merged_fruit_36_clean_v2/yolo_fruit_dataset/labels/train/bellpepper_fresh_02_real_context_frame_000390.txt
train,/mnt/d/merged_fruit_36_clean_v2/yolo_fruit_dataset/_tmp_frames/apple_fresh_02_real_context_frame_000675.jpg,/mnt/d/merged_fruit_36_clean_v2/yolo_fruit_dataset/images/train/apple_fresh_02_real_context_frame_000675.jpg,/mnt/d/merged_fruit_36_clean_v2/yolo_fruit_dataset/labels/train/apple_fresh_02_real_context_frame_000675.txt
train,/mnt/d/merged_fruit_36_clean_v2/yolo_fruit_dataset/_tmp_frames/apple_fresh_02_real_context_frame_000915.jpg,/mnt/d/merged_fruit_36_clean_v2/yolo_fruit_dataset/images/train/apple_fresh_02_real_context_frame_000915.jpg,/mnt/d/merged_fruit_36_clean_v2/yolo_fruit_dataset/labels/train/apple_fresh_02_real_context_frame_000915.txt
train,/mnt/d/merged_fruit_36_clean_v2/yolo_fruit_dataset/_tmp_frames/pomegranate_rotten_01_mild_rotten_frame_000135.jpg,/mnt/d/merged_fruit_36_clean_v2/yolo_fruit_dataset/images/train/pomegranate_rotten_01_mild_rotten_frame_000135.jpg,/mnt/d/merged_fruit_36_clean_v2/yolo_fruit_dataset/labels/train/pomegranate_rotten_01_mild_rotten_frame_000135.txt
train,/mnt/d/merged_fruit_36_clean_v2/yolo_fruit_dataset/_tmp_frames/avocado_fresh_02_real_context_frame_000045.jpg,/mnt/d/merged_fruit_36_clean_v2/yolo_fruit_dataset/images/train/avocado_fresh_02_real_context_frame_000045.jpg,/mnt/d/merged_fruit_36_clean_v2/yolo_fruit_dataset/labels/train/avocado_fresh_02_real_context_frame_000045.txt
train,/mnt/d/merged_fruit_36_clean_v2/yolo_fruit_dataset/_tmp_frames/guava_rotten_01_mild_rotten_frame_000075.jpg,/mnt/d/merged_fruit_36_clean_v2/yolo_fruit_dataset/images/train/guava_rotten_01_mild_rotten_frame_000075.jpg,/mnt/d/merged_fruit_36_clean_v2/yolo_fruit_dataset/labels/train/guava_rotten_01_mild_rotten_frame_000075.txt
train,/mnt/d/merged_fruit_36_clean_v2/yolo_fruit_dataset/_tmp_frames/grape_fresh_03_on_tree_hardcase_frame_000210.jpg,/mnt/d/merged_fruit_36_clean_v2/yolo_fruit_dataset/images/train/grape_fresh_03_on_tree_hardcase_frame_000210.jpg,/mnt/d/merged_fruit_36_clean_v2/yolo_fruit_dataset/labels/train/grape_fresh_03_on_tree_hardcase_frame_000210.txt
train,/mnt/d/merged_fruit_36_clean_v2/yolo_fruit_dataset/_tmp_frames/carrot_fresh_03_hardcase_frame_000165.jpg,/mnt/d/merged_fruit_36_clean_v2/yolo_fruit_dataset/images/train/carrot_fresh_03_hardcase_frame_000165.jpg,/mnt/d/merged_fruit_36_clean_v2/yolo_fruit_dataset/labels/train/carrot_fresh_03_hardcase_frame_000165.txt
train,/mnt/d/merged_fruit_36_clean_v2/yolo_fruit_dataset/_tmp_frames/apple_rotten_01_mild_rotten_frame_000270.jpg,/mnt/d/merged_fruit_36_clean_v2/yolo_fruit_dataset/images/train/apple_rotten_01_mild_rotten_frame_000270.jpg,/mnt/d/merged_fruit_36_clean_v2/yolo_fruit_dataset/labels/train/apple_rotten_01_mild_rotten_frame_000270.txt
train,/mnt/d/merged_fruit_36_clean_v2/yolo_fruit_dataset/_tmp_frames/mango_rotten_02_black_bruised_rotten_frame_000240.jpg,/mnt/d/merged_fruit_36_clean_v2/yolo_fruit_dataset/images/train/mango_rotten_02_black_bruised_rotten_frame_000240.jpg,/mnt/d/merged_fruit_36_clean_v2/yolo_fruit_dataset/labels/train/mango_rotten_02_black_bruised_rotten_frame_000240.txt
train,/mnt/d/merged_fruit_36_clean_v2/yolo_fruit_dataset/_tmp_frames/orange_fresh_01_clear_closeup_frame_000015.jpg,/mnt/d/merged_fruit_36_clean_v2/yolo_fruit_dataset/images/train/orange_fresh_01_clear_closeup_frame_000015.jpg,/mnt/d/merged_fruit_36_clean_v2/yolo_fruit_dataset/labels/train/orange_fresh_01_clear_closeup_frame_000015.txt
train,/mnt/d/merged_fruit_36_clean_v2/yolo_fruit_dataset/_tmp_frames/bellpepper_fresh_03_cut_open_hardcase_frame_000390.jpg,/mnt/d/merged_fruit_36_clean_v2/yolo_fruit_dataset/images/train/bellpepper_fresh_03_cut_open_hardcase_frame_000390.jpg,/mnt/d/merged_fruit_36_clean_v2/yolo_fruit_dataset/labels/train/bellpepper_fresh_03_cut_open_hardcase_frame_000390.txt
train,/mnt/d/merged_fruit_36_clean_v2/yolo_fruit_dataset/_tmp_frames/grape_fresh_01_clear_closeup_frame_000270.jpg,/mnt/d/merged_fruit_36_clean_v2/yolo_fruit_dataset/images/train/grape_fresh_01_clear_closeup_frame_000270.jpg,/mnt/d/merged_fruit_36_clean_v2/yolo_fruit_dataset/labels/train/grape_fresh_01_clear_closeup_frame_000270.txt
train,/mnt/d/merged_fruit_36_clean_v2/yolo_fruit_dataset/_tmp_frames/apple_fresh_02_real_context_frame_000300.jpg,/mnt/d/merged_fruit_36_clean_v2/yolo_fruit_dataset/images/train/apple_fresh_02_real_context_frame_000300.jpg,/mnt/d/merged_fruit_36_clean_v2/yolo_fruit_dataset/labels/train/apple_fresh_02_real_context_frame_000300.txt
train,/mnt/d/merged_fruit_36_clean_v2/yolo_fruit_dataset/_tmp_frames/carrot_rotten_01_mild_rotten_frame_000150.jpg,/mnt/d/merged_fruit_36_clean_v2/yolo_fruit_dataset/images/train/carrot_rotten_01_mild_rotten_frame_000150.jpg,/mnt/d/merged_fruit_36_clean_v2/yolo_fruit_dataset/labels/train/carrot_rotten_01_mild_rotten_frame_000150.txt
train,/mnt/d/merged_fruit_36_clean_v2/yolo_fruit_dataset/_tmp_frames/peach_rotten_02_mold_bruised_rotten_frame_000495.jpg,/mnt/d/merged_fruit_36_clean_v2/yolo_fruit_dataset/images/train/peach_rotten_02_mold_bruised_rotten_frame_000495.jpg,/mnt/d/merged_fruit_36_clean_v2/yolo_fruit_dataset/labels/train/peach_rotten_02_mold_bruised_rotten_frame_000495.txt
train,/mnt/d/merged_fruit_36_clean_v2/yolo_fruit_dataset/_tmp_frames/orange_rotten_02_mold_soft_rotten_frame_000375.jpg,/mnt/d/merged_fruit_36_clean_v2/yolo_fruit_dataset/images/train/orange_rotten_02_mold_soft_rotten_frame_000375.jpg,/mnt/d/merged_fruit_36_clean_v2/yolo_fruit_dataset/labels/train/orange_rotten_02_mold_soft_rotten_frame_000375.txt
train,/mnt/d/merged_fruit_36_clean_v2/yolo_fruit_dataset/_tmp_frames/carambola_fresh_02_real_context_frame_000255.jpg,/mnt/d/merged_fruit_36_clean_v2/yolo_fruit_dataset/images/train/carambola_fresh_02_real_context_frame_000255.jpg,/mnt/d/merged_fruit_36_clean_v2/yolo_fruit_dataset/labels/train/carambola_fresh_02_real_context_frame_000255.txt
train,/mnt/d/merged_fruit_36_clean_v2/yolo_fruit_dataset/_tmp_frames/grape_rotten_03_hardcase_rotten_frame_000060.jpg,/mnt/d/merged_fruit_36_clean_v2/yolo_fruit_dataset/images/train/grape_rotten_03_hardcase_rotten_frame_000060.jpg,/mnt/d/merged_fruit_36_clean_v2/yolo_fruit_dataset/labels/train/grape_rotten_03_hardcase_rotten_frame_000060.txt
train,/mnt/d/merged_fruit_36_clean_v2/yolo_fruit_dataset/_tmp_frames/grape_fresh_01_clear_closeup_frame_000990.jpg,/mnt/d/merged_fruit_36_clean_v2/yolo_fruit_dataset/images/train/grape_fresh_01_clear_closeup_frame_000990.jpg,/mnt/d/merged_fruit_36_clean_v2/yolo_fruit_dataset/labels/train/grape_fresh_01_clear_closeup_frame_000990.txt
train,/mnt/d/merged_fruit_36_clean_v2/yolo_fruit_dataset/_tmp_frames/potato_rotten_02_sprout_green_rotten_frame_000225.jpg,/mnt/d/merged_fruit_36_clean_v2/yolo_fruit_dataset/images/train/potato_rotten_02_sprout_green_rotten_frame_000225.jpg,/mnt/d/merged_fruit_36_clean_v2/yolo_fruit_dataset/labels/train/potato_rotten_02_sprout_green_rotten_frame_000225.txt
train,/mnt/d/merged_fruit_36_clean_v2/yolo_fruit_dataset/_tmp_frames/carambola_fresh_02_real_context_frame_000165.jpg,/mnt/d/merged_fruit_36_clean_v2/yolo_fruit_dataset/images/train/carambola_fresh_02_real_context_frame_000165.jpg,/mnt/d/merged_fruit_36_clean_v2/yolo_fruit_dataset/labels/train/carambola_fresh_02_real_context_frame_000165.txt
train,/mnt/d/merged_fruit_36_clean_v2/yolo_fruit_dataset/_tmp_frames/guava_fresh_03_on_tree_hardcase_frame_000495.jpg,/mnt/d/merged_fruit_36_clean_v2/yolo_fruit_dataset/images/train/guava_fresh_03_on_tree_hardcase_frame_000495.jpg,/mnt/d/merged_fruit_36_clean_v2/yolo_fruit_dataset/labels/train/guava_fresh_03_on_tree_hardcase_frame_000495.txt
train,/mnt/d/merged_fruit_36_clean_v2/yolo_fruit_dataset/_tmp_frames/avocado_fresh_02_real_context_frame_000270.jpg,/mnt/d/merged_fruit_36_clean_v2/yolo_fruit_dataset/images/train/avocado_fresh_02_real_context_frame_000270.jpg,/mnt/d/merged_fruit_36_clean_v2/yolo_fruit_dataset/labels/train/avocado_fresh_02_real_context_frame_000270.txt
train,/mnt/d/merged_fruit_36_clean_v2/yolo_fruit_dataset/_tmp_frames/cucumber_fresh_02_real_context_frame_000075.jpg,/mnt/d/merged_fruit_36_clean_v2/yolo_fruit_dataset/images/train/cucumber_fresh_02_real_context_frame_000075.jpg,/mnt/d/merged_fruit_36_clean_v2/yolo_fruit_dataset/labels/train/cucumber_fresh_02_real_context_frame_000075.txt
train,/mnt/d/merged_fruit_36_clean_v2/yolo_fruit_dataset/_tmp_frames/jujube_fresh_03_on_tree_hardcase_frame_000015.jpg,/mnt/d/merged_fruit_36_clean_v2/yolo_fruit_dataset/images/train/jujube_fresh_03_on_tree_hardcase_frame_000015.jpg,/mnt/d/merged_fruit_36_clean_v2/yolo_fruit_dataset/labels/train/jujube_fresh_03_on_tree_hardcase_frame_000015.txt
train,/mnt/d/merged_fruit_36_clean_v2/yolo_fruit_dataset/_tmp_frames/guava_fresh_02_real_context_frame_000225.jpg,/mnt/d/merged_fruit_36_clean_v2/yolo_fruit_dataset/images/train/guava_fresh_02_real_context_frame_000225.jpg,/mnt/d/merged_fruit_36_clean_v2/yolo_fruit_dataset/labels/train/guava_fresh_02_real_context_frame_000225.txt
train,/mnt/d/merged_fruit_36_clean_v2/yolo_fruit_dataset/_tmp_frames/carambola_rotten_01_mild_rotten_frame_000075.jpg,/mnt/d/merged_fruit_36_clean_v2/yolo_fruit_dataset/images/train/carambola_rotten_01_mild_rotten_frame_000075.jpg,/mnt/d/merged_fruit_36_clean_v2/yolo_fruit_dataset/labels/train/carambola_rotten_01_mild_rotten_frame_000075.txt
train,/mnt/d/merged_fruit_36_clean_v2/yolo_fruit_dataset/_tmp_frames/grape_fresh_02_real_context_frame_001110.jpg,/mnt/d/merged_fruit_36_clean_v2/yolo_fruit_dataset/images/train/grape_fresh_02_real_context_frame_001110.jpg,/mnt/d/merged_fruit_36_clean_v2/yolo_fruit_dataset/labels/train/grape_fresh_02_real_context_frame_001110.txt
train,/mnt/d/merged_fruit_36_clean_v2/yolo_fruit_dataset/_tmp_frames/grape_rotten_01_mild_rotten_frame_000285.jpg,/mnt/d/merged_fruit_36_clean_v2/yolo_fruit_dataset/images/train/grape_rotten_01_mild_rotten_frame_000285.jpg,/mnt/d/merged_fruit_36_clean_v2/yolo_fruit_dataset/labels/train/grape_rotten_01_mild_rotten_frame_000285.txt
train,/mnt/d/merged_fruit_36_clean_v2/yolo_fruit_dataset/_tmp_frames/potato_fresh_01_clear_closeup_frame_000150.jpg,/mnt/d/merged_fruit_36_clean_v2/yolo_fruit_dataset/images/train/potato_fresh_01_clear_closeup_frame_000150.jpg,/mnt/d/merged_fruit_36_clean_v2/yolo_fruit_dataset/labels/train/potato_fresh_01_clear_closeup_frame_000150.txt
train,/mnt/d/merged_fruit_36_clean_v2/yolo_fruit_dataset/_tmp_frames/carambola_rotten_01_mild_rotten_frame_000150.jpg,/mnt/d/merged_fruit_36_clean_v2/yolo_fruit_dataset/images/train/carambola_rotten_01_mild_rotten_frame_000150.jpg,/mnt/d/merged_fruit_36_clean_v2/yolo_fruit_dataset/labels/train/carambola_rotten_01_mild_rotten_frame_000150.txt
train,/mnt/d/merged_fruit_36_clean_v2/yolo_fruit_dataset/_tmp_frames/lemon_fresh_03_cut_open_hardcase_frame_000345.jpg,/mnt/d/merged_fruit_36_clean_v2/yolo_fruit_dataset/images/train/lemon_fresh_03_cut_open_hardcase_frame_000345.jpg,/mnt/d/merged_fruit_36_clean_v2/yolo_fruit_dataset/labels/train/lemon_fresh_03_cut_open_hardcase_frame_000345.txt
train,/mnt/d/merged_fruit_36_clean_v2/yolo_fruit_dataset/_tmp_frames/avocado_rotten_01_mild_rotten_frame_000075.jpg,/mnt/d/merged_fruit_36_clean_v2/yolo_fruit_dataset/images/train/avocado_rotten_01_mild_rotten_frame_000075.jpg,/mnt/d/merged_fruit_36_clean_v2/yolo_fruit_dataset/labels/train/avocado_rotten_01_mild_rotten_frame_000075.txt
train,/mnt/d/merged_fruit_36_clean_v2/yolo_fruit_dataset/_tmp_frames/apple_rotten_01_mild_rotten_frame_000645.jpg,/mnt/d/merged_fruit_36_clean_v2/yolo_fruit_dataset/images/train/apple_rotten_01_mild_rotten_frame_000645.jpg,/mnt/d/merged_fruit_36_clean_v2/yolo_fruit_dataset/labels/train/apple_rotten_01_mild_rotten_frame_000645.txt
train,/mnt/d/merged_fruit_36_clean_v2/yolo_fruit_dataset/_tmp_frames/jujube_fresh_01_clear_closeup_frame_000150.jpg,/mnt/d/merged_fruit_36_clean_v2/yolo_fruit_dataset/images/train/jujube_fresh_01_clear_closeup_frame_000150.jpg,/mnt/d/merged_fruit_36_clean_v2/yolo_fruit_dataset/labels/train/jujube_fresh_01_clear_closeup_frame_000150.txt
train,/mnt/d/merged_fruit_36_clean_v2/yolo_fruit_dataset/_tmp_frames/jujube_fresh_02_real_context_frame_000195.jpg,/mnt/d/merged_fruit_36_clean_v2/yolo_fruit_dataset/images/train/jujube_fresh_02_real_context_frame_000195.jpg,/mnt/d/merged_fruit_36_clean_v2/yolo_fruit_dataset/labels/train/jujube_fresh_02_real_context_frame_000195.txt
train,/mnt/d/merged_fruit_36_clean_v2/yolo_fruit_dataset/_tmp_frames/grape_rotten_02_mold_bruised_rotten_frame_000015.jpg,/mnt/d/merged_fruit_36_clean_v2/yolo_fruit_dataset/images/train/grape_rotten_02_mold_bruised_rotten_frame_000015.jpg,/mnt/d/merged_fruit_36_clean_v2/yolo_fruit_dataset/labels/train/grape_rotten_02_mold_bruised_rotten_frame_000015.txt
train,/mnt/d/merged_fruit_36_clean_v2/yolo_fruit_dataset/_tmp_frames/grape_fresh_02_real_context_frame_001095.jpg,/mnt/d/merged_fruit_36_clean_v2/yolo_fruit_dataset/images/train/grape_fresh_02_real_context_frame_001095.jpg,/mnt/d/merged_fruit_36_clean_v2/yolo_fruit_dataset/labels/train/grape_fresh_02_real_context_frame_001095.txt
train,/mnt/d/merged_fruit_36_clean_v2/yolo_fruit_dataset/_tmp_frames/strawberry_rotten_03_hardcase_rotten_frame_000780.jpg,/mnt/d/merged_fruit_36_clean_v2/yolo_fruit_dataset/images/train/strawberry_rotten_03_hardcase_rotten_frame_000780.jpg,/mnt/d/merged_fruit_36_clean_v2/yolo_fruit_dataset/labels/train/strawberry_rotten_03_hardcase_rotten_frame_000780.txt
train,/mnt/d/merged_fruit_36_clean_v2/yolo_fruit_dataset/_tmp_frames/banana_rotten_02_black_bruised_rotten_frame_000210.jpg,/mnt/d/merged_fruit_36_clean_v2/yolo_fruit_dataset/images/train/banana_rotten_02_black_bruised_rotten_frame_000210.jpg,/mnt/d/merged_fruit_36_clean_v2/yolo_fruit_dataset/labels/train/banana_rotten_02_black_bruised_rotten_frame_000210.txt
train,/mnt/d/merged_fruit_36_clean_v2/yolo_fruit_dataset/_tmp_frames/avocado_rotten_03_hardcase_rotten_frame_000000.jpg,/mnt/d/merged_fruit_36_clean_v2/yolo_fruit_dataset/images/train/avocado_rotten_03_hardcase_rotten_frame_000000.jpg,/mnt/d/merged_fruit_36_clean_v2/yolo_fruit_dataset/labels/train/avocado_rotten_03_hardcase_rotten_frame_000000.txt
train,/mnt/d/merged_fruit_36_clean_v2/yolo_fruit_dataset/_tmp_frames/peach_fresh_01_clear_closeup_frame_000675.jpg,/mnt/d/merged_fruit_36_clean_v2/yolo_fruit_dataset/images/train/peach_fresh_01_clear_closeup_frame_000675.jpg,/mnt/d/merged_fruit_36_clean_v2/yolo_fruit_dataset/labels/train/peach_fresh_01_clear_closeup_frame_000675.txt
train,/mnt/d/merged_fruit_36_clean_v2/yolo_fruit_dataset/_tmp_frames/carrot_rotten_02_mold_soft_rotten_frame_000300.jpg,/mnt/d/merged_fruit_36_clean_v2/yolo_fruit_dataset/images/train/carrot_rotten_02_mold_soft_rotten_frame_000300.jpg,/mnt/d/merged_fruit_36_clean_v2/yolo_fruit_dataset/labels/train/carrot_rotten_02_mold_soft_rotten_frame_000300.txt
train,/mnt/d/merged_fruit_36_clean_v2/yolo_fruit_dataset/_tmp_frames/grape_rotten_01_mild_rotten_frame_000060.jpg,/mnt/d/merged_fruit_36_clean_v2/yolo_fruit_dataset/images/train/grape_rotten_01_mild_rotten_frame_000060.jpg,/mnt/d/merged_fruit_36_clean_v2/yolo_fruit_dataset/labels/train/grape_rotten_01_mild_rotten_frame_000060.txt
train,/mnt/d/merged_fruit_36_clean_v2/yolo_fruit_dataset/_tmp_frames/carambola_fresh_02_real_context_frame_000090.jpg,/mnt/d/merged_fruit_36_clean_v2/yolo_fruit_dataset/images/train/carambola_fresh_02_real_context_frame_000090.jpg,/mnt/d/merged_fruit_36_clean_v2/yolo_fruit_dataset/labels/train/carambola_fresh_02_real_context_frame_000090.txt
train,/mnt/d/merged_fruit_36_clean_v2/yolo_fruit_dataset/_tmp_frames/orange_rotten_03_hardcase_rotten_frame_000255.jpg,/mnt/d/merged_fruit_36_clean_v2/yolo_fruit_dataset/images/train/orange_rotten_03_hardcase_rotten_frame_000255.jpg,/mnt/d/merged_fruit_36_clean_v2/yolo_fruit_dataset/labels/train/orange_rotten_03_hardcase_rotten_frame_000255.txt
train,/mnt/d/merged_fruit_36_clean_v2/yolo_fruit_dataset/_tmp_frames/avocado_fresh_03_cut_open_hardcase_frame_000195.jpg,/mnt/d/merged_fruit_36_clean_v2/yolo_fruit_dataset/images/train/avocado_fresh_03_cut_open_hardcase_frame_000195.jpg,/mnt/d/merged_fruit_36_clean_v2/yolo_fruit_dataset/labels/train/avocado_fresh_03_cut_open_hardcase_frame_000195.txt
train,/mnt/d/merged_fruit_36_clean_v2/yolo_fruit_dataset/_tmp_frames/banana_fresh_03_hardcase_frame_000420.jpg,/mnt/d/merged_fruit_36_clean_v2/yolo_fruit_dataset/images/train/banana_fresh_03_hardcase_frame_000420.jpg,/mnt/d/merged_fruit_36_clean_v2/yolo_fruit_dataset/labels/train/banana_fresh_03_hardcase_frame_000420.txt
train,/mnt/d/merged_fruit_36_clean_v2/yolo_fruit_dataset/_tmp_frames/banana_fresh_01_clear_closeup_frame_000000.jpg,/mnt/d/merged_fruit_36_clean_v2/yolo_fruit_dataset/images/train/banana_fresh_01_clear_closeup_frame_000000.jpg,/mnt/d/merged_fruit_36_clean_v2/yolo_fruit_dataset/labels/train/banana_fresh_01_clear_closeup_frame_000000.txt
train,/mnt/d/merged_fruit_36_clean_v2/yolo_fruit_dataset/_tmp_frames/guava_fresh_01_clear_closeup_frame_000525.jpg,/mnt/d/merged_fruit_36_clean_v2/yolo_fruit_dataset/images/train/guava_fresh_01_clear_closeup_frame_000525.jpg,/mnt/d/merged_fruit_36_clean_v2/yolo_fruit_dataset/labels/train/guava_fresh_01_clear_closeup_frame_000525.txt
train,/mnt/d/merged_fruit_36_clean_v2/yolo_fruit_dataset/_tmp_frames/peach_fresh_01_clear_closeup_frame_000105.jpg,/mnt/d/merged_fruit_36_clean_v2/yolo_fruit_dataset/images/train/peach_fresh_01_clear_closeup_frame_000105.jpg,/mnt/d/merged_fruit_36_clean_v2/yolo_fruit_dataset/labels/train/peach_fresh_01_clear_closeup_frame_000105.txt
train,/mnt/d/merged_fruit_36_clean_v2/yolo_fruit_dataset/_tmp_frames/guava_rotten_01_mild_rotten_frame_000240.jpg,/mnt/d/merged_fruit_36_clean_v2/yolo_fruit_dataset/images/train/guava_rotten_01_mild_rotten_frame_000240.jpg,/mnt/d/merged_fruit_36_clean_v2/yolo_fruit_dataset/labels/train/guava_rotten_01_mild_rotten_frame_000240.txt
train,/mnt/d/merged_fruit_36_clean_v2/yolo_fruit_dataset/_tmp_frames/apple_rotten_03_hardcase_rotten_frame_000135.jpg,/mnt/d/merged_fruit_36_clean_v2/yolo_fruit_dataset/images/train/apple_rotten_03_hardcase_rotten_frame_000135.jpg,/mnt/d/merged_fruit_36_clean_v2/yolo_fruit_dataset/labels/train/apple_rotten_03_hardcase_rotten_frame_000135.txt
train,/mnt/d/merged_fruit_36_clean_v2/yolo_fruit_dataset/_tmp_frames/avocado_fresh_03_cut_open_hardcase_frame_000180.jpg,/mnt/d/merged_fruit_36_clean_v2/yolo_fruit_dataset/images/train/avocado_fresh_03_cut_open_hardcase_frame_000180.jpg,/mnt/d/merged_fruit_36_clean_v2/yolo_fruit_dataset/labels/train/avocado_fresh_03_cut_open_hardcase_frame_000180.txt
train,/mnt/d/merged_fruit_36_clean_v2/yolo_fruit_dataset/_tmp_frames/carambola_fresh_02_real_context_frame_000060.jpg,/mnt/d/merged_fruit_36_clean_v2/yolo_fruit_dataset/images/train/carambola_fresh_02_real_context_frame_000060.jpg,/mnt/d/merged_fruit_36_clean_v2/yolo_fruit_dataset/labels/train/carambola_fresh_02_real_context_frame_000060.txt
train,/mnt/d/merged_fruit_36_clean_v2/yolo_fruit_dataset/_tmp_frames/grape_fresh_01_clear_closeup_frame_000825.jpg,/mnt/d/merged_fruit_36_clean_v2/yolo_fruit_dataset/images/train/grape_fresh_01_clear_closeup_frame_000825.jpg,/mnt/d/merged_fruit_36_clean_v2/yolo_fruit_dataset/labels/train/grape_fresh_01_clear_closeup_frame_000825.txt
train,/mnt/d/merged_fruit_36_clean_v2/yolo_fruit_dataset/_tmp_frames/apple_fresh_02_real_context_frame_000555.jpg,/mnt/d/merged_fruit_36_clean_v2/yolo_fruit_dataset/images/train/apple_fresh_02_real_context_frame_000555.jpg,/mnt/d/merged_fruit_36_clean_v2/yolo_fruit_dataset/labels/train/apple_fresh_02_real_context_frame_000555.txt
train,/mnt/d/merged_fruit_36_clean_v2/yolo_fruit_dataset/_tmp_frames/strawberry_fresh_01_clear_closeup_frame_000045.jpg,/mnt/d/merged_fruit_36_clean_v2/yolo_fruit_dataset/images/train/strawberry_fresh_01_clear_closeup_frame_000045.jpg,/mnt/d/merged_fruit_36_clean_v2/yolo_fruit_dataset/labels/train/strawberry_fresh_01_clear_closeup_frame_000045.txt
train,/mnt/d/merged_fruit_36_clean_v2/yolo_fruit_dataset/_tmp_frames/bellpepper_fresh_02_real_context_frame_000525.jpg,/mnt/d/merged_fruit_36_clean_v2/yolo_fruit_dataset/images/train/bellpepper_fresh_02_real_context_frame_000525.jpg,/mnt/d/merged_fruit_36_clean_v2/yolo_fruit_dataset/labels/train/bellpepper_fresh_02_real_context_frame_000525.txt
train,/mnt/d/merged_fruit_36_clean_v2/yolo_fruit_dataset/_tmp_frames/apple_fresh_02_real_context_frame_000735.jpg,/mnt/d/merged_fruit_36_clean_v2/yolo_fruit_dataset/images/train/apple_fresh_02_real_context_frame_000735.jpg,/mnt/d/merged_fruit_36_clean_v2/yolo_fruit_dataset/labels/train/apple_fresh_02_real_context_frame_000735.txt
train,/mnt/d/merged_fruit_36_clean_v2/yolo_fruit_dataset/_tmp_frames/pomegranate_rotten_01_mild_rotten_frame_000105.jpg,/mnt/d/merged_fruit_36_clean_v2/yolo_fruit_dataset/images/train/pomegranate_rotten_01_mild_rotten_frame_000105.jpg,/mnt/d/merged_fruit_36_clean_v2/yolo_fruit_dataset/labels/train/pomegranate_rotten_01_mild_rotten_frame_000105.txt
train,/mnt/d/merged_fruit_36_clean_v2/yolo_fruit_dataset/_tmp_frames/apple_rotten_03_hardcase_rotten_frame_000345.jpg,/mnt/d/merged_fruit_36_clean_v2/yolo_fruit_dataset/images/train/apple_rotten_03_hardcase_rotten_frame_000345.jpg,/mnt/d/merged_fruit_36_clean_v2/yolo_fruit_dataset/labels/train/apple_rotten_03_hardcase_rotten_frame_000345.txt
train,/mnt/d/merged_fruit_36_clean_v2/yolo_fruit_dataset/_tmp_frames/tomato_fresh_01_clear_closeup_frame_000495.jpg,/mnt/d/merged_fruit_36_clean_v2/yolo_fruit_dataset/images/train/tomato_fresh_01_clear_closeup_frame_000495.jpg,/mnt/d/merged_fruit_36_clean_v2/yolo_fruit_dataset/labels/train/tomato_fresh_01_clear_closeup_frame_000495.txt
train,/mnt/d/merged_fruit_36_clean_v2/yolo_fruit_dataset/_tmp_frames/potato_rotten_02_sprout_green_rotten_frame_000480.jpg,/mnt/d/merged_fruit_36_clean_v2/yolo_fruit_dataset/images/train/potato_rotten_02_sprout_green_rotten_frame_000480.jpg,/mnt/d/merged_fruit_36_clean_v2/yolo_fruit_dataset/labels/train/potato_rotten_02_sprout_green_rotten_frame_000480.txt
train,/mnt/d/merged_fruit_36_clean_v2/yolo_fruit_dataset/_tmp_frames/banana_rotten_02_black_bruised_rotten_frame_000015.jpg,/mnt/d/merged_fruit_36_clean_v2/yolo_fruit_dataset/images/train/banana_rotten_02_black_bruised_rotten_frame_000015.jpg,/mnt/d/merged_fruit_36_clean_v2/yolo_fruit_dataset/labels/train/banana_rotten_02_black_bruised_rotten_frame_000015.txt
train,/mnt/d/merged_fruit_36_clean_v2/yolo_fruit_dataset/_tmp_frames/pomegranate_fresh_03_cut_open_hardcase_frame_000390.jpg,/mnt/d/merged_fruit_36_clean_v2/yolo_fruit_dataset/images/train/pomegranate_fresh_03_cut_open_hardcase_frame_000390.jpg,/mnt/d/merged_fruit_36_clean_v2/yolo_fruit_dataset/labels/train/pomegranate_fresh_03_cut_open_hardcase_frame_000390.txt
train,/mnt/d/merged_fruit_36_clean_v2/yolo_fruit_dataset/_tmp_frames/banana_fresh_03_hardcase_frame_000090.jpg,/mnt/d/merged_fruit_36_clean_v2/yolo_fruit_dataset/images/train/banana_fresh_03_hardcase_frame_000090.jpg,/mnt/d/merged_fruit_36_clean_v2/yolo_fruit_dataset/labels/train/banana_fresh_03_hardcase_frame_000090.txt
train,/mnt/d/merged_fruit_36_clean_v2/yolo_fruit_dataset/_tmp_frames/grape_fresh_02_real_context_frame_001080.jpg,/mnt/d/merged_fruit_36_clean_v2/yolo_fruit_dataset/images/train/grape_fresh_02_real_context_frame_001080.jpg,/mnt/d/merged_fruit_36_clean_v2/yolo_fruit_dataset/labels/train/grape_fresh_02_real_context_frame_001080.txt
train,/mnt/d/merged_fruit_36_clean_v2/yolo_fruit_dataset/_tmp_frames/banana_fresh_03_hardcase_frame_000975.jpg,/mnt/d/merged_fruit_36_clean_v2/yolo_fruit_dataset/images/train/banana_fresh_03_hardcase_frame_000975.jpg,/mnt/d/merged_fruit_36_clean_v2/yolo_fruit_dataset/labels/train/banana_fresh_03_hardcase_frame_000975.txt
train,/mnt/d/merged_fruit_36_clean_v2/yolo_fruit_dataset/_tmp_frames/bellpepper_rotten_03_hardcase_rotten_frame_000735.jpg,/mnt/d/merged_fruit_36_clean_v2/yolo_fruit_dataset/images/train/bellpepper_rotten_03_hardcase_rotten_frame_000735.jpg,/mnt/d/merged_fruit_36_clean_v2/yolo_fruit_dataset/labels/train/bellpepper_rotten_03_hardcase_rotten_frame_000735.txt
train,/mnt/d/merged_fruit_36_clean_v2/yolo_fruit_dataset/_tmp_frames/orange_rotten_02_mold_soft_rotten_frame_000495.jpg,/mnt/d/merged_fruit_36_clean_v2/yolo_fruit_dataset/images/train/orange_rotten_02_mold_soft_rotten_frame_000495.jpg,/mnt/d/merged_fruit_36_clean_v2/yolo_fruit_dataset/labels/train/orange_rotten_02_mold_soft_rotten_frame_000495.txt
train,/mnt/d/merged_fruit_36_clean_v2/yolo_fruit_dataset/_tmp_frames/banana_fresh_03_hardcase_frame_001320.jpg,/mnt/d/merged_fruit_36_clean_v2/yolo_fruit_dataset/images/train/banana_fresh_03_hardcase_frame_001320.jpg,/mnt/d/merged_fruit_36_clean_v2/yolo_fruit_dataset/labels/train/banana_fresh_03_hardcase_frame_001320.txt
train,/mnt/d/merged_fruit_36_clean_v2/yolo_fruit_dataset/_tmp_frames/bellpepper_fresh_01_clear_closeup_frame_000030.jpg,/mnt/d/merged_fruit_36_clean_v2/yolo_fruit_dataset/images/train/bellpepper_fresh_01_clear_closeup_frame_000030.jpg,/mnt/d/merged_fruit_36_clean_v2/yolo_fruit_dataset/labels/train/bellpepper_fresh_01_clear_closeup_frame_000030.txt
train,/mnt/d/merged_fruit_36_clean_v2/yolo_fruit_dataset/_tmp_frames/carrot_rotten_02_mold_soft_rotten_frame_000150.jpg,/mnt/d/merged_fruit_36_clean_v2/yolo_fruit_dataset/images/train/carrot_rotten_02_mold_soft_rotten_frame_000150.jpg,/mnt/d/merged_fruit_36_clean_v2/yolo_fruit_dataset/labels/train/carrot_rotten_02_mold_soft_rotten_frame_000150.txt
train,/mnt/d/merged_fruit_36_clean_v2/yolo_fruit_dataset/_tmp_frames/lemon_fresh_03_cut_open_hardcase_frame_000405.jpg,/mnt/d/merged_fruit_36_clean_v2/yolo_fruit_dataset/images/train/lemon_fresh_03_cut_open_hardcase_frame_000405.jpg,/mnt/d/merged_fruit_36_clean_v2/yolo_fruit_dataset/labels/train/lemon_fresh_03_cut_open_hardcase_frame_000405.txt
train,/mnt/d/merged_fruit_36_clean_v2/yolo_fruit_dataset/_tmp_frames/strawberry_rotten_03_hardcase_rotten_frame_000165.jpg,/mnt/d/merged_fruit_36_clean_v2/yolo_fruit_dataset/images/train/strawberry_rotten_03_hardcase_rotten_frame_000165.jpg,/mnt/d/merged_fruit_36_clean_v2/yolo_fruit_dataset/labels/train/strawberry_rotten_03_hardcase_rotten_frame_000165.txt
train,/mnt/d/merged_fruit_36_clean_v2/yolo_fruit_dataset/_tmp_frames/grape_rotten_01_mild_rotten_frame_000030.jpg,/mnt/d/merged_fruit_36_clean_v2/yolo_fruit_dataset/images/train/grape_rotten_01_mild_rotten_frame_000030.jpg,/mnt/d/merged_fruit_36_clean_v2/yolo_fruit_dataset/labels/train/grape_rotten_01_mild_rotten_frame_000030.txt
train,/mnt/d/merged_fruit_36_clean_v2/raw_assets_from_zip/Cucumber/istockphoto-662321144-1024x1024.jpg,/mnt/d/merged_fruit_36_clean_v2/yolo_fruit_dataset/images/train/istockphoto-662321144-1024x1024.jpg,/mnt/d/merged_fruit_36_clean_v2/yolo_fruit_dataset/labels/train/istockphoto-662321144-1024x1024.txt
train,/mnt/d/merged_fruit_36_clean_v2/yolo_fruit_dataset/_tmp_frames/banana_rotten_03_hardcase_rotten_frame_000030.jpg,/mnt/d/merged_fruit_36_clean_v2/yolo_fruit_dataset/images/train/banana_rotten_03_hardcase_rotten_frame_000030.jpg,/mnt/d/merged_fruit_36_clean_v2/yolo_fruit_dataset/labels/train/banana_rotten_03_hardcase_rotten_frame_000030.txt
train,/mnt/d/merged_fruit_36_clean_v2/yolo_fruit_dataset/_tmp_frames/carambola_rotten_01_mild_rotten_frame_000105.jpg,/mnt/d/merged_fruit_36_clean_v2/yolo_fruit_dataset/images/train/carambola_rotten_01_mild_rotten_frame_000105.jpg,/mnt/d/merged_fruit_36_clean_v2/yolo_fruit_dataset/labels/train/carambola_rotten_01_mild_rotten_frame_000105.txt
train,/mnt/d/merged_fruit_36_clean_v2/yolo_fruit_dataset/_tmp_frames/apple_fresh_02_real_context_frame_000195.jpg,/mnt/d/merged_fruit_36_clean_v2/yolo_fruit_dataset/images/train/apple_fresh_02_real_context_frame_000195.jpg,/mnt/d/merged_fruit_36_clean_v2/yolo_fruit_dataset/labels/train/apple_fresh_02_real_context_frame_000195.txt
train,/mnt/d/merged_fruit_36_clean_v2/yolo_fruit_dataset/_tmp_frames/pomegranate_fresh_02_real_context_frame_000135.jpg,/mnt/d/merged_fruit_36_clean_v2/yolo_fruit_dataset/images/train/pomegranate_fresh_02_real_context_frame_000135.jpg,/mnt/d/merged_fruit_36_clean_v2/yolo_fruit_dataset/labels/train/pomegranate_fresh_02_real_context_frame_000135.txt
train,/mnt/d/merged_fruit_36_clean_v2/yolo_fruit_dataset/_tmp_frames/bellpepper_fresh_02_real_context_frame_000120.jpg,/mnt/d/merged_fruit_36_clean_v2/yolo_fruit_dataset/images/train/bellpepper_fresh_02_real_context_frame_000120.jpg,/mnt/d/merged_fruit_36_clean_v2/yolo_fruit_dataset/labels/train/bellpepper_fresh_02_real_context_frame_000120.txt
train,/mnt/d/merged_fruit_36_clean_v2/yolo_fruit_dataset/_tmp_frames/grape_fresh_01_clear_closeup_frame_000690.jpg,/mnt/d/merged_fruit_36_clean_v2/yolo_fruit_dataset/images/train/grape_fresh_01_clear_closeup_frame_000690.jpg,/mnt/d/merged_fruit_36_clean_v2/yolo_fruit_dataset/labels/train/grape_fresh_01_clear_closeup_frame_000690.txt
train,/mnt/d/merged_fruit_36_clean_v2/yolo_fruit_dataset/_tmp_frames/carambola_fresh_01_clear_closeup_frame_000180.jpg,/mnt/d/merged_fruit_36_clean_v2/yolo_fruit_dataset/images/train/carambola_fresh_01_clear_closeup_frame_000180.jpg,/mnt/d/merged_fruit_36_clean_v2/yolo_fruit_dataset/labels/train/carambola_fresh_01_clear_closeup_frame_000180.txt
train,/mnt/d/merged_fruit_36_clean_v2/yolo_fruit_dataset/_tmp_frames/orange_rotten_01_mild_rotten_frame_000000.jpg,/mnt/d/merged_fruit_36_clean_v2/yolo_fruit_dataset/images/train/orange_rotten_01_mild_rotten_frame_000000.jpg,/mnt/d/merged_fruit_36_clean_v2/yolo_fruit_dataset/labels/train/orange_rotten_01_mild_rotten_frame_000000.txt
train,/mnt/d/merged_fruit_36_clean_v2/yolo_fruit_dataset/_tmp_frames/carambola_fresh_03_on_tree_hardcase_frame_000285.jpg,/mnt/d/merged_fruit_36_clean_v2/yolo_fruit_dataset/images/train/carambola_fresh_03_on_tree_hardcase_frame_000285.jpg,/mnt/d/merged_fruit_36_clean_v2/yolo_fruit_dataset/labels/train/carambola_fresh_03_on_tree_hardcase_frame_000285.txt
train,/mnt/d/merged_fruit_36_clean_v2/yolo_fruit_dataset/_tmp_frames/banana_rotten_01_mild_rotten_frame_000030.jpg,/mnt/d/merged_fruit_36_clean_v2/yolo_fruit_dataset/images/train/banana_rotten_01_mild_rotten_frame_000030.jpg,/mnt/d/merged_fruit_36_clean_v2/yolo_fruit_dataset/labels/train/banana_rotten_01_mild_rotten_frame_000030.txt
train,/mnt/d/merged_fruit_36_clean_v2/yolo_fruit_dataset/_tmp_frames/avocado_fresh_01_clear_closeup_frame_000270.jpg,/mnt/d/merged_fruit_36_clean_v2/yolo_fruit_dataset/images/train/avocado_fresh_01_clear_closeup_frame_000270.jpg,/mnt/d/merged_fruit_36_clean_v2/yolo_fruit_dataset/labels/train/avocado_fresh_01_clear_closeup_frame_000270.txt
train,/mnt/d/merged_fruit_36_clean_v2/yolo_fruit_dataset/_tmp_frames/carrot_rotten_01_mild_rotten_frame_000510.jpg,/mnt/d/merged_fruit_36_clean_v2/yolo_fruit_dataset/images/train/carrot_rotten_01_mild_rotten_frame_000510.jpg,/mnt/d/merged_fruit_36_clean_v2/yolo_fruit_dataset/labels/train/carrot_rotten_01_mild_rotten_frame_000510.txt
train,/mnt/d/merged_fruit_36_clean_v2/yolo_fruit_dataset/_tmp_frames/tomato_rotten_02_soft_mold_rotten_frame_000045.jpg,/mnt/d/merged_fruit_36_clean_v2/yolo_fruit_dataset/images/train/tomato_rotten_02_soft_mold_rotten_frame_000045.jpg,/mnt/d/merged_fruit_36_clean_v2/yolo_fruit_dataset/labels/train/tomato_rotten_02_soft_mold_rotten_frame_000045.txt
train,/mnt/d/merged_fruit_36_clean_v2/yolo_fruit_dataset/_tmp_frames/banana_fresh_03_hardcase_frame_000360.jpg,/mnt/d/merged_fruit_36_clean_v2/yolo_fruit_dataset/images/train/banana_fresh_03_hardcase_frame_000360.jpg,/mnt/d/merged_fruit_36_clean_v2/yolo_fruit_dataset/labels/train/banana_fresh_03_hardcase_frame_000360.txt
train,/mnt/d/merged_fruit_36_clean_v2/yolo_fruit_dataset/_tmp_frames/bellpepper_fresh_02_real_context_frame_000315.jpg,/mnt/d/merged_fruit_36_clean_v2/yolo_fruit_dataset/images/train/bellpepper_fresh_02_real_context_frame_000315.jpg,/mnt/d/merged_fruit_36_clean_v2/yolo_fruit_dataset/labels/train/bellpepper_fresh_02_real_context_frame_000315.txt
train,/mnt/d/merged_fruit_36_clean_v2/yolo_fruit_dataset/_tmp_frames/grape_rotten_02_mold_bruised_rotten_frame_000150.jpg,/mnt/d/merged_fruit_36_clean_v2/yolo_fruit_dataset/images/train/grape_rotten_02_mold_bruised_rotten_frame_000150.jpg,/mnt/d/merged_fruit_36_clean_v2/yolo_fruit_dataset/labels/train/grape_rotten_02_mold_bruised_rotten_frame_000150.txt
train,/mnt/d/merged_fruit_36_clean_v2/yolo_fruit_dataset/_tmp_frames/tomato_rotten_03_hardcase_rotten_frame_000000.jpg,/mnt/d/merged_fruit_36_clean_v2/yolo_fruit_dataset/images/train/tomato_rotten_03_hardcase_rotten_frame_000000.jpg,/mnt/d/merged_fruit_36_clean_v2/yolo_fruit_dataset/labels/train/tomato_rotten_03_hardcase_rotten_frame_000000.txt
train,/mnt/d/merged_fruit_36_clean_v2/yolo_fruit_dataset/_tmp_frames/carambola_rotten_02_mold_bruised_rotten_frame_000780.jpg,/mnt/d/merged_fruit_36_clean_v2/yolo_fruit_dataset/images/train/carambola_rotten_02_mold_bruised_rotten_frame_000780.jpg,/mnt/d/merged_fruit_36_clean_v2/yolo_fruit_dataset/labels/train/carambola_rotten_02_mold_bruised_rotten_frame_000780.txt
train,/mnt/d/merged_fruit_36_clean_v2/yolo_fruit_dataset/_tmp_frames/grape_fresh_02_real_context_frame_001155.jpg,/mnt/d/merged_fruit_36_clean_v2/yolo_fruit_dataset/images/train/grape_fresh_02_real_context_frame_001155.jpg,/mnt/d/merged_fruit_36_clean_v2/yolo_fruit_dataset/labels/train/grape_fresh_02_real_context_frame_001155.txt
train,/mnt/d/merged_fruit_36_clean_v2/yolo_fruit_dataset/_tmp_frames/bellpepper_fresh_02_real_context_frame_000225.jpg,/mnt/d/merged_fruit_36_clean_v2/yolo_fruit_dataset/images/train/bellpepper_fresh_02_real_context_frame_000225.jpg,/mnt/d/merged_fruit_36_clean_v2/yolo_fruit_dataset/labels/train/bellpepper_fresh_02_real_context_frame_000225.txt
train,/mnt/d/merged_fruit_36_clean_v2/yolo_fruit_dataset/_tmp_frames/grape_fresh_01_clear_closeup_frame_001080.jpg,/mnt/d/merged_fruit_36_clean_v2/yolo_fruit_dataset/images/train/grape_fresh_01_clear_closeup_frame_001080.jpg,/mnt/d/merged_fruit_36_clean_v2/yolo_fruit_dataset/labels/train/grape_fresh_01_clear_closeup_frame_001080.txt
train,/mnt/d/merged_fruit_36_clean_v2/yolo_fruit_dataset/_tmp_frames/bellpepper_rotten_03_hardcase_rotten_frame_000525.jpg,/mnt/d/merged_fruit_36_clean_v2/yolo_fruit_dataset/images/train/bellpepper_rotten_03_hardcase_rotten_frame_000525.jpg,/mnt/d/merged_fruit_36_clean_v2/yolo_fruit_dataset/labels/train/bellpepper_rotten_03_hardcase_rotten_frame_000525.txt
train,/mnt/d/merged_fruit_36_clean_v2/yolo_fruit_dataset/_tmp_frames/carrot_fresh_01_clear_closeup_frame_000195.jpg,/mnt/d/merged_fruit_36_clean_v2/yolo_fruit_dataset/images/train/carrot_fresh_01_clear_closeup_frame_000195.jpg,/mnt/d/merged_fruit_36_clean_v2/yolo_fruit_dataset/labels/train/carrot_fresh_01_clear_closeup_frame_000195.txt
train,/mnt/d/merged_fruit_36_clean_v2/yolo_fruit_dataset/_tmp_frames/lemon_fresh_03_cut_open_hardcase_frame_000645.jpg,/mnt/d/merged_fruit_36_clean_v2/yolo_fruit_dataset/images/train/lemon_fresh_03_cut_open_hardcase_frame_000645.jpg,/mnt/d/merged_fruit_36_clean_v2/yolo_fruit_dataset/labels/train/lemon_fresh_03_cut_open_hardcase_frame_000645.txt
train,/mnt/d/merged_fruit_36_clean_v2/yolo_fruit_dataset/_tmp_frames/avocado_rotten_02_black_inside_rotten_frame_000225.jpg,/mnt/d/merged_fruit_36_clean_v2/yolo_fruit_dataset/images/train/avocado_rotten_02_black_inside_rotten_frame_000225.jpg,/mnt/d/merged_fruit_36_clean_v2/yolo_fruit_dataset/labels/train/avocado_rotten_02_black_inside_rotten_frame_000225.txt
train,/mnt/d/merged_fruit_36_clean_v2/yolo_fruit_dataset/_tmp_frames/cucumber_fresh_03_cut_open_hardcase_frame_000195.jpg,/mnt/d/merged_fruit_36_clean_v2/yolo_fruit_dataset/images/train/cucumber_fresh_03_cut_open_hardcase_frame_000195.jpg,/mnt/d/merged_fruit_36_clean_v2/yolo_fruit_dataset/labels/train/cucumber_fresh_03_cut_open_hardcase_frame_000195.txt
train,/mnt/d/merged_fruit_36_clean_v2/yolo_fruit_dataset/_tmp_frames/tomato_rotten_01_mild_rotten_frame_000120.jpg,/mnt/d/merged_fruit_36_clean_v2/yolo_fruit_dataset/images/train/tomato_rotten_01_mild_rotten_frame_000120.jpg,/mnt/d/merged_fruit_36_clean_v2/yolo_fruit_dataset/labels/train/tomato_rotten_01_mild_rotten_frame_000120.txt
train,/mnt/d/merged_fruit_36_clean_v2/yolo_fruit_dataset/_tmp_frames/strawberry_rotten_01_mild_rotten_frame_000000.jpg,/mnt/d/merged_fruit_36_clean_v2/yolo_fruit_dataset/images/train/strawberry_rotten_01_mild_rotten_frame_000000.jpg,/mnt/d/merged_fruit_36_clean_v2/yolo_fruit_dataset/labels/train/strawberry_rotten_01_mild_rotten_frame_000000.txt
train,/mnt/d/merged_fruit_36_clean_v2/yolo_fruit_dataset/_tmp_frames/apple_fresh_01_clear_closeup_frame_000015.jpg,/mnt/d/merged_fruit_36_clean_v2/yolo_fruit_dataset/images/train/apple_fresh_01_clear_closeup_frame_000015.jpg,/mnt/d/merged_fruit_36_clean_v2/yolo_fruit_dataset/labels/train/apple_fresh_01_clear_closeup_frame_000015.txt
train,/mnt/d/merged_fruit_36_clean_v2/yolo_fruit_dataset/_tmp_frames/potato_fresh_02_real_context_frame_000000.jpg,/mnt/d/merged_fruit_36_clean_v2/yolo_fruit_dataset/images/train/potato_fresh_02_real_context_frame_000000.jpg,/mnt/d/merged_fruit_36_clean_v2/yolo_fruit_dataset/labels/train/potato_fresh_02_real_context_frame_000000.txt
train,/mnt/d/merged_fruit_36_clean_v2/yolo_fruit_dataset/_tmp_frames/orange_rotten_01_mild_rotten_frame_000015.jpg,/mnt/d/merged_fruit_36_clean_v2/yolo_fruit_dataset/images/train/orange_rotten_01_mild_rotten_frame_000015.jpg,/mnt/d/merged_fruit_36_clean_v2/yolo_fruit_dataset/labels/train/orange_rotten_01_mild_rotten_frame_000015.txt
train,/mnt/d/merged_fruit_36_clean_v2/yolo_fruit_dataset/_tmp_frames/banana_rotten_02_black_bruised_rotten_frame_000120.jpg,/mnt/d/merged_fruit_36_clean_v2/yolo_fruit_dataset/images/train/banana_rotten_02_black_bruised_rotten_frame_000120.jpg,/mnt/d/merged_fruit_36_clean_v2/yolo_fruit_dataset/labels/train/banana_rotten_02_black_bruised_rotten_frame_000120.txt
train,/mnt/d/merged_fruit_36_clean_v2/yolo_fruit_dataset/_tmp_frames/lemon_rotten_01_mild_rotten_frame_000150.jpg,/mnt/d/merged_fruit_36_clean_v2/yolo_fruit_dataset/images/train/lemon_rotten_01_mild_rotten_frame_000150.jpg,/mnt/d/merged_fruit_36_clean_v2/yolo_fruit_dataset/labels/train/lemon_rotten_01_mild_rotten_frame_000150.txt
train,/mnt/d/merged_fruit_36_clean_v2/yolo_fruit_dataset/_tmp_frames/carrot_fresh_03_hardcase_frame_000075.jpg,/mnt/d/merged_fruit_36_clean_v2/yolo_fruit_dataset/images/train/carrot_fresh_03_hardcase_frame_000075.jpg,/mnt/d/merged_fruit_36_clean_v2/yolo_fruit_dataset/labels/train/carrot_fresh_03_hardcase_frame_000075.txt
train,/mnt/d/merged_fruit_36_clean_v2/yolo_fruit_dataset/_tmp_frames/banana_fresh_03_hardcase_frame_001380.jpg,/mnt/d/merged_fruit_36_clean_v2/yolo_fruit_dataset/images/train/banana_fresh_03_hardcase_frame_001380.jpg,/mnt/d/merged_fruit_36_clean_v2/yolo_fruit_dataset/labels/train/banana_fresh_03_hardcase_frame_001380.txt
train,/mnt/d/merged_fruit_36_clean_v2/yolo_fruit_dataset/_tmp_frames/avocado_rotten_01_mild_rotten_frame_000150.jpg,/mnt/d/merged_fruit_36_clean_v2/yolo_fruit_dataset/images/train/avocado_rotten_01_mild_rotten_frame_000150.jpg,/mnt/d/merged_fruit_36_clean_v2/yolo_fruit_dataset/labels/train/avocado_rotten_01_mild_rotten_frame_000150.txt
train,/mnt/d/merged_fruit_36_clean_v2/yolo_fruit_dataset/_tmp_frames/grape_fresh_01_clear_closeup_frame_000945.jpg,/mnt/d/merged_fruit_36_clean_v2/yolo_fruit_dataset/images/train/grape_fresh_01_clear_closeup_frame_000945.jpg,/mnt/d/merged_fruit_36_clean_v2/yolo_fruit_dataset/labels/train/grape_fresh_01_clear_closeup_frame_000945.txt
train,/mnt/d/merged_fruit_36_clean_v2/yolo_fruit_dataset/_tmp_frames/carrot_rotten_02_mold_soft_rotten_frame_000180.jpg,/mnt/d/merged_fruit_36_clean_v2/yolo_fruit_dataset/images/train/carrot_rotten_02_mold_soft_rotten_frame_000180.jpg,/mnt/d/merged_fruit_36_clean_v2/yolo_fruit_dataset/labels/train/carrot_rotten_02_mold_soft_rotten_frame_000180.txt
train,/mnt/d/merged_fruit_36_clean_v2/yolo_fruit_dataset/_tmp_frames/banana_rotten_01_mild_rotten_frame_000150.jpg,/mnt/d/merged_fruit_36_clean_v2/yolo_fruit_dataset/images/train/banana_rotten_01_mild_rotten_frame_000150.jpg,/mnt/d/merged_fruit_36_clean_v2/yolo_fruit_dataset/labels/train/banana_rotten_01_mild_rotten_frame_000150.txt
train,/mnt/d/merged_fruit_36_clean_v2/yolo_fruit_dataset/_tmp_frames/grape_fresh_02_real_context_frame_000570.jpg,/mnt/d/merged_fruit_36_clean_v2/yolo_fruit_dataset/images/train/grape_fresh_02_real_context_frame_000570.jpg,/mnt/d/merged_fruit_36_clean_v2/yolo_fruit_dataset/labels/train/grape_fresh_02_real_context_frame_000570.txt
train,/mnt/d/merged_fruit_36_clean_v2/yolo_fruit_dataset/_tmp_frames/carambola_fresh_03_on_tree_hardcase_frame_000315.jpg,/mnt/d/merged_fruit_36_clean_v2/yolo_fruit_dataset/images/train/carambola_fresh_03_on_tree_hardcase_frame_000315.jpg,/mnt/d/merged_fruit_36_clean_v2/yolo_fruit_dataset/labels/train/carambola_fresh_03_on_tree_hardcase_frame_000315.txt
train,/mnt/d/merged_fruit_36_clean_v2/yolo_fruit_dataset/_tmp_frames/lemon_fresh_03_cut_open_hardcase_frame_000540.jpg,/mnt/d/merged_fruit_36_clean_v2/yolo_fruit_dataset/images/train/lemon_fresh_03_cut_open_hardcase_frame_000540.jpg,/mnt/d/merged_fruit_36_clean_v2/yolo_fruit_dataset/labels/train/lemon_fresh_03_cut_open_hardcase_frame_000540.txt
train,/mnt/d/merged_fruit_36_clean_v2/yolo_fruit_dataset/_tmp_frames/apple_rotten_02_mold_bruised_rotten_frame_000030.jpg,/mnt/d/merged_fruit_36_clean_v2/yolo_fruit_dataset/images/train/apple_rotten_02_mold_bruised_rotten_frame_000030.jpg,/mnt/d/merged_fruit_36_clean_v2/yolo_fruit_dataset/labels/train/apple_rotten_02_mold_bruised_rotten_frame_000030.txt
train,/mnt/d/merged_fruit_36_clean_v2/yolo_fruit_dataset/_tmp_frames/guava_rotten_01_mild_rotten_frame_000285.jpg,/mnt/d/merged_fruit_36_clean_v2/yolo_fruit_dataset/images/train/guava_rotten_01_mild_rotten_frame_000285.jpg,/mnt/d/merged_fruit_36_clean_v2/yolo_fruit_dataset/labels/train/guava_rotten_01_mild_rotten_frame_000285.txt
train,/mnt/d/merged_fruit_36_clean_v2/yolo_fruit_dataset/_tmp_frames/avocado_rotten_03_hardcase_rotten_frame_000180.jpg,/mnt/d/merged_fruit_36_clean_v2/yolo_fruit_dataset/images/train/avocado_rotten_03_hardcase_rotten_frame_000180.jpg,/mnt/d/merged_fruit_36_clean_v2/yolo_fruit_dataset/labels/train/avocado_rotten_03_hardcase_rotten_frame_000180.txt
train,/mnt/d/merged_fruit_36_clean_v2/yolo_fruit_dataset/_tmp_frames/banana_fresh_01_clear_closeup_frame_000135.jpg,/mnt/d/merged_fruit_36_clean_v2/yolo_fruit_dataset/images/train/banana_fresh_01_clear_closeup_frame_000135.jpg,/mnt/d/merged_fruit_36_clean_v2/yolo_fruit_dataset/labels/train/banana_fresh_01_clear_closeup_frame_000135.txt
train,/mnt/d/merged_fruit_36_clean_v2/yolo_fruit_dataset/_tmp_frames/orange_rotten_01_mild_rotten_frame_000360.jpg,/mnt/d/merged_fruit_36_clean_v2/yolo_fruit_dataset/images/train/orange_rotten_01_mild_rotten_frame_000360.jpg,/mnt/d/merged_fruit_36_clean_v2/yolo_fruit_dataset/labels/train/orange_rotten_01_mild_rotten_frame_000360.txt
train,/mnt/d/merged_fruit_36_clean_v2/yolo_fruit_dataset/_tmp_frames/tomato_rotten_02_soft_mold_rotten_frame_000135.jpg,/mnt/d/merged_fruit_36_clean_v2/yolo_fruit_dataset/images/train/tomato_rotten_02_soft_mold_rotten_frame_000135.jpg,/mnt/d/merged_fruit_36_clean_v2/yolo_fruit_dataset/labels/train/tomato_rotten_02_soft_mold_rotten_frame_000135.txt
train,/mnt/d/merged_fruit_36_clean_v2/yolo_fruit_dataset/_tmp_frames/mango_rotten_02_black_bruised_rotten_frame_000090.jpg,/mnt/d/merged_fruit_36_clean_v2/yolo_fruit_dataset/images/train/mango_rotten_02_black_bruised_rotten_frame_000090.jpg,/mnt/d/merged_fruit_36_clean_v2/yolo_fruit_dataset/labels/train/mango_rotten_02_black_bruised_rotten_frame_000090.txt
train,/mnt/d/merged_fruit_36_clean_v2/yolo_fruit_dataset/_tmp_frames/banana_rotten_01_mild_rotten_frame_000255.jpg,/mnt/d/merged_fruit_36_clean_v2/yolo_fruit_dataset/images/train/banana_rotten_01_mild_rotten_frame_000255.jpg,/mnt/d/merged_fruit_36_clean_v2/yolo_fruit_dataset/labels/train/banana_rotten_01_mild_rotten_frame_000255.txt
train,/mnt/d/merged_fruit_36_clean_v2/yolo_fruit_dataset/_tmp_frames/pomegranate_fresh_02_real_context_frame_000255.jpg,/mnt/d/merged_fruit_36_clean_v2/yolo_fruit_dataset/images/train/pomegranate_fresh_02_real_context_frame_000255.jpg,/mnt/d/merged_fruit_36_clean_v2/yolo_fruit_dataset/labels/train/pomegranate_fresh_02_real_context_frame_000255.txt
train,/mnt/d/merged_fruit_36_clean_v2/yolo_fruit_dataset/_tmp_frames/carambola_rotten_02_mold_bruised_rotten_frame_000990.jpg,/mnt/d/merged_fruit_36_clean_v2/yolo_fruit_dataset/images/train/carambola_rotten_02_mold_bruised_rotten_frame_000990.jpg,/mnt/d/merged_fruit_36_clean_v2/yolo_fruit_dataset/labels/train/carambola_rotten_02_mold_bruised_rotten_frame_000990.txt
train,/mnt/d/merged_fruit_36_clean_v2/yolo_fruit_dataset/_tmp_frames/carambola_fresh_03_on_tree_hardcase_frame_000075.jpg,/mnt/d/merged_fruit_36_clean_v2/yolo_fruit_dataset/images/train/carambola_fresh_03_on_tree_hardcase_frame_000075.jpg,/mnt/d/merged_fruit_36_clean_v2/yolo_fruit_dataset/labels/train/carambola_fresh_03_on_tree_hardcase_frame_000075.txt
train,/mnt/d/merged_fruit_36_clean_v2/yolo_fruit_dataset/_tmp_frames/potato_fresh_01_clear_closeup_frame_000465.jpg,/mnt/d/merged_fruit_36_clean_v2/yolo_fruit_dataset/images/train/potato_fresh_01_clear_closeup_frame_000465.jpg,/mnt/d/merged_fruit_36_clean_v2/yolo_fruit_dataset/labels/train/potato_fresh_01_clear_closeup_frame_000465.txt
train,/mnt/d/merged_fruit_36_clean_v2/yolo_fruit_dataset/_tmp_frames/bellpepper_fresh_02_real_context_frame_000045.jpg,/mnt/d/merged_fruit_36_clean_v2/yolo_fruit_dataset/images/train/bellpepper_fresh_02_real_context_frame_000045.jpg,/mnt/d/merged_fruit_36_clean_v2/yolo_fruit_dataset/labels/train/bellpepper_fresh_02_real_context_frame_000045.txt
train,/mnt/d/merged_fruit_36_clean_v2/yolo_fruit_dataset/_tmp_frames/apple_rotten_01_mild_rotten_frame_000045.jpg,/mnt/d/merged_fruit_36_clean_v2/yolo_fruit_dataset/images/train/apple_rotten_01_mild_rotten_frame_000045.jpg,/mnt/d/merged_fruit_36_clean_v2/yolo_fruit_dataset/labels/train/apple_rotten_01_mild_rotten_frame_000045.txt
train,/mnt/d/merged_fruit_36_clean_v2/yolo_fruit_dataset/_tmp_frames/bellpepper_fresh_03_cut_open_hardcase_frame_000285.jpg,/mnt/d/merged_fruit_36_clean_v2/yolo_fruit_dataset/images/train/bellpepper_fresh_03_cut_open_hardcase_frame_000285.jpg,/mnt/d/merged_fruit_36_clean_v2/yolo_fruit_dataset/labels/train/bellpepper_fresh_03_cut_open_hardcase_frame_000285.txt
train,/mnt/d/merged_fruit_36_clean_v2/yolo_fruit_dataset/_tmp_frames/apple_fresh_02_real_context_frame_000945.jpg,/mnt/d/merged_fruit_36_clean_v2/yolo_fruit_dataset/images/train/apple_fresh_02_real_context_frame_000945.jpg,/mnt/d/merged_fruit_36_clean_v2/yolo_fruit_dataset/labels/train/apple_fresh_02_real_context_frame_000945.txt
train,/mnt/d/merged_fruit_36_clean_v2/yolo_fruit_dataset/_tmp_frames/guava_fresh_03_on_tree_hardcase_frame_000030.jpg,/mnt/d/merged_fruit_36_clean_v2/yolo_fruit_dataset/images/train/guava_fresh_03_on_tree_hardcase_frame_000030.jpg,/mnt/d/merged_fruit_36_clean_v2/yolo_fruit_dataset/labels/train/guava_fresh_03_on_tree_hardcase_frame_000030.txt
train,/mnt/d/merged_fruit_36_clean_v2/yolo_fruit_dataset/_tmp_frames/bellpepper_fresh_02_real_context_frame_000240.jpg,/mnt/d/merged_fruit_36_clean_v2/yolo_fruit_dataset/images/train/bellpepper_fresh_02_real_context_frame_000240.jpg,/mnt/d/merged_fruit_36_clean_v2/yolo_fruit_dataset/labels/train/bellpepper_fresh_02_real_context_frame_000240.txt
train,/mnt/d/merged_fruit_36_clean_v2/yolo_fruit_dataset/_tmp_frames/avocado_rotten_03_hardcase_rotten_frame_000060.jpg,/mnt/d/merged_fruit_36_clean_v2/yolo_fruit_dataset/images/train/avocado_rotten_03_hardcase_rotten_frame_000060.jpg,/mnt/d/merged_fruit_36_clean_v2/yolo_fruit_dataset/labels/train/avocado_rotten_03_hardcase_rotten_frame_000060.txt
train,/mnt/d/merged_fruit_36_clean_v2/yolo_fruit_dataset/_tmp_frames/carrot_fresh_01_clear_closeup_frame_000255.jpg,/mnt/d/merged_fruit_36_clean_v2/yolo_fruit_dataset/images/train/carrot_fresh_01_clear_closeup_frame_000255.jpg,/mnt/d/merged_fruit_36_clean_v2/yolo_fruit_dataset/labels/train/carrot_fresh_01_clear_closeup_frame_000255.txt
train,/mnt/d/merged_fruit_36_clean_v2/yolo_fruit_dataset/_tmp_frames/guava_fresh_03_on_tree_hardcase_frame_000075.jpg,/mnt/d/merged_fruit_36_clean_v2/yolo_fruit_dataset/images/train/guava_fresh_03_on_tree_hardcase_frame_000075.jpg,/mnt/d/merged_fruit_36_clean_v2/yolo_fruit_dataset/labels/train/guava_fresh_03_on_tree_hardcase_frame_000075.txt
train,/mnt/d/merged_fruit_36_clean_v2/yolo_fruit_dataset/_tmp_frames/grape_fresh_02_real_context_frame_000990.jpg,/mnt/d/merged_fruit_36_clean_v2/yolo_fruit_dataset/images/train/grape_fresh_02_real_context_frame_000990.jpg,/mnt/d/merged_fruit_36_clean_v2/yolo_fruit_dataset/labels/train/grape_fresh_02_real_context_frame_000990.txt
train,/mnt/d/merged_fruit_36_clean_v2/yolo_fruit_dataset/_tmp_frames/avocado_fresh_01_clear_closeup_frame_000015.jpg,/mnt/d/merged_fruit_36_clean_v2/yolo_fruit_dataset/images/train/avocado_fresh_01_clear_closeup_frame_000015.jpg,/mnt/d/merged_fruit_36_clean_v2/yolo_fruit_dataset/labels/train/avocado_fresh_01_clear_closeup_frame_000015.txt
train,/mnt/d/merged_fruit_36_clean_v2/yolo_fruit_dataset/_tmp_frames/carambola_rotten_02_mold_bruised_rotten_frame_001080.jpg,/mnt/d/merged_fruit_36_clean_v2/yolo_fruit_dataset/images/train/carambola_rotten_02_mold_bruised_rotten_frame_001080.jpg,/mnt/d/merged_fruit_36_clean_v2/yolo_fruit_dataset/labels/train/carambola_rotten_02_mold_bruised_rotten_frame_001080.txt
train,/mnt/d/merged_fruit_36_clean_v2/yolo_fruit_dataset/_tmp_frames/apple_rotten_03_hardcase_rotten_frame_000150.jpg,/mnt/d/merged_fruit_36_clean_v2/yolo_fruit_dataset/images/train/apple_rotten_03_hardcase_rotten_frame_000150.jpg,/mnt/d/merged_fruit_36_clean_v2/yolo_fruit_dataset/labels/train/apple_rotten_03_hardcase_rotten_frame_000150.txt
train,/mnt/d/merged_fruit_36_clean_v2/yolo_fruit_dataset/_tmp_frames/tomato_fresh_01_clear_closeup_frame_000600.jpg,/mnt/d/merged_fruit_36_clean_v2/yolo_fruit_dataset/images/train/tomato_fresh_01_clear_closeup_frame_000600.jpg,/mnt/d/merged_fruit_36_clean_v2/yolo_fruit_dataset/labels/train/tomato_fresh_01_clear_closeup_frame_000600.txt
train,/mnt/d/merged_fruit_36_clean_v2/yolo_fruit_dataset/_tmp_frames/bellpepper_fresh_01_clear_closeup_frame_000060.jpg,/mnt/d/merged_fruit_36_clean_v2/yolo_fruit_dataset/images/train/bellpepper_fresh_01_clear_closeup_frame_000060.jpg,/mnt/d/merged_fruit_36_clean_v2/yolo_fruit_dataset/labels/train/bellpepper_fresh_01_clear_closeup_frame_000060.txt
train,/mnt/d/merged_fruit_36_clean_v2/yolo_fruit_dataset/_tmp_frames/tomato_fresh_03_cut_open_hardcase_frame_000090.jpg,/mnt/d/merged_fruit_36_clean_v2/yolo_fruit_dataset/images/train/tomato_fresh_03_cut_open_hardcase_frame_000090.jpg,/mnt/d/merged_fruit_36_clean_v2/yolo_fruit_dataset/labels/train/tomato_fresh_03_cut_open_hardcase_frame_000090.txt
train,/mnt/d/merged_fruit_36_clean_v2/yolo_fruit_dataset/_tmp_frames/banana_fresh_03_hardcase_frame_001455.jpg,/mnt/d/merged_fruit_36_clean_v2/yolo_fruit_dataset/images/train/banana_fresh_03_hardcase_frame_001455.jpg,/mnt/d/merged_fruit_36_clean_v2/yolo_fruit_dataset/labels/train/banana_fresh_03_hardcase_frame_001455.txt
train,/mnt/d/merged_fruit_36_clean_v2/yolo_fruit_dataset/_tmp_frames/orange_rotten_03_hardcase_rotten_frame_000180.jpg,/mnt/d/merged_fruit_36_clean_v2/yolo_fruit_dataset/images/train/orange_rotten_03_hardcase_rotten_frame_000180.jpg,/mnt/d/merged_fruit_36_clean_v2/yolo_fruit_dataset/labels/train/orange_rotten_03_hardcase_rotten_frame_000180.txt
train,/mnt/d/merged_fruit_36_clean_v2/yolo_fruit_dataset/_tmp_frames/grape_fresh_02_real_context_frame_000495.jpg,/mnt/d/merged_fruit_36_clean_v2/yolo_fruit_dataset/images/train/grape_fresh_02_real_context_frame_000495.jpg,/mnt/d/merged_fruit_36_clean_v2/yolo_fruit_dataset/labels/train/grape_fresh_02_real_context_frame_000495.txt
train,/mnt/d/merged_fruit_36_clean_v2/yolo_fruit_dataset/_tmp_frames/apple_fresh_02_real_context_frame_000630.jpg,/mnt/d/merged_fruit_36_clean_v2/yolo_fruit_dataset/images/train/apple_fresh_02_real_context_frame_000630.jpg,/mnt/d/merged_fruit_36_clean_v2/yolo_fruit_dataset/labels/train/apple_fresh_02_real_context_frame_000630.txt
train,/mnt/d/merged_fruit_36_clean_v2/yolo_fruit_dataset/_tmp_frames/cucumber_fresh_03_cut_open_hardcase_frame_000030.jpg,/mnt/d/merged_fruit_36_clean_v2/yolo_fruit_dataset/images/train/cucumber_fresh_03_cut_open_hardcase_frame_000030.jpg,/mnt/d/merged_fruit_36_clean_v2/yolo_fruit_dataset/labels/train/cucumber_fresh_03_cut_open_hardcase_frame_000030.txt
train,/mnt/d/merged_fruit_36_clean_v2/yolo_fruit_dataset/_tmp_frames/peach_fresh_01_clear_closeup_frame_000705.jpg,/mnt/d/merged_fruit_36_clean_v2/yolo_fruit_dataset/images/train/peach_fresh_01_clear_closeup_frame_000705.jpg,/mnt/d/merged_fruit_36_clean_v2/yolo_fruit_dataset/labels/train/peach_fresh_01_clear_closeup_frame_000705.txt
train,/mnt/d/merged_fruit_36_clean_v2/yolo_fruit_dataset/_tmp_frames/grape_fresh_02_real_context_frame_000780.jpg,/mnt/d/merged_fruit_36_clean_v2/yolo_fruit_dataset/images/train/grape_fresh_02_real_context_frame_000780.jpg,/mnt/d/merged_fruit_36_clean_v2/yolo_fruit_dataset/labels/train/grape_fresh_02_real_context_frame_000780.txt
train,/mnt/d/merged_fruit_36_clean_v2/yolo_fruit_dataset/_tmp_frames/bellpepper_fresh_03_cut_open_hardcase_frame_000045.jpg,/mnt/d/merged_fruit_36_clean_v2/yolo_fruit_dataset/images/train/bellpepper_fresh_03_cut_open_hardcase_frame_000045.jpg,/mnt/d/merged_fruit_36_clean_v2/yolo_fruit_dataset/labels/train/bellpepper_fresh_03_cut_open_hardcase_frame_000045.txt
train,/mnt/d/merged_fruit_36_clean_v2/yolo_fruit_dataset/_tmp_frames/pomegranate_rotten_02_mold_dark_rotten_frame_000030.jpg,/mnt/d/merged_fruit_36_clean_v2/yolo_fruit_dataset/images/train/pomegranate_rotten_02_mold_dark_rotten_frame_000030.jpg,/mnt/d/merged_fruit_36_clean_v2/yolo_fruit_dataset/labels/train/pomegranate_rotten_02_mold_dark_rotten_frame_000030.txt
train,/mnt/d/merged_fruit_36_clean_v2/yolo_fruit_dataset/_tmp_frames/potato_fresh_01_clear_closeup_frame_000405.jpg,/mnt/d/merged_fruit_36_clean_v2/yolo_fruit_dataset/images/train/potato_fresh_01_clear_closeup_frame_000405.jpg,/mnt/d/merged_fruit_36_clean_v2/yolo_fruit_dataset/labels/train/potato_fresh_01_clear_closeup_frame_000405.txt
train,/mnt/d/merged_fruit_36_clean_v2/yolo_fruit_dataset/_tmp_frames/grape_rotten_01_mild_rotten_frame_000090.jpg,/mnt/d/merged_fruit_36_clean_v2/yolo_fruit_dataset/images/train/grape_rotten_01_mild_rotten_frame_000090.jpg,/mnt/d/merged_fruit_36_clean_v2/yolo_fruit_dataset/labels/train/grape_rotten_01_mild_rotten_frame_000090.txt
train,/mnt/d/merged_fruit_36_clean_v2/yolo_fruit_dataset/_tmp_frames/bellpepper_rotten_03_hardcase_rotten_frame_000000.jpg,/mnt/d/merged_fruit_36_clean_v2/yolo_fruit_dataset/images/train/bellpepper_rotten_03_hardcase_rotten_frame_000000.jpg,/mnt/d/merged_fruit_36_clean_v2/yolo_fruit_dataset/labels/train/bellpepper_rotten_03_hardcase_rotten_frame_000000.txt
train,/mnt/d/merged_fruit_36_clean_v2/yolo_fruit_dataset/_tmp_frames/jujube_fresh_01_clear_closeup_frame_000000.jpg,/mnt/d/merged_fruit_36_clean_v2/yolo_fruit_dataset/images/train/jujube_fresh_01_clear_closeup_frame_000000.jpg,/mnt/d/merged_fruit_36_clean_v2/yolo_fruit_dataset/labels/train/jujube_fresh_01_clear_closeup_frame_000000.txt
train,/mnt/d/merged_fruit_36_clean_v2/yolo_fruit_dataset/_tmp_frames/grape_fresh_02_real_context_frame_001485.jpg,/mnt/d/merged_fruit_36_clean_v2/yolo_fruit_dataset/images/train/grape_fresh_02_real_context_frame_001485.jpg,/mnt/d/merged_fruit_36_clean_v2/yolo_fruit_dataset/labels/train/grape_fresh_02_real_context_frame_001485.txt
train,/mnt/d/merged_fruit_36_clean_v2/yolo_fruit_dataset/_tmp_frames/tomato_fresh_01_clear_closeup_frame_000210.jpg,/mnt/d/merged_fruit_36_clean_v2/yolo_fruit_dataset/images/train/tomato_fresh_01_clear_closeup_frame_000210.jpg,/mnt/d/merged_fruit_36_clean_v2/yolo_fruit_dataset/labels/train/tomato_fresh_01_clear_closeup_frame_000210.txt
train,/mnt/d/merged_fruit_36_clean_v2/yolo_fruit_dataset/_tmp_frames/strawberry_rotten_03_hardcase_rotten_frame_000510.jpg,/mnt/d/merged_fruit_36_clean_v2/yolo_fruit_dataset/images/train/strawberry_rotten_03_hardcase_rotten_frame_000510.jpg,/mnt/d/merged_fruit_36_clean_v2/yolo_fruit_dataset/labels/train/strawberry_rotten_03_hardcase_rotten_frame_000510.txt
train,/mnt/d/merged_fruit_36_clean_v2/yolo_fruit_dataset/_tmp_frames/bellpepper_rotten_03_hardcase_rotten_frame_000315.jpg,/mnt/d/merged_fruit_36_clean_v2/yolo_fruit_dataset/images/train/bellpepper_rotten_03_hardcase_rotten_frame_000315.jpg,/mnt/d/merged_fruit_36_clean_v2/yolo_fruit_dataset/labels/train/bellpepper_rotten_03_hardcase_rotten_frame_000315.txt
train,/mnt/d/merged_fruit_36_clean_v2/yolo_fruit_dataset/_tmp_frames/potato_rotten_02_sprout_green_rotten_frame_000030.jpg,/mnt/d/merged_fruit_36_clean_v2/yolo_fruit_dataset/images/train/potato_rotten_02_sprout_green_rotten_frame_000030.jpg,/mnt/d/merged_fruit_36_clean_v2/yolo_fruit_dataset/labels/train/potato_rotten_02_sprout_green_rotten_frame_000030.txt
train,/mnt/d/merged_fruit_36_clean_v2/yolo_fruit_dataset/_tmp_frames/lemon_rotten_01_mild_rotten_frame_000045.jpg,/mnt/d/merged_fruit_36_clean_v2/yolo_fruit_dataset/images/train/lemon_rotten_01_mild_rotten_frame_000045.jpg,/mnt/d/merged_fruit_36_clean_v2/yolo_fruit_dataset/labels/train/lemon_rotten_01_mild_rotten_frame_000045.txt
train,/mnt/d/merged_fruit_36_clean_v2/yolo_fruit_dataset/_tmp_frames/jujube_fresh_03_on_tree_hardcase_frame_000300.jpg,/mnt/d/merged_fruit_36_clean_v2/yolo_fruit_dataset/images/train/jujube_fresh_03_on_tree_hardcase_frame_000300.jpg,/mnt/d/merged_fruit_36_clean_v2/yolo_fruit_dataset/labels/train/jujube_fresh_03_on_tree_hardcase_frame_000300.txt
train,/mnt/d/merged_fruit_36_clean_v2/yolo_fruit_dataset/_tmp_frames/avocado_rotten_02_black_inside_rotten_frame_000120.jpg,/mnt/d/merged_fruit_36_clean_v2/yolo_fruit_dataset/images/train/avocado_rotten_02_black_inside_rotten_frame_000120.jpg,/mnt/d/merged_fruit_36_clean_v2/yolo_fruit_dataset/labels/train/avocado_rotten_02_black_inside_rotten_frame_000120.txt
train,/mnt/d/merged_fruit_36_clean_v2/yolo_fruit_dataset/_tmp_frames/grape_fresh_03_on_tree_hardcase_frame_000135.jpg,/mnt/d/merged_fruit_36_clean_v2/yolo_fruit_dataset/images/train/grape_fresh_03_on_tree_hardcase_frame_000135.jpg,/mnt/d/merged_fruit_36_clean_v2/yolo_fruit_dataset/labels/train/grape_fresh_03_on_tree_hardcase_frame_000135.txt
train,/mnt/d/merged_fruit_36_clean_v2/yolo_fruit_dataset/_tmp_frames/carambola_rotten_02_mold_bruised_rotten_frame_000345.jpg,/mnt/d/merged_fruit_36_clean_v2/yolo_fruit_dataset/images/train/carambola_rotten_02_mold_bruised_rotten_frame_000345.jpg,/mnt/d/merged_fruit_36_clean_v2/yolo_fruit_dataset/labels/train/carambola_rotten_02_mold_bruised_rotten_frame_000345.txt
train,/mnt/d/merged_fruit_36_clean_v2/yolo_fruit_dataset/_tmp_frames/avocado_rotten_01_mild_rotten_frame_000180.jpg,/mnt/d/merged_fruit_36_clean_v2/yolo_fruit_dataset/images/train/avocado_rotten_01_mild_rotten_frame_000180.jpg,/mnt/d/merged_fruit_36_clean_v2/yolo_fruit_dataset/labels/train/avocado_rotten_01_mild_rotten_frame_000180.txt
train,/mnt/d/merged_fruit_36_clean_v2/yolo_fruit_dataset/_tmp_frames/apple_fresh_02_real_context_frame_000000.jpg,/mnt/d/merged_fruit_36_clean_v2/yolo_fruit_dataset/images/train/apple_fresh_02_real_context_frame_000000.jpg,/mnt/d/merged_fruit_36_clean_v2/yolo_fruit_dataset/labels/train/apple_fresh_02_real_context_frame_000000.txt
train,/mnt/d/merged_fruit_36_clean_v2/yolo_fruit_dataset/_tmp_frames/orange_rotten_01_mild_rotten_frame_000165.jpg,/mnt/d/merged_fruit_36_clean_v2/yolo_fruit_dataset/images/train/orange_rotten_01_mild_rotten_frame_000165.jpg,/mnt/d/merged_fruit_36_clean_v2/yolo_fruit_dataset/labels/train/orange_rotten_01_mild_rotten_frame_000165.txt
train,/mnt/d/merged_fruit_36_clean_v2/yolo_fruit_dataset/_tmp_frames/cucumber_fresh_01_clear_closeup_frame_000255.jpg,/mnt/d/merged_fruit_36_clean_v2/yolo_fruit_dataset/images/train/cucumber_fresh_01_clear_closeup_frame_000255.jpg,/mnt/d/merged_fruit_36_clean_v2/yolo_fruit_dataset/labels/train/cucumber_fresh_01_clear_closeup_frame_000255.txt
train,/mnt/d/merged_fruit_36_clean_v2/yolo_fruit_dataset/_tmp_frames/avocado_fresh_01_clear_closeup_frame_000060.jpg,/mnt/d/merged_fruit_36_clean_v2/yolo_fruit_dataset/images/train/avocado_fresh_01_clear_closeup_frame_000060.jpg,/mnt/d/merged_fruit_36_clean_v2/yolo_fruit_dataset/labels/train/avocado_fresh_01_clear_closeup_frame_000060.txt
train,/mnt/d/merged_fruit_36_clean_v2/yolo_fruit_dataset/_tmp_frames/carrot_fresh_01_clear_closeup_frame_000150.jpg,/mnt/d/merged_fruit_36_clean_v2/yolo_fruit_dataset/images/train/carrot_fresh_01_clear_closeup_frame_000150.jpg,/mnt/d/merged_fruit_36_clean_v2/yolo_fruit_dataset/labels/train/carrot_fresh_01_clear_closeup_frame_000150.txt
train,/mnt/d/merged_fruit_36_clean_v2/yolo_fruit_dataset/_tmp_frames/strawberry_rotten_03_hardcase_rotten_frame_000570.jpg,/mnt/d/merged_fruit_36_clean_v2/yolo_fruit_dataset/images/train/strawberry_rotten_03_hardcase_rotten_frame_000570.jpg,/mnt/d/merged_fruit_36_clean_v2/yolo_fruit_dataset/labels/train/strawberry_rotten_03_hardcase_rotten_frame_000570.txt
train,/mnt/d/merged_fruit_36_clean_v2/yolo_fruit_dataset/_tmp_frames/bellpepper_rotten_03_hardcase_rotten_frame_000105.jpg,/mnt/d/merged_fruit_36_clean_v2/yolo_fruit_dataset/images/train/bellpepper_rotten_03_hardcase_rotten_frame_000105.jpg,/mnt/d/merged_fruit_36_clean_v2/yolo_fruit_dataset/labels/train/bellpepper_rotten_03_hardcase_rotten_frame_000105.txt
train,/mnt/d/merged_fruit_36_clean_v2/yolo_fruit_dataset/_tmp_frames/grape_fresh_01_clear_closeup_frame_001155.jpg,/mnt/d/merged_fruit_36_clean_v2/yolo_fruit_dataset/images/train/grape_fresh_01_clear_closeup_frame_001155.jpg,/mnt/d/merged_fruit_36_clean_v2/yolo_fruit_dataset/labels/train/grape_fresh_01_clear_closeup_frame_001155.txt
train,/mnt/d/merged_fruit_36_clean_v2/yolo_fruit_dataset/_tmp_frames/potato_fresh_03_soil_hardcase_frame_000105.jpg,/mnt/d/merged_fruit_36_clean_v2/yolo_fruit_dataset/images/train/potato_fresh_03_soil_hardcase_frame_000105.jpg,/mnt/d/merged_fruit_36_clean_v2/yolo_fruit_dataset/labels/train/potato_fresh_03_soil_hardcase_frame_000105.txt
train,/mnt/d/merged_fruit_36_clean_v2/yolo_fruit_dataset/_tmp_frames/lemon_rotten_01_mild_rotten_frame_000165.jpg,/mnt/d/merged_fruit_36_clean_v2/yolo_fruit_dataset/images/train/lemon_rotten_01_mild_rotten_frame_000165.jpg,/mnt/d/merged_fruit_36_clean_v2/yolo_fruit_dataset/labels/train/lemon_rotten_01_mild_rotten_frame_000165.txt
train,/mnt/d/merged_fruit_36_clean_v2/yolo_fruit_dataset/_tmp_frames/peach_rotten_02_mold_bruised_rotten_frame_000045.jpg,/mnt/d/merged_fruit_36_clean_v2/yolo_fruit_dataset/images/train/peach_rotten_02_mold_bruised_rotten_frame_000045.jpg,/mnt/d/merged_fruit_36_clean_v2/yolo_fruit_dataset/labels/train/peach_rotten_02_mold_bruised_rotten_frame_000045.txt
train,/mnt/d/merged_fruit_36_clean_v2/yolo_fruit_dataset/_tmp_frames/pomegranate_fresh_02_real_context_frame_000195.jpg,/mnt/d/merged_fruit_36_clean_v2/yolo_fruit_dataset/images/train/pomegranate_fresh_02_real_context_frame_000195.jpg,/mnt/d/merged_fruit_36_clean_v2/yolo_fruit_dataset/labels/train/pomegranate_fresh_02_real_context_frame_000195.txt
train,/mnt/d/merged_fruit_36_clean_v2/yolo_fruit_dataset/_tmp_frames/avocado_rotten_02_black_inside_rotten_frame_000045.jpg,/mnt/d/merged_fruit_36_clean_v2/yolo_fruit_dataset/images/train/avocado_rotten_02_black_inside_rotten_frame_000045.jpg,/mnt/d/merged_fruit_36_clean_v2/yolo_fruit_dataset/labels/train/avocado_rotten_02_black_inside_rotten_frame_000045.txt
train,/mnt/d/merged_fruit_36_clean_v2/yolo_fruit_dataset/_tmp_frames/grape_fresh_03_on_tree_hardcase_frame_000060.jpg,/mnt/d/merged_fruit_36_clean_v2/yolo_fruit_dataset/images/train/grape_fresh_03_on_tree_hardcase_frame_000060.jpg,/mnt/d/merged_fruit_36_clean_v2/yolo_fruit_dataset/labels/train/grape_fresh_03_on_tree_hardcase_frame_000060.txt
train,/mnt/d/merged_fruit_36_clean_v2/yolo_fruit_dataset/_tmp_frames/mango_rotten_02_black_bruised_rotten_frame_000165.jpg,/mnt/d/merged_fruit_36_clean_v2/yolo_fruit_dataset/images/train/mango_rotten_02_black_bruised_rotten_frame_000165.jpg,/mnt/d/merged_fruit_36_clean_v2/yolo_fruit_dataset/labels/train/mango_rotten_02_black_bruised_rotten_frame_000165.txt
train,/mnt/d/merged_fruit_36_clean_v2/yolo_fruit_dataset/_tmp_frames/carambola_fresh_03_on_tree_hardcase_frame_000420.jpg,/mnt/d/merged_fruit_36_clean_v2/yolo_fruit_dataset/images/train/carambola_fresh_03_on_tree_hardcase_frame_000420.jpg,/mnt/d/merged_fruit_36_clean_v2/yolo_fruit_dataset/labels/train/carambola_fresh_03_on_tree_hardcase_frame_000420.txt
train,/mnt/d/merged_fruit_36_clean_v2/yolo_fruit_dataset/_tmp_frames/carambola_fresh_03_on_tree_hardcase_frame_000270.jpg,/mnt/d/merged_fruit_36_clean_v2/yolo_fruit_dataset/images/train/carambola_fresh_03_on_tree_hardcase_frame_000270.jpg,/mnt/d/merged_fruit_36_clean_v2/yolo_fruit_dataset/labels/train/carambola_fresh_03_on_tree_hardcase_frame_000270.txt
train,/mnt/d/merged_fruit_36_clean_v2/yolo_fruit_dataset/_tmp_frames/strawberry_fresh_01_clear_closeup_frame_000270.jpg,/mnt/d/merged_fruit_36_clean_v2/yolo_fruit_dataset/images/train/strawberry_fresh_01_clear_closeup_frame_000270.jpg,/mnt/d/merged_fruit_36_clean_v2/yolo_fruit_dataset/labels/train/strawberry_fresh_01_clear_closeup_frame_000270.txt
train,/mnt/d/merged_fruit_36_clean_v2/yolo_fruit_dataset/_tmp_frames/pomegranate_fresh_01_clear_closeup_frame_000330.jpg,/mnt/d/merged_fruit_36_clean_v2/yolo_fruit_dataset/images/train/pomegranate_fresh_01_clear_closeup_frame_000330.jpg,/mnt/d/merged_fruit_36_clean_v2/yolo_fruit_dataset/labels/train/pomegranate_fresh_01_clear_closeup_frame_000330.txt
train,/mnt/d/merged_fruit_36_clean_v2/yolo_fruit_dataset/_tmp_frames/apple_fresh_02_real_context_frame_000870.jpg,/mnt/d/merged_fruit_36_clean_v2/yolo_fruit_dataset/images/train/apple_fresh_02_real_context_frame_000870.jpg,/mnt/d/merged_fruit_36_clean_v2/yolo_fruit_dataset/labels/train/apple_fresh_02_real_context_frame_000870.txt
train,/mnt/d/merged_fruit_36_clean_v2/yolo_fruit_dataset/_tmp_frames/carambola_rotten_02_mold_bruised_rotten_frame_000375.jpg,/mnt/d/merged_fruit_36_clean_v2/yolo_fruit_dataset/images/train/carambola_rotten_02_mold_bruised_rotten_frame_000375.jpg,/mnt/d/merged_fruit_36_clean_v2/yolo_fruit_dataset/labels/train/carambola_rotten_02_mold_bruised_rotten_frame_000375.txt
train,/mnt/d/merged_fruit_36_clean_v2/yolo_fruit_dataset/_tmp_frames/jujube_fresh_03_on_tree_hardcase_frame_000030.jpg,/mnt/d/merged_fruit_36_clean_v2/yolo_fruit_dataset/images/train/jujube_fresh_03_on_tree_hardcase_frame_000030.jpg,/mnt/d/merged_fruit_36_clean_v2/yolo_fruit_dataset/labels/train/jujube_fresh_03_on_tree_hardcase_frame_000030.txt
train,/mnt/d/merged_fruit_36_clean_v2/yolo_fruit_dataset/_tmp_frames/tomato_fresh_02_real_context_frame_000345.jpg,/mnt/d/merged_fruit_36_clean_v2/yolo_fruit_dataset/images/train/tomato_fresh_02_real_context_frame_000345.jpg,/mnt/d/merged_fruit_36_clean_v2/yolo_fruit_dataset/labels/train/tomato_fresh_02_real_context_frame_000345.txt
train,/mnt/d/merged_fruit_36_clean_v2/yolo_fruit_dataset/_tmp_frames/grape_fresh_01_clear_closeup_frame_000600.jpg,/mnt/d/merged_fruit_36_clean_v2/yolo_fruit_dataset/images/train/grape_fresh_01_clear_closeup_frame_000600.jpg,/mnt/d/merged_fruit_36_clean_v2/yolo_fruit_dataset/labels/train/grape_fresh_01_clear_closeup_frame_000600.txt
train,/mnt/d/merged_fruit_36_clean_v2/yolo_fruit_dataset/_tmp_frames/banana_rotten_01_mild_rotten_frame_000090.jpg,/mnt/d/merged_fruit_36_clean_v2/yolo_fruit_dataset/images/train/banana_rotten_01_mild_rotten_frame_000090.jpg,/mnt/d/merged_fruit_36_clean_v2/yolo_fruit_dataset/labels/train/banana_rotten_01_mild_rotten_frame_000090.txt
train,/mnt/d/merged_fruit_36_clean_v2/yolo_fruit_dataset/_tmp_frames/lemon_rotten_01_mild_rotten_frame_000180.jpg,/mnt/d/merged_fruit_36_clean_v2/yolo_fruit_dataset/images/train/lemon_rotten_01_mild_rotten_frame_000180.jpg,/mnt/d/merged_fruit_36_clean_v2/yolo_fruit_dataset/labels/train/lemon_rotten_01_mild_rotten_frame_000180.txt
train,/mnt/d/merged_fruit_36_clean_v2/yolo_fruit_dataset/_tmp_frames/strawberry_rotten_01_mild_rotten_frame_000255.jpg,/mnt/d/merged_fruit_36_clean_v2/yolo_fruit_dataset/images/train/strawberry_rotten_01_mild_rotten_frame_000255.jpg,/mnt/d/merged_fruit_36_clean_v2/yolo_fruit_dataset/labels/train/strawberry_rotten_01_mild_rotten_frame_000255.txt
train,/mnt/d/merged_fruit_36_clean_v2/yolo_fruit_dataset/_tmp_frames/bellpepper_fresh_03_cut_open_hardcase_frame_000210.jpg,/mnt/d/merged_fruit_36_clean_v2/yolo_fruit_dataset/images/train/bellpepper_fresh_03_cut_open_hardcase_frame_000210.jpg,/mnt/d/merged_fruit_36_clean_v2/yolo_fruit_dataset/labels/train/bellpepper_fresh_03_cut_open_hardcase_frame_000210.txt
train,/mnt/d/merged_fruit_36_clean_v2/yolo_fruit_dataset/_tmp_frames/potato_fresh_01_clear_closeup_frame_000240.jpg,/mnt/d/merged_fruit_36_clean_v2/yolo_fruit_dataset/images/train/potato_fresh_01_clear_closeup_frame_000240.jpg,/mnt/d/merged_fruit_36_clean_v2/yolo_fruit_dataset/labels/train/potato_fresh_01_clear_closeup_frame_000240.txt
train,/mnt/d/merged_fruit_36_clean_v2/yolo_fruit_dataset/_tmp_frames/carambola_fresh_03_on_tree_hardcase_frame_000150.jpg,/mnt/d/merged_fruit_36_clean_v2/yolo_fruit_dataset/images/train/carambola_fresh_03_on_tree_hardcase_frame_000150.jpg,/mnt/d/merged_fruit_36_clean_v2/yolo_fruit_dataset/labels/train/carambola_fresh_03_on_tree_hardcase_frame_000150.txt
train,/mnt/d/merged_fruit_36_clean_v2/yolo_fruit_dataset/_tmp_frames/pomegranate_fresh_01_clear_closeup_frame_000135.jpg,/mnt/d/merged_fruit_36_clean_v2/yolo_fruit_dataset/images/train/pomegranate_fresh_01_clear_closeup_frame_000135.jpg,/mnt/d/merged_fruit_36_clean_v2/yolo_fruit_dataset/labels/train/pomegranate_fresh_01_clear_closeup_frame_000135.txt
train,/mnt/d/merged_fruit_36_clean_v2/yolo_fruit_dataset/_tmp_frames/pomegranate_rotten_01_mild_rotten_frame_000000.jpg,/mnt/d/merged_fruit_36_clean_v2/yolo_fruit_dataset/images/train/pomegranate_rotten_01_mild_rotten_frame_000000.jpg,/mnt/d/merged_fruit_36_clean_v2/yolo_fruit_dataset/labels/train/pomegranate_rotten_01_mild_rotten_frame_000000.txt
train,/mnt/d/merged_fruit_36_clean_v2/yolo_fruit_dataset/_tmp_frames/bellpepper_rotten_03_hardcase_rotten_frame_000120.jpg,/mnt/d/merged_fruit_36_clean_v2/yolo_fruit_dataset/images/train/bellpepper_rotten_03_hardcase_rotten_frame_000120.jpg,/mnt/d/merged_fruit_36_clean_v2/yolo_fruit_dataset/labels/train/bellpepper_rotten_03_hardcase_rotten_frame_000120.txt
train,/mnt/d/merged_fruit_36_clean_v2/yolo_fruit_dataset/_tmp_frames/bellpepper_rotten_03_hardcase_rotten_frame_000510.jpg,/mnt/d/merged_fruit_36_clean_v2/yolo_fruit_dataset/images/train/bellpepper_rotten_03_hardcase_rotten_frame_000510.jpg,/mnt/d/merged_fruit_36_clean_v2/yolo_fruit_dataset/labels/train/bellpepper_rotten_03_hardcase_rotten_frame_000510.txt
train,/mnt/d/merged_fruit_36_clean_v2/yolo_fruit_dataset/_tmp_frames/orange_rotten_02_mold_soft_rotten_frame_000060.jpg,/mnt/d/merged_fruit_36_clean_v2/yolo_fruit_dataset/images/train/orange_rotten_02_mold_soft_rotten_frame_000060.jpg,/mnt/d/merged_fruit_36_clean_v2/yolo_fruit_dataset/labels/train/orange_rotten_02_mold_soft_rotten_frame_000060.txt
train,/mnt/d/merged_fruit_36_clean_v2/yolo_fruit_dataset/_tmp_frames/cucumber_fresh_02_real_context_frame_000150.jpg,/mnt/d/merged_fruit_36_clean_v2/yolo_fruit_dataset/images/train/cucumber_fresh_02_real_context_frame_000150.jpg,/mnt/d/merged_fruit_36_clean_v2/yolo_fruit_dataset/labels/train/cucumber_fresh_02_real_context_frame_000150.txt
train,/mnt/d/merged_fruit_36_clean_v2/yolo_fruit_dataset/_tmp_frames/tomato_rotten_03_hardcase_rotten_frame_000300.jpg,/mnt/d/merged_fruit_36_clean_v2/yolo_fruit_dataset/images/train/tomato_rotten_03_hardcase_rotten_frame_000300.jpg,/mnt/d/merged_fruit_36_clean_v2/yolo_fruit_dataset/labels/train/tomato_rotten_03_hardcase_rotten_frame_000300.txt
train,/mnt/d/merged_fruit_36_clean_v2/yolo_fruit_dataset/_tmp_frames/avocado_rotten_01_mild_rotten_frame_000315.jpg,/mnt/d/merged_fruit_36_clean_v2/yolo_fruit_dataset/images/train/avocado_rotten_01_mild_rotten_frame_000315.jpg,/mnt/d/merged_fruit_36_clean_v2/yolo_fruit_dataset/labels/train/avocado_rotten_01_mild_rotten_frame_000315.txt
train,/mnt/d/merged_fruit_36_clean_v2/yolo_fruit_dataset/_tmp_frames/pomegranate_fresh_03_cut_open_hardcase_frame_000015.jpg,/mnt/d/merged_fruit_36_clean_v2/yolo_fruit_dataset/images/train/pomegranate_fresh_03_cut_open_hardcase_frame_000015.jpg,/mnt/d/merged_fruit_36_clean_v2/yolo_fruit_dataset/labels/train/pomegranate_fresh_03_cut_open_hardcase_frame_000015.txt
train,/mnt/d/merged_fruit_36_clean_v2/yolo_fruit_dataset/_tmp_frames/grape_fresh_03_on_tree_hardcase_frame_000300.jpg,/mnt/d/merged_fruit_36_clean_v2/yolo_fruit_dataset/images/train/grape_fresh_03_on_tree_hardcase_frame_000300.jpg,/mnt/d/merged_fruit_36_clean_v2/yolo_fruit_dataset/labels/train/grape_fresh_03_on_tree_hardcase_frame_000300.txt
train,/mnt/d/merged_fruit_36_clean_v2/yolo_fruit_dataset/_tmp_frames/grape_fresh_01_clear_closeup_frame_000840.jpg,/mnt/d/merged_fruit_36_clean_v2/yolo_fruit_dataset/images/train/grape_fresh_01_clear_closeup_frame_000840.jpg,/mnt/d/merged_fruit_36_clean_v2/yolo_fruit_dataset/labels/train/grape_fresh_01_clear_closeup_frame_000840.txt
train,/mnt/d/merged_fruit_36_clean_v2/yolo_fruit_dataset/_tmp_frames/guava_rotten_02_mold_bruised_rotten_frame_000105.jpg,/mnt/d/merged_fruit_36_clean_v2/yolo_fruit_dataset/images/train/guava_rotten_02_mold_bruised_rotten_frame_000105.jpg,/mnt/d/merged_fruit_36_clean_v2/yolo_fruit_dataset/labels/train/guava_rotten_02_mold_bruised_rotten_frame_000105.txt
train,/mnt/d/merged_fruit_36_clean_v2/yolo_fruit_dataset/_tmp_frames/peach_rotten_02_mold_bruised_rotten_frame_000060.jpg,/mnt/d/merged_fruit_36_clean_v2/yolo_fruit_dataset/images/train/peach_rotten_02_mold_bruised_rotten_frame_000060.jpg,/mnt/d/merged_fruit_36_clean_v2/yolo_fruit_dataset/labels/train/peach_rotten_02_mold_bruised_rotten_frame_000060.txt
train,/mnt/d/merged_fruit_36_clean_v2/yolo_fruit_dataset/_tmp_frames/peach_fresh_01_clear_closeup_frame_000555.jpg,/mnt/d/merged_fruit_36_clean_v2/yolo_fruit_dataset/images/train/peach_fresh_01_clear_closeup_frame_000555.jpg,/mnt/d/merged_fruit_36_clean_v2/yolo_fruit_dataset/labels/train/peach_fresh_01_clear_closeup_frame_000555.txt
train,/mnt/d/merged_fruit_36_clean_v2/yolo_fruit_dataset/_tmp_frames/jujube_fresh_03_on_tree_hardcase_frame_000270.jpg,/mnt/d/merged_fruit_36_clean_v2/yolo_fruit_dataset/images/train/jujube_fresh_03_on_tree_hardcase_frame_000270.jpg,/mnt/d/merged_fruit_36_clean_v2/yolo_fruit_dataset/labels/train/jujube_fresh_03_on_tree_hardcase_frame_000270.txt
train,/mnt/d/merged_fruit_36_clean_v2/yolo_fruit_dataset/_tmp_frames/banana_rotten_02_black_bruised_rotten_frame_000525.jpg,/mnt/d/merged_fruit_36_clean_v2/yolo_fruit_dataset/images/train/banana_rotten_02_black_bruised_rotten_frame_000525.jpg,/mnt/d/merged_fruit_36_clean_v2/yolo_fruit_dataset/labels/train/banana_rotten_02_black_bruised_rotten_frame_000525.txt
train,/mnt/d/merged_fruit_36_clean_v2/yolo_fruit_dataset/_tmp_frames/carrot_rotten_02_mold_soft_rotten_frame_000480.jpg,/mnt/d/merged_fruit_36_clean_v2/yolo_fruit_dataset/images/train/carrot_rotten_02_mold_soft_rotten_frame_000480.jpg,/mnt/d/merged_fruit_36_clean_v2/yolo_fruit_dataset/labels/train/carrot_rotten_02_mold_soft_rotten_frame_000480.txt
train,/mnt/d/merged_fruit_36_clean_v2/yolo_fruit_dataset/_tmp_frames/bellpepper_rotten_03_hardcase_rotten_frame_000360.jpg,/mnt/d/merged_fruit_36_clean_v2/yolo_fruit_dataset/images/train/bellpepper_rotten_03_hardcase_rotten_frame_000360.jpg,/mnt/d/merged_fruit_36_clean_v2/yolo_fruit_dataset/labels/train/bellpepper_rotten_03_hardcase_rotten_frame_000360.txt
train,/mnt/d/merged_fruit_36_clean_v2/yolo_fruit_dataset/_tmp_frames/peach_rotten_02_mold_bruised_rotten_frame_000450.jpg,/mnt/d/merged_fruit_36_clean_v2/yolo_fruit_dataset/images/train/peach_rotten_02_mold_bruised_rotten_frame_000450.jpg,/mnt/d/merged_fruit_36_clean_v2/yolo_fruit_dataset/labels/train/peach_rotten_02_mold_bruised_rotten_frame_000450.txt
train,/mnt/d/merged_fruit_36_clean_v2/yolo_fruit_dataset/_tmp_frames/mango_rotten_03_hardcase_rotten_frame_000120.jpg,/mnt/d/merged_fruit_36_clean_v2/yolo_fruit_dataset/images/train/mango_rotten_03_hardcase_rotten_frame_000120.jpg,/mnt/d/merged_fruit_36_clean_v2/yolo_fruit_dataset/labels/train/mango_rotten_03_hardcase_rotten_frame_000120.txt
train,/mnt/d/merged_fruit_36_clean_v2/yolo_fruit_dataset/_tmp_frames/apple_rotten_01_mild_rotten_frame_000465.jpg,/mnt/d/merged_fruit_36_clean_v2/yolo_fruit_dataset/images/train/apple_rotten_01_mild_rotten_frame_000465.jpg,/mnt/d/merged_fruit_36_clean_v2/yolo_fruit_dataset/labels/train/apple_rotten_01_mild_rotten_frame_000465.txt
train,/mnt/d/merged_fruit_36_clean_v2/yolo_fruit_dataset/_tmp_frames/avocado_fresh_03_cut_open_hardcase_frame_000330.jpg,/mnt/d/merged_fruit_36_clean_v2/yolo_fruit_dataset/images/train/avocado_fresh_03_cut_open_hardcase_frame_000330.jpg,/mnt/d/merged_fruit_36_clean_v2/yolo_fruit_dataset/labels/train/avocado_fresh_03_cut_open_hardcase_frame_000330.txt
train,/mnt/d/merged_fruit_36_clean_v2/yolo_fruit_dataset/_tmp_frames/carrot_rotten_02_mold_soft_rotten_frame_000495.jpg,/mnt/d/merged_fruit_36_clean_v2/yolo_fruit_dataset/images/train/carrot_rotten_02_mold_soft_rotten_frame_000495.jpg,/mnt/d/merged_fruit_36_clean_v2/yolo_fruit_dataset/labels/train/carrot_rotten_02_mold_soft_rotten_frame_000495.txt
train,/mnt/d/merged_fruit_36_clean_v2/yolo_fruit_dataset/_tmp_frames/grape_fresh_01_clear_closeup_frame_001440.jpg,/mnt/d/merged_fruit_36_clean_v2/yolo_fruit_dataset/images/train/grape_fresh_01_clear_closeup_frame_001440.jpg,/mnt/d/merged_fruit_36_clean_v2/yolo_fruit_dataset/labels/train/grape_fresh_01_clear_closeup_frame_001440.txt
train,/mnt/d/merged_fruit_36_clean_v2/yolo_fruit_dataset/_tmp_frames/banana_fresh_03_hardcase_frame_000105.jpg,/mnt/d/merged_fruit_36_clean_v2/yolo_fruit_dataset/images/train/banana_fresh_03_hardcase_frame_000105.jpg,/mnt/d/merged_fruit_36_clean_v2/yolo_fruit_dataset/labels/train/banana_fresh_03_hardcase_frame_000105.txt
train,/mnt/d/merged_fruit_36_clean_v2/yolo_fruit_dataset/_tmp_frames/pomegranate_fresh_03_cut_open_hardcase_frame_000465.jpg,/mnt/d/merged_fruit_36_clean_v2/yolo_fruit_dataset/images/train/pomegranate_fresh_03_cut_open_hardcase_frame_000465.jpg,/mnt/d/merged_fruit_36_clean_v2/yolo_fruit_dataset/labels/train/pomegranate_fresh_03_cut_open_hardcase_frame_000465.txt
train,/mnt/d/merged_fruit_36_clean_v2/yolo_fruit_dataset/_tmp_frames/avocado_rotten_01_mild_rotten_frame_000195.jpg,/mnt/d/merged_fruit_36_clean_v2/yolo_fruit_dataset/images/train/avocado_rotten_01_mild_rotten_frame_000195.jpg,/mnt/d/merged_fruit_36_clean_v2/yolo_fruit_dataset/labels/train/avocado_rotten_01_mild_rotten_frame_000195.txt
train,/mnt/d/merged_fruit_36_clean_v2/yolo_fruit_dataset/_tmp_frames/guava_rotten_02_mold_bruised_rotten_frame_000240.jpg,/mnt/d/merged_fruit_36_clean_v2/yolo_fruit_dataset/images/train/guava_rotten_02_mold_bruised_rotten_frame_000240.jpg,/mnt/d/merged_fruit_36_clean_v2/yolo_fruit_dataset/labels/train/guava_rotten_02_mold_bruised_rotten_frame_000240.txt
train,/mnt/d/merged_fruit_36_clean_v2/yolo_fruit_dataset/_tmp_frames/carrot_fresh_02_real_context_frame_000225.jpg,/mnt/d/merged_fruit_36_clean_v2/yolo_fruit_dataset/images/train/carrot_fresh_02_real_context_frame_000225.jpg,/mnt/d/merged_fruit_36_clean_v2/yolo_fruit_dataset/labels/train/carrot_fresh_02_real_context_frame_000225.txt
train,/mnt/d/merged_fruit_36_clean_v2/yolo_fruit_dataset/_tmp_frames/orange_fresh_01_clear_closeup_frame_000075.jpg,/mnt/d/merged_fruit_36_clean_v2/yolo_fruit_dataset/images/train/orange_fresh_01_clear_closeup_frame_000075.jpg,/mnt/d/merged_fruit_36_clean_v2/yolo_fruit_dataset/labels/train/orange_fresh_01_clear_closeup_frame_000075.txt
train,/mnt/d/merged_fruit_36_clean_v2/yolo_fruit_dataset/_tmp_frames/carrot_rotten_01_mild_rotten_frame_000180.jpg,/mnt/d/merged_fruit_36_clean_v2/yolo_fruit_dataset/images/train/carrot_rotten_01_mild_rotten_frame_000180.jpg,/mnt/d/merged_fruit_36_clean_v2/yolo_fruit_dataset/labels/train/carrot_rotten_01_mild_rotten_frame_000180.txt
train,/mnt/d/merged_fruit_36_clean_v2/yolo_fruit_dataset/_tmp_frames/carrot_rotten_01_mild_rotten_frame_000495.jpg,/mnt/d/merged_fruit_36_clean_v2/yolo_fruit_dataset/images/train/carrot_rotten_01_mild_rotten_frame_000495.jpg,/mnt/d/merged_fruit_36_clean_v2/yolo_fruit_dataset/labels/train/carrot_rotten_01_mild_rotten_frame_000495.txt
train,/mnt/d/merged_fruit_36_clean_v2/yolo_fruit_dataset/_tmp_frames/carambola_rotten_02_mold_bruised_rotten_frame_000510.jpg,/mnt/d/merged_fruit_36_clean_v2/yolo_fruit_dataset/images/train/carambola_rotten_02_mold_bruised_rotten_frame_000510.jpg,/mnt/d/merged_fruit_36_clean_v2/yolo_fruit_dataset/labels/train/carambola_rotten_02_mold_bruised_rotten_frame_000510.txt
train,/mnt/d/merged_fruit_36_clean_v2/yolo_fruit_dataset/_tmp_frames/banana_rotten_02_black_bruised_rotten_frame_000705.jpg,/mnt/d/merged_fruit_36_clean_v2/yolo_fruit_dataset/images/train/banana_rotten_02_black_bruised_rotten_frame_000705.jpg,/mnt/d/merged_fruit_36_clean_v2/yolo_fruit_dataset/labels/train/banana_rotten_02_black_bruised_rotten_frame_000705.txt
train,/mnt/d/merged_fruit_36_clean_v2/yolo_fruit_dataset/_tmp_frames/grape_rotten_03_hardcase_rotten_frame_000105.jpg,/mnt/d/merged_fruit_36_clean_v2/yolo_fruit_dataset/images/train/grape_rotten_03_hardcase_rotten_frame_000105.jpg,/mnt/d/merged_fruit_36_clean_v2/yolo_fruit_dataset/labels/train/grape_rotten_03_hardcase_rotten_frame_000105.txt
train,/mnt/d/merged_fruit_36_clean_v2/yolo_fruit_dataset/_tmp_frames/carrot_rotten_02_mold_soft_rotten_frame_000525.jpg,/mnt/d/merged_fruit_36_clean_v2/yolo_fruit_dataset/images/train/carrot_rotten_02_mold_soft_rotten_frame_000525.jpg,/mnt/d/merged_fruit_36_clean_v2/yolo_fruit_dataset/labels/train/carrot_rotten_02_mold_soft_rotten_frame_000525.txt
train,/mnt/d/merged_fruit_36_clean_v2/yolo_fruit_dataset/_tmp_frames/bellpepper_fresh_02_real_context_frame_000000.jpg,/mnt/d/merged_fruit_36_clean_v2/yolo_fruit_dataset/images/train/bellpepper_fresh_02_real_context_frame_000000.jpg,/mnt/d/merged_fruit_36_clean_v2/yolo_fruit_dataset/labels/train/bellpepper_fresh_02_real_context_frame_000000.txt
train,/mnt/d/merged_fruit_36_clean_v2/yolo_fruit_dataset/_tmp_frames/guava_fresh_01_clear_closeup_frame_000225.jpg,/mnt/d/merged_fruit_36_clean_v2/yolo_fruit_dataset/images/train/guava_fresh_01_clear_closeup_frame_000225.jpg,/mnt/d/merged_fruit_36_clean_v2/yolo_fruit_dataset/labels/train/guava_fresh_01_clear_closeup_frame_000225.txt
train,/mnt/d/merged_fruit_36_clean_v2/yolo_fruit_dataset/_tmp_frames/guava_fresh_03_on_tree_hardcase_frame_000225.jpg,/mnt/d/merged_fruit_36_clean_v2/yolo_fruit_dataset/images/train/guava_fresh_03_on_tree_hardcase_frame_000225.jpg,/mnt/d/merged_fruit_36_clean_v2/yolo_fruit_dataset/labels/train/guava_fresh_03_on_tree_hardcase_frame_000225.txt
train,/mnt/d/merged_fruit_36_clean_v2/yolo_fruit_dataset/_tmp_frames/avocado_rotten_02_black_inside_rotten_frame_000105.jpg,/mnt/d/merged_fruit_36_clean_v2/yolo_fruit_dataset/images/train/avocado_rotten_02_black_inside_rotten_frame_000105.jpg,/mnt/d/merged_fruit_36_clean_v2/yolo_fruit_dataset/labels/train/avocado_rotten_02_black_inside_rotten_frame_000105.txt
train,/mnt/d/merged_fruit_36_clean_v2/yolo_fruit_dataset/_tmp_frames/jujube_fresh_02_real_context_frame_000060.jpg,/mnt/d/merged_fruit_36_clean_v2/yolo_fruit_dataset/images/train/jujube_fresh_02_real_context_frame_000060.jpg,/mnt/d/merged_fruit_36_clean_v2/yolo_fruit_dataset/labels/train/jujube_fresh_02_real_context_frame_000060.txt
train,/mnt/d/merged_fruit_36_clean_v2/yolo_fruit_dataset/_tmp_frames/strawberry_fresh_01_clear_closeup_frame_000165.jpg,/mnt/d/merged_fruit_36_clean_v2/yolo_fruit_dataset/images/train/strawberry_fresh_01_clear_closeup_frame_000165.jpg,/mnt/d/merged_fruit_36_clean_v2/yolo_fruit_dataset/labels/train/strawberry_fresh_01_clear_closeup_frame_000165.txt
train,/mnt/d/merged_fruit_36_clean_v2/yolo_fruit_dataset/_tmp_frames/peach_fresh_01_clear_closeup_frame_000225.jpg,/mnt/d/merged_fruit_36_clean_v2/yolo_fruit_dataset/images/train/peach_fresh_01_clear_closeup_frame_000225.jpg,/mnt/d/merged_fruit_36_clean_v2/yolo_fruit_dataset/labels/train/peach_fresh_01_clear_closeup_frame_000225.txt
train,/mnt/d/merged_fruit_36_clean_v2/yolo_fruit_dataset/_tmp_frames/potato_rotten_02_sprout_green_rotten_frame_000540.jpg,/mnt/d/merged_fruit_36_clean_v2/yolo_fruit_dataset/images/train/potato_rotten_02_sprout_green_rotten_frame_000540.jpg,/mnt/d/merged_fruit_36_clean_v2/yolo_fruit_dataset/labels/train/potato_rotten_02_sprout_green_rotten_frame_000540.txt
train,/mnt/d/merged_fruit_36_clean_v2/yolo_fruit_dataset/_tmp_frames/jujube_fresh_02_real_context_frame_000075.jpg,/mnt/d/merged_fruit_36_clean_v2/yolo_fruit_dataset/images/train/jujube_fresh_02_real_context_frame_000075.jpg,/mnt/d/merged_fruit_36_clean_v2/yolo_fruit_dataset/labels/train/jujube_fresh_02_real_context_frame_000075.txt
train,/mnt/d/merged_fruit_36_clean_v2/yolo_fruit_dataset/_tmp_frames/pomegranate_rotten_02_mold_dark_rotten_frame_000135.jpg,/mnt/d/merged_fruit_36_clean_v2/yolo_fruit_dataset/images/train/pomegranate_rotten_02_mold_dark_rotten_frame_000135.jpg,/mnt/d/merged_fruit_36_clean_v2/yolo_fruit_dataset/labels/train/pomegranate_rotten_02_mold_dark_rotten_frame_000135.txt
train,/mnt/d/merged_fruit_36_clean_v2/yolo_fruit_dataset/_tmp_frames/carambola_rotten_02_mold_bruised_rotten_frame_000285.jpg,/mnt/d/merged_fruit_36_clean_v2/yolo_fruit_dataset/images/train/carambola_rotten_02_mold_bruised_rotten_frame_000285.jpg,/mnt/d/merged_fruit_36_clean_v2/yolo_fruit_dataset/labels/train/carambola_rotten_02_mold_bruised_rotten_frame_000285.txt
train,/mnt/d/merged_fruit_36_clean_v2/yolo_fruit_dataset/_tmp_frames/grape_fresh_01_clear_closeup_frame_000000.jpg,/mnt/d/merged_fruit_36_clean_v2/yolo_fruit_dataset/images/train/grape_fresh_01_clear_closeup_frame_000000.jpg,/mnt/d/merged_fruit_36_clean_v2/yolo_fruit_dataset/labels/train/grape_fresh_01_clear_closeup_frame_000000.txt
train,/mnt/d/merged_fruit_36_clean_v2/yolo_fruit_dataset/_tmp_frames/lemon_rotten_03_hardcase_rotten_frame_000075.jpg,/mnt/d/merged_fruit_36_clean_v2/yolo_fruit_dataset/images/train/lemon_rotten_03_hardcase_rotten_frame_000075.jpg,/mnt/d/merged_fruit_36_clean_v2/yolo_fruit_dataset/labels/train/lemon_rotten_03_hardcase_rotten_frame_000075.txt
train,/mnt/d/merged_fruit_36_clean_v2/yolo_fruit_dataset/_tmp_frames/cucumber_fresh_03_cut_open_hardcase_frame_000330.jpg,/mnt/d/merged_fruit_36_clean_v2/yolo_fruit_dataset/images/train/cucumber_fresh_03_cut_open_hardcase_frame_000330.jpg,/mnt/d/merged_fruit_36_clean_v2/yolo_fruit_dataset/labels/train/cucumber_fresh_03_cut_open_hardcase_frame_000330.txt
train,/mnt/d/merged_fruit_36_clean_v2/yolo_fruit_dataset/_tmp_frames/potato_rotten_01_mild_rotten_frame_000075.jpg,/mnt/d/merged_fruit_36_clean_v2/yolo_fruit_dataset/images/train/potato_rotten_01_mild_rotten_frame_000075.jpg,/mnt/d/merged_fruit_36_clean_v2/yolo_fruit_dataset/labels/train/potato_rotten_01_mild_rotten_frame_000075.txt
train,/mnt/d/merged_fruit_36_clean_v2/yolo_fruit_dataset/_tmp_frames/avocado_rotten_02_black_inside_rotten_frame_000240.jpg,/mnt/d/merged_fruit_36_clean_v2/yolo_fruit_dataset/images/train/avocado_rotten_02_black_inside_rotten_frame_000240.jpg,/mnt/d/merged_fruit_36_clean_v2/yolo_fruit_dataset/labels/train/avocado_rotten_02_black_inside_rotten_frame_000240.txt
train,/mnt/d/merged_fruit_36_clean_v2/yolo_fruit_dataset/_tmp_frames/guava_fresh_01_clear_closeup_frame_000015.jpg,/mnt/d/merged_fruit_36_clean_v2/yolo_fruit_dataset/images/train/guava_fresh_01_clear_closeup_frame_000015.jpg,/mnt/d/merged_fruit_36_clean_v2/yolo_fruit_dataset/labels/train/guava_fresh_01_clear_closeup_frame_000015.txt
train,/mnt/d/merged_fruit_36_clean_v2/yolo_fruit_dataset/_tmp_frames/banana_rotten_01_mild_rotten_frame_000105.jpg,/mnt/d/merged_fruit_36_clean_v2/yolo_fruit_dataset/images/train/banana_rotten_01_mild_rotten_frame_000105.jpg,/mnt/d/merged_fruit_36_clean_v2/yolo_fruit_dataset/labels/train/banana_rotten_01_mild_rotten_frame_000105.txt
train,/mnt/d/merged_fruit_36_clean_v2/yolo_fruit_dataset/_tmp_frames/grape_fresh_02_real_context_frame_000225.jpg,/mnt/d/merged_fruit_36_clean_v2/yolo_fruit_dataset/images/train/grape_fresh_02_real_context_frame_000225.jpg,/mnt/d/merged_fruit_36_clean_v2/yolo_fruit_dataset/labels/train/grape_fresh_02_real_context_frame_000225.txt
train,/mnt/d/merged_fruit_36_clean_v2/yolo_fruit_dataset/_tmp_frames/grape_fresh_02_real_context_frame_000885.jpg,/mnt/d/merged_fruit_36_clean_v2/yolo_fruit_dataset/images/train/grape_fresh_02_real_context_frame_000885.jpg,/mnt/d/merged_fruit_36_clean_v2/yolo_fruit_dataset/labels/train/grape_fresh_02_real_context_frame_000885.txt
train,/mnt/d/merged_fruit_36_clean_v2/yolo_fruit_dataset/_tmp_frames/peach_fresh_01_clear_closeup_frame_000630.jpg,/mnt/d/merged_fruit_36_clean_v2/yolo_fruit_dataset/images/train/peach_fresh_01_clear_closeup_frame_000630.jpg,/mnt/d/merged_fruit_36_clean_v2/yolo_fruit_dataset/labels/train/peach_fresh_01_clear_closeup_frame_000630.txt
train,/mnt/d/merged_fruit_36_clean_v2/yolo_fruit_dataset/_tmp_frames/strawberry_rotten_03_hardcase_rotten_frame_000060.jpg,/mnt/d/merged_fruit_36_clean_v2/yolo_fruit_dataset/images/train/strawberry_rotten_03_hardcase_rotten_frame_000060.jpg,/mnt/d/merged_fruit_36_clean_v2/yolo_fruit_dataset/labels/train/strawberry_rotten_03_hardcase_rotten_frame_000060.txt
train,/mnt/d/merged_fruit_36_clean_v2/yolo_fruit_dataset/_tmp_frames/carrot_rotten_01_mild_rotten_frame_000555.jpg,/mnt/d/merged_fruit_36_clean_v2/yolo_fruit_dataset/images/train/carrot_rotten_01_mild_rotten_frame_000555.jpg,/mnt/d/merged_fruit_36_clean_v2/yolo_fruit_dataset/labels/train/carrot_rotten_01_mild_rotten_frame_000555.txt
train,/mnt/d/merged_fruit_36_clean_v2/yolo_fruit_dataset/_tmp_frames/grape_rotten_02_mold_bruised_rotten_frame_000210.jpg,/mnt/d/merged_fruit_36_clean_v2/yolo_fruit_dataset/images/train/grape_rotten_02_mold_bruised_rotten_frame_000210.jpg,/mnt/d/merged_fruit_36_clean_v2/yolo_fruit_dataset/labels/train/grape_rotten_02_mold_bruised_rotten_frame_000210.txt
train,/mnt/d/merged_fruit_36_clean_v2/yolo_fruit_dataset/_tmp_frames/carrot_fresh_01_clear_closeup_frame_000090.jpg,/mnt/d/merged_fruit_36_clean_v2/yolo_fruit_dataset/images/train/carrot_fresh_01_clear_closeup_frame_000090.jpg,/mnt/d/merged_fruit_36_clean_v2/yolo_fruit_dataset/labels/train/carrot_fresh_01_clear_closeup_frame_000090.txt
train,/mnt/d/merged_fruit_36_clean_v2/yolo_fruit_dataset/_tmp_frames/bellpepper_fresh_01_clear_closeup_frame_000075.jpg,/mnt/d/merged_fruit_36_clean_v2/yolo_fruit_dataset/images/train/bellpepper_fresh_01_clear_closeup_frame_000075.jpg,/mnt/d/merged_fruit_36_clean_v2/yolo_fruit_dataset/labels/train/bellpepper_fresh_01_clear_closeup_frame_000075.txt
train,/mnt/d/merged_fruit_36_clean_v2/yolo_fruit_dataset/_tmp_frames/avocado_fresh_03_cut_open_hardcase_frame_000165.jpg,/mnt/d/merged_fruit_36_clean_v2/yolo_fruit_dataset/images/train/avocado_fresh_03_cut_open_hardcase_frame_000165.jpg,/mnt/d/merged_fruit_36_clean_v2/yolo_fruit_dataset/labels/train/avocado_fresh_03_cut_open_hardcase_frame_000165.txt
train,/mnt/d/merged_fruit_36_clean_v2/yolo_fruit_dataset/_tmp_frames/pomegranate_fresh_01_clear_closeup_frame_000210.jpg,/mnt/d/merged_fruit_36_clean_v2/yolo_fruit_dataset/images/train/pomegranate_fresh_01_clear_closeup_frame_000210.jpg,/mnt/d/merged_fruit_36_clean_v2/yolo_fruit_dataset/labels/train/pomegranate_fresh_01_clear_closeup_frame_000210.txt
train,/mnt/d/merged_fruit_36_clean_v2/yolo_fruit_dataset/_tmp_frames/potato_fresh_03_soil_hardcase_frame_000135.jpg,/mnt/d/merged_fruit_36_clean_v2/yolo_fruit_dataset/images/train/potato_fresh_03_soil_hardcase_frame_000135.jpg,/mnt/d/merged_fruit_36_clean_v2/yolo_fruit_dataset/labels/train/potato_fresh_03_soil_hardcase_frame_000135.txt
train,/mnt/d/merged_fruit_36_clean_v2/yolo_fruit_dataset/_tmp_frames/banana_fresh_03_hardcase_frame_000495.jpg,/mnt/d/merged_fruit_36_clean_v2/yolo_fruit_dataset/images/train/banana_fresh_03_hardcase_frame_000495.jpg,/mnt/d/merged_fruit_36_clean_v2/yolo_fruit_dataset/labels/train/banana_fresh_03_hardcase_frame_000495.txt
train,/mnt/d/merged_fruit_36_clean_v2/yolo_fruit_dataset/_tmp_frames/lemon_fresh_03_cut_open_hardcase_frame_000765.jpg,/mnt/d/merged_fruit_36_clean_v2/yolo_fruit_dataset/images/train/lemon_fresh_03_cut_open_hardcase_frame_000765.jpg,/mnt/d/merged_fruit_36_clean_v2/yolo_fruit_dataset/labels/train/lemon_fresh_03_cut_open_hardcase_frame_000765.txt
train,/mnt/d/merged_fruit_36_clean_v2/yolo_fruit_dataset/_tmp_frames/peach_rotten_02_mold_bruised_rotten_frame_000165.jpg,/mnt/d/merged_fruit_36_clean_v2/yolo_fruit_dataset/images/train/peach_rotten_02_mold_bruised_rotten_frame_000165.jpg,/mnt/d/merged_fruit_36_clean_v2/yolo_fruit_dataset/labels/train/peach_rotten_02_mold_bruised_rotten_frame_000165.txt
train,/mnt/d/merged_fruit_36_clean_v2/yolo_fruit_dataset/_tmp_frames/jujube_fresh_02_real_context_frame_000180.jpg,/mnt/d/merged_fruit_36_clean_v2/yolo_fruit_dataset/images/train/jujube_fresh_02_real_context_frame_000180.jpg,/mnt/d/merged_fruit_36_clean_v2/yolo_fruit_dataset/labels/train/jujube_fresh_02_real_context_frame_000180.txt
train,/mnt/d/merged_fruit_36_clean_v2/yolo_fruit_dataset/_tmp_frames/pomegranate_fresh_02_real_context_frame_000015.jpg,/mnt/d/merged_fruit_36_clean_v2/yolo_fruit_dataset/images/train/pomegranate_fresh_02_real_context_frame_000015.jpg,/mnt/d/merged_fruit_36_clean_v2/yolo_fruit_dataset/labels/train/pomegranate_fresh_02_real_context_frame_000015.txt
train,/mnt/d/merged_fruit_36_clean_v2/yolo_fruit_dataset/_tmp_frames/grape_fresh_02_real_context_frame_000660.jpg,/mnt/d/merged_fruit_36_clean_v2/yolo_fruit_dataset/images/train/grape_fresh_02_real_context_frame_000660.jpg,/mnt/d/merged_fruit_36_clean_v2/yolo_fruit_dataset/labels/train/grape_fresh_02_real_context_frame_000660.txt
train,/mnt/d/merged_fruit_36_clean_v2/yolo_fruit_dataset/_tmp_frames/carambola_fresh_01_clear_closeup_frame_000255.jpg,/mnt/d/merged_fruit_36_clean_v2/yolo_fruit_dataset/images/train/carambola_fresh_01_clear_closeup_frame_000255.jpg,/mnt/d/merged_fruit_36_clean_v2/yolo_fruit_dataset/labels/train/carambola_fresh_01_clear_closeup_frame_000255.txt
train,/mnt/d/merged_fruit_36_clean_v2/yolo_fruit_dataset/_tmp_frames/pomegranate_fresh_01_clear_closeup_frame_000285.jpg,/mnt/d/merged_fruit_36_clean_v2/yolo_fruit_dataset/images/train/pomegranate_fresh_01_clear_closeup_frame_000285.jpg,/mnt/d/merged_fruit_36_clean_v2/yolo_fruit_dataset/labels/train/pomegranate_fresh_01_clear_closeup_frame_000285.txt
train,/mnt/d/merged_fruit_36_clean_v2/yolo_fruit_dataset/_tmp_frames/banana_fresh_03_hardcase_frame_000015.jpg,/mnt/d/merged_fruit_36_clean_v2/yolo_fruit_dataset/images/train/banana_fresh_03_hardcase_frame_000015.jpg,/mnt/d/merged_fruit_36_clean_v2/yolo_fruit_dataset/labels/train/banana_fresh_03_hardcase_frame_000015.txt
train,/mnt/d/merged_fruit_36_clean_v2/yolo_fruit_dataset/_tmp_frames/lemon_rotten_01_mild_rotten_frame_000225.jpg,/mnt/d/merged_fruit_36_clean_v2/yolo_fruit_dataset/images/train/lemon_rotten_01_mild_rotten_frame_000225.jpg,/mnt/d/merged_fruit_36_clean_v2/yolo_fruit_dataset/labels/train/lemon_rotten_01_mild_rotten_frame_000225.txt
train,/mnt/d/merged_fruit_36_clean_v2/yolo_fruit_dataset/_tmp_frames/carambola_rotten_02_mold_bruised_rotten_frame_000450.jpg,/mnt/d/merged_fruit_36_clean_v2/yolo_fruit_dataset/images/train/carambola_rotten_02_mold_bruised_rotten_frame_000450.jpg,/mnt/d/merged_fruit_36_clean_v2/yolo_fruit_dataset/labels/train/carambola_rotten_02_mold_bruised_rotten_frame_000450.txt
train,/mnt/d/merged_fruit_36_clean_v2/yolo_fruit_dataset/_tmp_frames/carrot_fresh_03_hardcase_frame_000105.jpg,/mnt/d/merged_fruit_36_clean_v2/yolo_fruit_dataset/images/train/carrot_fresh_03_hardcase_frame_000105.jpg,/mnt/d/merged_fruit_36_clean_v2/yolo_fruit_dataset/labels/train/carrot_fresh_03_hardcase_frame_000105.txt
train,/mnt/d/merged_fruit_36_clean_v2/yolo_fruit_dataset/_tmp_frames/peach_rotten_02_mold_bruised_rotten_frame_000405.jpg,/mnt/d/merged_fruit_36_clean_v2/yolo_fruit_dataset/images/train/peach_rotten_02_mold_bruised_rotten_frame_000405.jpg,/mnt/d/merged_fruit_36_clean_v2/yolo_fruit_dataset/labels/train/peach_rotten_02_mold_bruised_rotten_frame_000405.txt
train,/mnt/d/merged_fruit_36_clean_v2/yolo_fruit_dataset/_tmp_frames/grape_fresh_03_on_tree_hardcase_frame_000225.jpg,/mnt/d/merged_fruit_36_clean_v2/yolo_fruit_dataset/images/train/grape_fresh_03_on_tree_hardcase_frame_000225.jpg,/mnt/d/merged_fruit_36_clean_v2/yolo_fruit_dataset/labels/train/grape_fresh_03_on_tree_hardcase_frame_000225.txt
train,/mnt/d/merged_fruit_36_clean_v2/yolo_fruit_dataset/_tmp_frames/tomato_fresh_01_clear_closeup_frame_000120.jpg,/mnt/d/merged_fruit_36_clean_v2/yolo_fruit_dataset/images/train/tomato_fresh_01_clear_closeup_frame_000120.jpg,/mnt/d/merged_fruit_36_clean_v2/yolo_fruit_dataset/labels/train/tomato_fresh_01_clear_closeup_frame_000120.txt
train,/mnt/d/merged_fruit_36_clean_v2/yolo_fruit_dataset/_tmp_frames/carrot_rotten_02_mold_soft_rotten_frame_000690.jpg,/mnt/d/merged_fruit_36_clean_v2/yolo_fruit_dataset/images/train/carrot_rotten_02_mold_soft_rotten_frame_000690.jpg,/mnt/d/merged_fruit_36_clean_v2/yolo_fruit_dataset/labels/train/carrot_rotten_02_mold_soft_rotten_frame_000690.txt
train,/mnt/d/merged_fruit_36_clean_v2/yolo_fruit_dataset/_tmp_frames/carambola_rotten_02_mold_bruised_rotten_frame_000165.jpg,/mnt/d/merged_fruit_36_clean_v2/yolo_fruit_dataset/images/train/carambola_rotten_02_mold_bruised_rotten_frame_000165.jpg,/mnt/d/merged_fruit_36_clean_v2/yolo_fruit_dataset/labels/train/carambola_rotten_02_mold_bruised_rotten_frame_000165.txt
train,/mnt/d/merged_fruit_36_clean_v2/yolo_fruit_dataset/_tmp_frames/tomato_fresh_01_clear_closeup_frame_000000.jpg,/mnt/d/merged_fruit_36_clean_v2/yolo_fruit_dataset/images/train/tomato_fresh_01_clear_closeup_frame_000000.jpg,/mnt/d/merged_fruit_36_clean_v2/yolo_fruit_dataset/labels/train/tomato_fresh_01_clear_closeup_frame_000000.txt
train,/mnt/d/merged_fruit_36_clean_v2/yolo_fruit_dataset/_tmp_frames/bellpepper_fresh_03_cut_open_hardcase_frame_000255.jpg,/mnt/d/merged_fruit_36_clean_v2/yolo_fruit_dataset/images/train/bellpepper_fresh_03_cut_open_hardcase_frame_000255.jpg,/mnt/d/merged_fruit_36_clean_v2/yolo_fruit_dataset/labels/train/bellpepper_fresh_03_cut_open_hardcase_frame_000255.txt
train,/mnt/d/merged_fruit_36_clean_v2/yolo_fruit_dataset/_tmp_frames/pomegranate_fresh_03_cut_open_hardcase_frame_000000.jpg,/mnt/d/merged_fruit_36_clean_v2/yolo_fruit_dataset/images/train/pomegranate_fresh_03_cut_open_hardcase_frame_000000.jpg,/mnt/d/merged_fruit_36_clean_v2/yolo_fruit_dataset/labels/train/pomegranate_fresh_03_cut_open_hardcase_frame_000000.txt
train,/mnt/d/merged_fruit_36_clean_v2/yolo_fruit_dataset/_tmp_frames/potato_rotten_02_sprout_green_rotten_frame_000555.jpg,/mnt/d/merged_fruit_36_clean_v2/yolo_fruit_dataset/images/train/potato_rotten_02_sprout_green_rotten_frame_000555.jpg,/mnt/d/merged_fruit_36_clean_v2/yolo_fruit_dataset/labels/train/potato_rotten_02_sprout_green_rotten_frame_000555.txt
train,/mnt/d/merged_fruit_36_clean_v2/yolo_fruit_dataset/_tmp_frames/potato_fresh_03_soil_hardcase_frame_000030.jpg,/mnt/d/merged_fruit_36_clean_v2/yolo_fruit_dataset/images/train/potato_fresh_03_soil_hardcase_frame_000030.jpg,/mnt/d/merged_fruit_36_clean_v2/yolo_fruit_dataset/labels/train/potato_fresh_03_soil_hardcase_frame_000030.txt
train,/mnt/d/merged_fruit_36_clean_v2/yolo_fruit_dataset/_tmp_frames/peach_fresh_01_clear_closeup_frame_000120.jpg,/mnt/d/merged_fruit_36_clean_v2/yolo_fruit_dataset/images/train/peach_fresh_01_clear_closeup_frame_000120.jpg,/mnt/d/merged_fruit_36_clean_v2/yolo_fruit_dataset/labels/train/peach_fresh_01_clear_closeup_frame_000120.txt
train,/mnt/d/merged_fruit_36_clean_v2/yolo_fruit_dataset/_tmp_frames/apple_fresh_02_real_context_frame_000660.jpg,/mnt/d/merged_fruit_36_clean_v2/yolo_fruit_dataset/images/train/apple_fresh_02_real_context_frame_000660.jpg,/mnt/d/merged_fruit_36_clean_v2/yolo_fruit_dataset/labels/train/apple_fresh_02_real_context_frame_000660.txt
train,/mnt/d/merged_fruit_36_clean_v2/yolo_fruit_dataset/_tmp_frames/tomato_rotten_03_hardcase_rotten_frame_000330.jpg,/mnt/d/merged_fruit_36_clean_v2/yolo_fruit_dataset/images/train/tomato_rotten_03_hardcase_rotten_frame_000330.jpg,/mnt/d/merged_fruit_36_clean_v2/yolo_fruit_dataset/labels/train/tomato_rotten_03_hardcase_rotten_frame_000330.txt
train,/mnt/d/merged_fruit_36_clean_v2/yolo_fruit_dataset/_tmp_frames/lemon_fresh_03_cut_open_hardcase_frame_000675.jpg,/mnt/d/merged_fruit_36_clean_v2/yolo_fruit_dataset/images/train/lemon_fresh_03_cut_open_hardcase_frame_000675.jpg,/mnt/d/merged_fruit_36_clean_v2/yolo_fruit_dataset/labels/train/lemon_fresh_03_cut_open_hardcase_frame_000675.txt
train,/mnt/d/merged_fruit_36_clean_v2/yolo_fruit_dataset/_tmp_frames/potato_fresh_01_clear_closeup_frame_000060.jpg,/mnt/d/merged_fruit_36_clean_v2/yolo_fruit_dataset/images/train/potato_fresh_01_clear_closeup_frame_000060.jpg,/mnt/d/merged_fruit_36_clean_v2/yolo_fruit_dataset/labels/train/potato_fresh_01_clear_closeup_frame_000060.txt
train,/mnt/d/merged_fruit_36_clean_v2/yolo_fruit_dataset/_tmp_frames/pomegranate_fresh_02_real_context_frame_000165.jpg,/mnt/d/merged_fruit_36_clean_v2/yolo_fruit_dataset/images/train/pomegranate_fresh_02_real_context_frame_000165.jpg,/mnt/d/merged_fruit_36_clean_v2/yolo_fruit_dataset/labels/train/pomegranate_fresh_02_real_context_frame_000165.txt
train,/mnt/d/merged_fruit_36_clean_v2/yolo_fruit_dataset/_tmp_frames/carrot_rotten_02_mold_soft_rotten_frame_000105.jpg,/mnt/d/merged_fruit_36_clean_v2/yolo_fruit_dataset/images/train/carrot_rotten_02_mold_soft_rotten_frame_000105.jpg,/mnt/d/merged_fruit_36_clean_v2/yolo_fruit_dataset/labels/train/carrot_rotten_02_mold_soft_rotten_frame_000105.txt
train,/mnt/d/merged_fruit_36_clean_v2/yolo_fruit_dataset/_tmp_frames/grape_rotten_02_mold_bruised_rotten_frame_000060.jpg,/mnt/d/merged_fruit_36_clean_v2/yolo_fruit_dataset/images/train/grape_rotten_02_mold_bruised_rotten_frame_000060.jpg,/mnt/d/merged_fruit_36_clean_v2/yolo_fruit_dataset/labels/train/grape_rotten_02_mold_bruised_rotten_frame_000060.txt
train,/mnt/d/merged_fruit_36_clean_v2/yolo_fruit_dataset/_tmp_frames/carambola_rotten_02_mold_bruised_rotten_frame_000405.jpg,/mnt/d/merged_fruit_36_clean_v2/yolo_fruit_dataset/images/train/carambola_rotten_02_mold_bruised_rotten_frame_000405.jpg,/mnt/d/merged_fruit_36_clean_v2/yolo_fruit_dataset/labels/train/carambola_rotten_02_mold_bruised_rotten_frame_000405.txt
train,/mnt/d/merged_fruit_36_clean_v2/yolo_fruit_dataset/_tmp_frames/bellpepper_rotten_03_hardcase_rotten_frame_000045.jpg,/mnt/d/merged_fruit_36_clean_v2/yolo_fruit_dataset/images/train/bellpepper_rotten_03_hardcase_rotten_frame_000045.jpg,/mnt/d/merged_fruit_36_clean_v2/yolo_fruit_dataset/labels/train/bellpepper_rotten_03_hardcase_rotten_frame_000045.txt
train,/mnt/d/merged_fruit_36_clean_v2/yolo_fruit_dataset/_tmp_frames/avocado_rotten_02_black_inside_rotten_frame_000315.jpg,/mnt/d/merged_fruit_36_clean_v2/yolo_fruit_dataset/images/train/avocado_rotten_02_black_inside_rotten_frame_000315.jpg,/mnt/d/merged_fruit_36_clean_v2/yolo_fruit_dataset/labels/train/avocado_rotten_02_black_inside_rotten_frame_000315.txt
train,/mnt/d/merged_fruit_36_clean_v2/yolo_fruit_dataset/_tmp_frames/avocado_fresh_01_clear_closeup_frame_000210.jpg,/mnt/d/merged_fruit_36_clean_v2/yolo_fruit_dataset/images/train/avocado_fresh_01_clear_closeup_frame_000210.jpg,/mnt/d/merged_fruit_36_clean_v2/yolo_fruit_dataset/labels/train/avocado_fresh_01_clear_closeup_frame_000210.txt
train,/mnt/d/merged_fruit_36_clean_v2/yolo_fruit_dataset/_tmp_frames/pomegranate_fresh_03_cut_open_hardcase_frame_000150.jpg,/mnt/d/merged_fruit_36_clean_v2/yolo_fruit_dataset/images/train/pomegranate_fresh_03_cut_open_hardcase_frame_000150.jpg,/mnt/d/merged_fruit_36_clean_v2/yolo_fruit_dataset/labels/train/pomegranate_fresh_03_cut_open_hardcase_frame_000150.txt
train,/mnt/d/merged_fruit_36_clean_v2/yolo_fruit_dataset/_tmp_frames/bellpepper_fresh_03_cut_open_hardcase_frame_000180.jpg,/mnt/d/merged_fruit_36_clean_v2/yolo_fruit_dataset/images/train/bellpepper_fresh_03_cut_open_hardcase_frame_000180.jpg,/mnt/d/merged_fruit_36_clean_v2/yolo_fruit_dataset/labels/train/bellpepper_fresh_03_cut_open_hardcase_frame_000180.txt
train,/mnt/d/merged_fruit_36_clean_v2/yolo_fruit_dataset/_tmp_frames/bellpepper_rotten_03_hardcase_rotten_frame_000150.jpg,/mnt/d/merged_fruit_36_clean_v2/yolo_fruit_dataset/images/train/bellpepper_rotten_03_hardcase_rotten_frame_000150.jpg,/mnt/d/merged_fruit_36_clean_v2/yolo_fruit_dataset/labels/train/bellpepper_rotten_03_hardcase_rotten_frame_000150.txt
train,/mnt/d/merged_fruit_36_clean_v2/yolo_fruit_dataset/_tmp_frames/jujube_fresh_03_on_tree_hardcase_frame_000255.jpg,/mnt/d/merged_fruit_36_clean_v2/yolo_fruit_dataset/images/train/jujube_fresh_03_on_tree_hardcase_frame_000255.jpg,/mnt/d/merged_fruit_36_clean_v2/yolo_fruit_dataset/labels/train/jujube_fresh_03_on_tree_hardcase_frame_000255.txt
train,/mnt/d/merged_fruit_36_clean_v2/yolo_fruit_dataset/_tmp_frames/pomegranate_fresh_03_cut_open_hardcase_frame_000420.jpg,/mnt/d/merged_fruit_36_clean_v2/yolo_fruit_dataset/images/train/pomegranate_fresh_03_cut_open_hardcase_frame_000420.jpg,/mnt/d/merged_fruit_36_clean_v2/yolo_fruit_dataset/labels/train/pomegranate_fresh_03_cut_open_hardcase_frame_000420.txt
train,/mnt/d/merged_fruit_36_clean_v2/yolo_fruit_dataset/_tmp_frames/jujube_fresh_03_on_tree_hardcase_frame_000195.jpg,/mnt/d/merged_fruit_36_clean_v2/yolo_fruit_dataset/images/train/jujube_fresh_03_on_tree_hardcase_frame_000195.jpg,/mnt/d/merged_fruit_36_clean_v2/yolo_fruit_dataset/labels/train/jujube_fresh_03_on_tree_hardcase_frame_000195.txt
train,/mnt/d/merged_fruit_36_clean_v2/yolo_fruit_dataset/_tmp_frames/apple_rotten_03_hardcase_rotten_frame_000165.jpg,/mnt/d/merged_fruit_36_clean_v2/yolo_fruit_dataset/images/train/apple_rotten_03_hardcase_rotten_frame_000165.jpg,/mnt/d/merged_fruit_36_clean_v2/yolo_fruit_dataset/labels/train/apple_rotten_03_hardcase_rotten_frame_000165.txt
train,/mnt/d/merged_fruit_36_clean_v2/yolo_fruit_dataset/_tmp_frames/lemon_fresh_03_cut_open_hardcase_frame_000660.jpg,/mnt/d/merged_fruit_36_clean_v2/yolo_fruit_dataset/images/train/lemon_fresh_03_cut_open_hardcase_frame_000660.jpg,/mnt/d/merged_fruit_36_clean_v2/yolo_fruit_dataset/labels/train/lemon_fresh_03_cut_open_hardcase_frame_000660.txt
train,/mnt/d/merged_fruit_36_clean_v2/yolo_fruit_dataset/_tmp_frames/grape_fresh_02_real_context_frame_001035.jpg,/mnt/d/merged_fruit_36_clean_v2/yolo_fruit_dataset/images/train/grape_fresh_02_real_context_frame_001035.jpg,/mnt/d/merged_fruit_36_clean_v2/yolo_fruit_dataset/labels/train/grape_fresh_02_real_context_frame_001035.txt
train,/mnt/d/merged_fruit_36_clean_v2/yolo_fruit_dataset/_tmp_frames/orange_fresh_01_clear_closeup_frame_000270.jpg,/mnt/d/merged_fruit_36_clean_v2/yolo_fruit_dataset/images/train/orange_fresh_01_clear_closeup_frame_000270.jpg,/mnt/d/merged_fruit_36_clean_v2/yolo_fruit_dataset/labels/train/orange_fresh_01_clear_closeup_frame_000270.txt
train,/mnt/d/merged_fruit_36_clean_v2/yolo_fruit_dataset/_tmp_frames/grape_fresh_01_clear_closeup_frame_001005.jpg,/mnt/d/merged_fruit_36_clean_v2/yolo_fruit_dataset/images/train/grape_fresh_01_clear_closeup_frame_001005.jpg,/mnt/d/merged_fruit_36_clean_v2/yolo_fruit_dataset/labels/train/grape_fresh_01_clear_closeup_frame_001005.txt
train,/mnt/d/merged_fruit_36_clean_v2/yolo_fruit_dataset/_tmp_frames/banana_fresh_01_clear_closeup_frame_000180.jpg,/mnt/d/merged_fruit_36_clean_v2/yolo_fruit_dataset/images/train/banana_fresh_01_clear_closeup_frame_000180.jpg,/mnt/d/merged_fruit_36_clean_v2/yolo_fruit_dataset/labels/train/banana_fresh_01_clear_closeup_frame_000180.txt
train,/mnt/d/merged_fruit_36_clean_v2/yolo_fruit_dataset/_tmp_frames/peach_fresh_01_clear_closeup_frame_000030.jpg,/mnt/d/merged_fruit_36_clean_v2/yolo_fruit_dataset/images/train/peach_fresh_01_clear_closeup_frame_000030.jpg,/mnt/d/merged_fruit_36_clean_v2/yolo_fruit_dataset/labels/train/peach_fresh_01_clear_closeup_frame_000030.txt
train,/mnt/d/merged_fruit_36_clean_v2/yolo_fruit_dataset/_tmp_frames/carrot_fresh_01_clear_closeup_frame_000210.jpg,/mnt/d/merged_fruit_36_clean_v2/yolo_fruit_dataset/images/train/carrot_fresh_01_clear_closeup_frame_000210.jpg,/mnt/d/merged_fruit_36_clean_v2/yolo_fruit_dataset/labels/train/carrot_fresh_01_clear_closeup_frame_000210.txt
train,/mnt/d/merged_fruit_36_clean_v2/yolo_fruit_dataset/_tmp_frames/orange_rotten_03_hardcase_rotten_frame_000150.jpg,/mnt/d/merged_fruit_36_clean_v2/yolo_fruit_dataset/images/train/orange_rotten_03_hardcase_rotten_frame_000150.jpg,/mnt/d/merged_fruit_36_clean_v2/yolo_fruit_dataset/labels/train/orange_rotten_03_hardcase_rotten_frame_000150.txt
train,/mnt/d/merged_fruit_36_clean_v2/yolo_fruit_dataset/_tmp_frames/cucumber_fresh_01_clear_closeup_frame_000030.jpg,/mnt/d/merged_fruit_36_clean_v2/yolo_fruit_dataset/images/train/cucumber_fresh_01_clear_closeup_frame_000030.jpg,/mnt/d/merged_fruit_36_clean_v2/yolo_fruit_dataset/labels/train/cucumber_fresh_01_clear_closeup_frame_000030.txt
train,/mnt/d/merged_fruit_36_clean_v2/yolo_fruit_dataset/_tmp_frames/orange_rotten_03_hardcase_rotten_frame_000300.jpg,/mnt/d/merged_fruit_36_clean_v2/yolo_fruit_dataset/images/train/orange_rotten_03_hardcase_rotten_frame_000300.jpg,/mnt/d/merged_fruit_36_clean_v2/yolo_fruit_dataset/labels/train/orange_rotten_03_hardcase_rotten_frame_000300.txt
train,/mnt/d/merged_fruit_36_clean_v2/yolo_fruit_dataset/_tmp_frames/avocado_rotten_03_hardcase_rotten_frame_000330.jpg,/mnt/d/merged_fruit_36_clean_v2/yolo_fruit_dataset/images/train/avocado_rotten_03_hardcase_rotten_frame_000330.jpg,/mnt/d/merged_fruit_36_clean_v2/yolo_fruit_dataset/labels/train/avocado_rotten_03_hardcase_rotten_frame_000330.txt
train,/mnt/d/merged_fruit_36_clean_v2/yolo_fruit_dataset/_tmp_frames/guava_fresh_03_on_tree_hardcase_frame_000585.jpg,/mnt/d/merged_fruit_36_clean_v2/yolo_fruit_dataset/images/train/guava_fresh_03_on_tree_hardcase_frame_000585.jpg,/mnt/d/merged_fruit_36_clean_v2/yolo_fruit_dataset/labels/train/guava_fresh_03_on_tree_hardcase_frame_000585.txt
train,/mnt/d/merged_fruit_36_clean_v2/yolo_fruit_dataset/_tmp_frames/lemon_fresh_03_cut_open_hardcase_frame_000105.jpg,/mnt/d/merged_fruit_36_clean_v2/yolo_fruit_dataset/images/train/lemon_fresh_03_cut_open_hardcase_frame_000105.jpg,/mnt/d/merged_fruit_36_clean_v2/yolo_fruit_dataset/labels/train/lemon_fresh_03_cut_open_hardcase_frame_000105.txt
train,/mnt/d/merged_fruit_36_clean_v2/yolo_fruit_dataset/_tmp_frames/orange_rotten_03_hardcase_rotten_frame_000135.jpg,/mnt/d/merged_fruit_36_clean_v2/yolo_fruit_dataset/images/train/orange_rotten_03_hardcase_rotten_frame_000135.jpg,/mnt/d/merged_fruit_36_clean_v2/yolo_fruit_dataset/labels/train/orange_rotten_03_hardcase_rotten_frame_000135.txt
train,/mnt/d/merged_fruit_36_clean_v2/yolo_fruit_dataset/_tmp_frames/grape_fresh_01_clear_closeup_frame_000735.jpg,/mnt/d/merged_fruit_36_clean_v2/yolo_fruit_dataset/images/train/grape_fresh_01_clear_closeup_frame_000735.jpg,/mnt/d/merged_fruit_36_clean_v2/yolo_fruit_dataset/labels/train/grape_fresh_01_clear_closeup_frame_000735.txt
train,/mnt/d/merged_fruit_36_clean_v2/yolo_fruit_dataset/_tmp_frames/banana_rotten_02_black_bruised_rotten_frame_000585.jpg,/mnt/d/merged_fruit_36_clean_v2/yolo_fruit_dataset/images/train/banana_rotten_02_black_bruised_rotten_frame_000585.jpg,/mnt/d/merged_fruit_36_clean_v2/yolo_fruit_dataset/labels/train/banana_rotten_02_black_bruised_rotten_frame_000585.txt
train,/mnt/d/merged_fruit_36_clean_v2/yolo_fruit_dataset/_tmp_frames/grape_rotten_01_mild_rotten_frame_000015.jpg,/mnt/d/merged_fruit_36_clean_v2/yolo_fruit_dataset/images/train/grape_rotten_01_mild_rotten_frame_000015.jpg,/mnt/d/merged_fruit_36_clean_v2/yolo_fruit_dataset/labels/train/grape_rotten_01_mild_rotten_frame_000015.txt
train,/mnt/d/merged_fruit_36_clean_v2/yolo_fruit_dataset/_tmp_frames/potato_fresh_01_clear_closeup_frame_000360.jpg,/mnt/d/merged_fruit_36_clean_v2/yolo_fruit_dataset/images/train/potato_fresh_01_clear_closeup_frame_000360.jpg,/mnt/d/merged_fruit_36_clean_v2/yolo_fruit_dataset/labels/train/potato_fresh_01_clear_closeup_frame_000360.txt
train,/mnt/d/merged_fruit_36_clean_v2/yolo_fruit_dataset/_tmp_frames/apple_fresh_02_real_context_frame_000165.jpg,/mnt/d/merged_fruit_36_clean_v2/yolo_fruit_dataset/images/train/apple_fresh_02_real_context_frame_000165.jpg,/mnt/d/merged_fruit_36_clean_v2/yolo_fruit_dataset/labels/train/apple_fresh_02_real_context_frame_000165.txt
train,/mnt/d/merged_fruit_36_clean_v2/yolo_fruit_dataset/_tmp_frames/tomato_fresh_01_clear_closeup_frame_000390.jpg,/mnt/d/merged_fruit_36_clean_v2/yolo_fruit_dataset/images/train/tomato_fresh_01_clear_closeup_frame_000390.jpg,/mnt/d/merged_fruit_36_clean_v2/yolo_fruit_dataset/labels/train/tomato_fresh_01_clear_closeup_frame_000390.txt
train,/mnt/d/merged_fruit_36_clean_v2/yolo_fruit_dataset/_tmp_frames/grape_fresh_01_clear_closeup_frame_000705.jpg,/mnt/d/merged_fruit_36_clean_v2/yolo_fruit_dataset/images/train/grape_fresh_01_clear_closeup_frame_000705.jpg,/mnt/d/merged_fruit_36_clean_v2/yolo_fruit_dataset/labels/train/grape_fresh_01_clear_closeup_frame_000705.txt
train,/mnt/d/merged_fruit_36_clean_v2/yolo_fruit_dataset/_tmp_frames/grape_rotten_01_mild_rotten_frame_000075.jpg,/mnt/d/merged_fruit_36_clean_v2/yolo_fruit_dataset/images/train/grape_rotten_01_mild_rotten_frame_000075.jpg,/mnt/d/merged_fruit_36_clean_v2/yolo_fruit_dataset/labels/train/grape_rotten_01_mild_rotten_frame_000075.txt
train,/mnt/d/merged_fruit_36_clean_v2/yolo_fruit_dataset/_tmp_frames/banana_fresh_03_hardcase_frame_001275.jpg,/mnt/d/merged_fruit_36_clean_v2/yolo_fruit_dataset/images/train/banana_fresh_03_hardcase_frame_001275.jpg,/mnt/d/merged_fruit_36_clean_v2/yolo_fruit_dataset/labels/train/banana_fresh_03_hardcase_frame_001275.txt
train,/mnt/d/merged_fruit_36_clean_v2/yolo_fruit_dataset/_tmp_frames/tomato_rotten_02_soft_mold_rotten_frame_000015.jpg,/mnt/d/merged_fruit_36_clean_v2/yolo_fruit_dataset/images/train/tomato_rotten_02_soft_mold_rotten_frame_000015.jpg,/mnt/d/merged_fruit_36_clean_v2/yolo_fruit_dataset/labels/train/tomato_rotten_02_soft_mold_rotten_frame_000015.txt
train,/mnt/d/merged_fruit_36_clean_v2/yolo_fruit_dataset/_tmp_frames/orange_rotten_02_mold_soft_rotten_frame_000345.jpg,/mnt/d/merged_fruit_36_clean_v2/yolo_fruit_dataset/images/train/orange_rotten_02_mold_soft_rotten_frame_000345.jpg,/mnt/d/merged_fruit_36_clean_v2/yolo_fruit_dataset/labels/train/orange_rotten_02_mold_soft_rotten_frame_000345.txt
train,/mnt/d/merged_fruit_36_clean_v2/yolo_fruit_dataset/_tmp_frames/banana_rotten_02_black_bruised_rotten_frame_000000.jpg,/mnt/d/merged_fruit_36_clean_v2/yolo_fruit_dataset/images/train/banana_rotten_02_black_bruised_rotten_frame_000000.jpg,/mnt/d/merged_fruit_36_clean_v2/yolo_fruit_dataset/labels/train/banana_rotten_02_black_bruised_rotten_frame_000000.txt
train,/mnt/d/merged_fruit_36_clean_v2/yolo_fruit_dataset/_tmp_frames/grape_fresh_02_real_context_frame_000075.jpg,/mnt/d/merged_fruit_36_clean_v2/yolo_fruit_dataset/images/train/grape_fresh_02_real_context_frame_000075.jpg,/mnt/d/merged_fruit_36_clean_v2/yolo_fruit_dataset/labels/train/grape_fresh_02_real_context_frame_000075.txt
train,/mnt/d/merged_fruit_36_clean_v2/yolo_fruit_dataset/_tmp_frames/orange_fresh_01_clear_closeup_frame_000195.jpg,/mnt/d/merged_fruit_36_clean_v2/yolo_fruit_dataset/images/train/orange_fresh_01_clear_closeup_frame_000195.jpg,/mnt/d/merged_fruit_36_clean_v2/yolo_fruit_dataset/labels/train/orange_fresh_01_clear_closeup_frame_000195.txt
train,/mnt/d/merged_fruit_36_clean_v2/yolo_fruit_dataset/_tmp_frames/peach_fresh_01_clear_closeup_frame_000795.jpg,/mnt/d/merged_fruit_36_clean_v2/yolo_fruit_dataset/images/train/peach_fresh_01_clear_closeup_frame_000795.jpg,/mnt/d/merged_fruit_36_clean_v2/yolo_fruit_dataset/labels/train/peach_fresh_01_clear_closeup_frame_000795.txt
train,/mnt/d/merged_fruit_36_clean_v2/yolo_fruit_dataset/_tmp_frames/carambola_rotten_02_mold_bruised_rotten_frame_001020.jpg,/mnt/d/merged_fruit_36_clean_v2/yolo_fruit_dataset/images/train/carambola_rotten_02_mold_bruised_rotten_frame_001020.jpg,/mnt/d/merged_fruit_36_clean_v2/yolo_fruit_dataset/labels/train/carambola_rotten_02_mold_bruised_rotten_frame_001020.txt
train,/mnt/d/merged_fruit_36_clean_v2/yolo_fruit_dataset/_tmp_frames/apple_fresh_02_real_context_frame_000750.jpg,/mnt/d/merged_fruit_36_clean_v2/yolo_fruit_dataset/images/train/apple_fresh_02_real_context_frame_000750.jpg,/mnt/d/merged_fruit_36_clean_v2/yolo_fruit_dataset/labels/train/apple_fresh_02_real_context_frame_000750.txt
train,/mnt/d/merged_fruit_36_clean_v2/yolo_fruit_dataset/_tmp_frames/grape_fresh_01_clear_closeup_frame_001395.jpg,/mnt/d/merged_fruit_36_clean_v2/yolo_fruit_dataset/images/train/grape_fresh_01_clear_closeup_frame_001395.jpg,/mnt/d/merged_fruit_36_clean_v2/yolo_fruit_dataset/labels/train/grape_fresh_01_clear_closeup_frame_001395.txt
train,/mnt/d/merged_fruit_36_clean_v2/yolo_fruit_dataset/_tmp_frames/apple_rotten_02_mold_bruised_rotten_frame_000075.jpg,/mnt/d/merged_fruit_36_clean_v2/yolo_fruit_dataset/images/train/apple_rotten_02_mold_bruised_rotten_frame_000075.jpg,/mnt/d/merged_fruit_36_clean_v2/yolo_fruit_dataset/labels/train/apple_rotten_02_mold_bruised_rotten_frame_000075.txt
train,/mnt/d/merged_fruit_36_clean_v2/yolo_fruit_dataset/_tmp_frames/pomegranate_rotten_01_mild_rotten_frame_000060.jpg,/mnt/d/merged_fruit_36_clean_v2/yolo_fruit_dataset/images/train/pomegranate_rotten_01_mild_rotten_frame_000060.jpg,/mnt/d/merged_fruit_36_clean_v2/yolo_fruit_dataset/labels/train/pomegranate_rotten_01_mild_rotten_frame_000060.txt
train,/mnt/d/merged_fruit_36_clean_v2/yolo_fruit_dataset/_tmp_frames/carrot_rotten_02_mold_soft_rotten_frame_000060.jpg,/mnt/d/merged_fruit_36_clean_v2/yolo_fruit_dataset/images/train/carrot_rotten_02_mold_soft_rotten_frame_000060.jpg,/mnt/d/merged_fruit_36_clean_v2/yolo_fruit_dataset/labels/train/carrot_rotten_02_mold_soft_rotten_frame_000060.txt
train,/mnt/d/merged_fruit_36_clean_v2/yolo_fruit_dataset/_tmp_frames/tomato_fresh_03_cut_open_hardcase_frame_000195.jpg,/mnt/d/merged_fruit_36_clean_v2/yolo_fruit_dataset/images/train/tomato_fresh_03_cut_open_hardcase_frame_000195.jpg,/mnt/d/merged_fruit_36_clean_v2/yolo_fruit_dataset/labels/train/tomato_fresh_03_cut_open_hardcase_frame_000195.txt
train,/mnt/d/merged_fruit_36_clean_v2/yolo_fruit_dataset/_tmp_frames/carrot_rotten_02_mold_soft_rotten_frame_000255.jpg,/mnt/d/merged_fruit_36_clean_v2/yolo_fruit_dataset/images/train/carrot_rotten_02_mold_soft_rotten_frame_000255.jpg,/mnt/d/merged_fruit_36_clean_v2/yolo_fruit_dataset/labels/train/carrot_rotten_02_mold_soft_rotten_frame_000255.txt
train,/mnt/d/merged_fruit_36_clean_v2/yolo_fruit_dataset/_tmp_frames/banana_rotten_02_black_bruised_rotten_frame_000675.jpg,/mnt/d/merged_fruit_36_clean_v2/yolo_fruit_dataset/images/train/banana_rotten_02_black_bruised_rotten_frame_000675.jpg,/mnt/d/merged_fruit_36_clean_v2/yolo_fruit_dataset/labels/train/banana_rotten_02_black_bruised_rotten_frame_000675.txt
train,/mnt/d/merged_fruit_36_clean_v2/yolo_fruit_dataset/_tmp_frames/carambola_rotten_02_mold_bruised_rotten_frame_000120.jpg,/mnt/d/merged_fruit_36_clean_v2/yolo_fruit_dataset/images/train/carambola_rotten_02_mold_bruised_rotten_frame_000120.jpg,/mnt/d/merged_fruit_36_clean_v2/yolo_fruit_dataset/labels/train/carambola_rotten_02_mold_bruised_rotten_frame_000120.txt
train,/mnt/d/merged_fruit_36_clean_v2/yolo_fruit_dataset/_tmp_frames/grape_rotten_02_mold_bruised_rotten_frame_000255.jpg,/mnt/d/merged_fruit_36_clean_v2/yolo_fruit_dataset/images/train/grape_rotten_02_mold_bruised_rotten_frame_000255.jpg,/mnt/d/merged_fruit_36_clean_v2/yolo_fruit_dataset/labels/train/grape_rotten_02_mold_bruised_rotten_frame_000255.txt
train,/mnt/d/merged_fruit_36_clean_v2/yolo_fruit_dataset/_tmp_frames/lemon_fresh_03_cut_open_hardcase_frame_000510.jpg,/mnt/d/merged_fruit_36_clean_v2/yolo_fruit_dataset/images/train/lemon_fresh_03_cut_open_hardcase_frame_000510.jpg,/mnt/d/merged_fruit_36_clean_v2/yolo_fruit_dataset/labels/train/lemon_fresh_03_cut_open_hardcase_frame_000510.txt
train,/mnt/d/merged_fruit_36_clean_v2/yolo_fruit_dataset/_tmp_frames/grape_rotten_01_mild_rotten_frame_000525.jpg,/mnt/d/merged_fruit_36_clean_v2/yolo_fruit_dataset/images/train/grape_rotten_01_mild_rotten_frame_000525.jpg,/mnt/d/merged_fruit_36_clean_v2/yolo_fruit_dataset/labels/train/grape_rotten_01_mild_rotten_frame_000525.txt
train,/mnt/d/merged_fruit_36_clean_v2/yolo_fruit_dataset/_tmp_frames/carrot_rotten_01_mild_rotten_frame_000060.jpg,/mnt/d/merged_fruit_36_clean_v2/yolo_fruit_dataset/images/train/carrot_rotten_01_mild_rotten_frame_000060.jpg,/mnt/d/merged_fruit_36_clean_v2/yolo_fruit_dataset/labels/train/carrot_rotten_01_mild_rotten_frame_000060.txt
train,/mnt/d/merged_fruit_36_clean_v2/yolo_fruit_dataset/_tmp_frames/avocado_fresh_02_real_context_frame_000285.jpg,/mnt/d/merged_fruit_36_clean_v2/yolo_fruit_dataset/images/train/avocado_fresh_02_real_context_frame_000285.jpg,/mnt/d/merged_fruit_36_clean_v2/yolo_fruit_dataset/labels/train/avocado_fresh_02_real_context_frame_000285.txt
train,/mnt/d/merged_fruit_36_clean_v2/yolo_fruit_dataset/_tmp_frames/tomato_fresh_03_cut_open_hardcase_frame_000165.jpg,/mnt/d/merged_fruit_36_clean_v2/yolo_fruit_dataset/images/train/tomato_fresh_03_cut_open_hardcase_frame_000165.jpg,/mnt/d/merged_fruit_36_clean_v2/yolo_fruit_dataset/labels/train/tomato_fresh_03_cut_open_hardcase_frame_000165.txt
train,/mnt/d/merged_fruit_36_clean_v2/yolo_fruit_dataset/_tmp_frames/bellpepper_fresh_01_clear_closeup_frame_000105.jpg,/mnt/d/merged_fruit_36_clean_v2/yolo_fruit_dataset/images/train/bellpepper_fresh_01_clear_closeup_frame_000105.jpg,/mnt/d/merged_fruit_36_clean_v2/yolo_fruit_dataset/labels/train/bellpepper_fresh_01_clear_closeup_frame_000105.txt
train,/mnt/d/merged_fruit_36_clean_v2/yolo_fruit_dataset/_tmp_frames/grape_fresh_01_clear_closeup_frame_000510.jpg,/mnt/d/merged_fruit_36_clean_v2/yolo_fruit_dataset/images/train/grape_fresh_01_clear_closeup_frame_000510.jpg,/mnt/d/merged_fruit_36_clean_v2/yolo_fruit_dataset/labels/train/grape_fresh_01_clear_closeup_frame_000510.txt
train,/mnt/d/merged_fruit_36_clean_v2/yolo_fruit_dataset/_tmp_frames/guava_fresh_03_on_tree_hardcase_frame_000360.jpg,/mnt/d/merged_fruit_36_clean_v2/yolo_fruit_dataset/images/train/guava_fresh_03_on_tree_hardcase_frame_000360.jpg,/mnt/d/merged_fruit_36_clean_v2/yolo_fruit_dataset/labels/train/guava_fresh_03_on_tree_hardcase_frame_000360.txt
train,/mnt/d/merged_fruit_36_clean_v2/yolo_fruit_dataset/_tmp_frames/grape_fresh_01_clear_closeup_frame_001305.jpg,/mnt/d/merged_fruit_36_clean_v2/yolo_fruit_dataset/images/train/grape_fresh_01_clear_closeup_frame_001305.jpg,/mnt/d/merged_fruit_36_clean_v2/yolo_fruit_dataset/labels/train/grape_fresh_01_clear_closeup_frame_001305.txt
train,/mnt/d/merged_fruit_36_clean_v2/yolo_fruit_dataset/_tmp_frames/bellpepper_fresh_02_real_context_frame_000480.jpg,/mnt/d/merged_fruit_36_clean_v2/yolo_fruit_dataset/images/train/bellpepper_fresh_02_real_context_frame_000480.jpg,/mnt/d/merged_fruit_36_clean_v2/yolo_fruit_dataset/labels/train/bellpepper_fresh_02_real_context_frame_000480.txt
train,/mnt/d/merged_fruit_36_clean_v2/yolo_fruit_dataset/_tmp_frames/avocado_rotten_03_hardcase_rotten_frame_000045.jpg,/mnt/d/merged_fruit_36_clean_v2/yolo_fruit_dataset/images/train/avocado_rotten_03_hardcase_rotten_frame_000045.jpg,/mnt/d/merged_fruit_36_clean_v2/yolo_fruit_dataset/labels/train/avocado_rotten_03_hardcase_rotten_frame_000045.txt
train,/mnt/d/merged_fruit_36_clean_v2/yolo_fruit_dataset/_tmp_frames/tomato_rotten_03_hardcase_rotten_frame_000180.jpg,/mnt/d/merged_fruit_36_clean_v2/yolo_fruit_dataset/images/train/tomato_rotten_03_hardcase_rotten_frame_000180.jpg,/mnt/d/merged_fruit_36_clean_v2/yolo_fruit_dataset/labels/train/tomato_rotten_03_hardcase_rotten_frame_000180.txt
train,/mnt/d/merged_fruit_36_clean_v2/yolo_fruit_dataset/_tmp_frames/apple_rotten_01_mild_rotten_frame_000525.jpg,/mnt/d/merged_fruit_36_clean_v2/yolo_fruit_dataset/images/train/apple_rotten_01_mild_rotten_frame_000525.jpg,/mnt/d/merged_fruit_36_clean_v2/yolo_fruit_dataset/labels/train/apple_rotten_01_mild_rotten_frame_000525.txt
train,/mnt/d/merged_fruit_36_clean_v2/yolo_fruit_dataset/_tmp_frames/avocado_rotten_01_mild_rotten_frame_000120.jpg,/mnt/d/merged_fruit_36_clean_v2/yolo_fruit_dataset/images/train/avocado_rotten_01_mild_rotten_frame_000120.jpg,/mnt/d/merged_fruit_36_clean_v2/yolo_fruit_dataset/labels/train/avocado_rotten_01_mild_rotten_frame_000120.txt
train,/mnt/d/merged_fruit_36_clean_v2/yolo_fruit_dataset/_tmp_frames/banana_rotten_02_black_bruised_rotten_frame_000480.jpg,/mnt/d/merged_fruit_36_clean_v2/yolo_fruit_dataset/images/train/banana_rotten_02_black_bruised_rotten_frame_000480.jpg,/mnt/d/merged_fruit_36_clean_v2/yolo_fruit_dataset/labels/train/banana_rotten_02_black_bruised_rotten_frame_000480.txt
train,/mnt/d/merged_fruit_36_clean_v2/yolo_fruit_dataset/_tmp_frames/potato_fresh_01_clear_closeup_frame_000495.jpg,/mnt/d/merged_fruit_36_clean_v2/yolo_fruit_dataset/images/train/potato_fresh_01_clear_closeup_frame_000495.jpg,/mnt/d/merged_fruit_36_clean_v2/yolo_fruit_dataset/labels/train/potato_fresh_01_clear_closeup_frame_000495.txt
train,/mnt/d/merged_fruit_36_clean_v2/yolo_fruit_dataset/_tmp_frames/orange_rotten_01_mild_rotten_frame_000210.jpg,/mnt/d/merged_fruit_36_clean_v2/yolo_fruit_dataset/images/train/orange_rotten_01_mild_rotten_frame_000210.jpg,/mnt/d/merged_fruit_36_clean_v2/yolo_fruit_dataset/labels/train/orange_rotten_01_mild_rotten_frame_000210.txt
train,/mnt/d/merged_fruit_36_clean_v2/yolo_fruit_dataset/_tmp_frames/banana_fresh_03_hardcase_frame_001155.jpg,/mnt/d/merged_fruit_36_clean_v2/yolo_fruit_dataset/images/train/banana_fresh_03_hardcase_frame_001155.jpg,/mnt/d/merged_fruit_36_clean_v2/yolo_fruit_dataset/labels/train/banana_fresh_03_hardcase_frame_001155.txt
train,/mnt/d/merged_fruit_36_clean_v2/yolo_fruit_dataset/_tmp_frames/potato_rotten_01_mild_rotten_frame_000060.jpg,/mnt/d/merged_fruit_36_clean_v2/yolo_fruit_dataset/images/train/potato_rotten_01_mild_rotten_frame_000060.jpg,/mnt/d/merged_fruit_36_clean_v2/yolo_fruit_dataset/labels/train/potato_rotten_01_mild_rotten_frame_000060.txt
train,/mnt/d/merged_fruit_36_clean_v2/yolo_fruit_dataset/_tmp_frames/avocado_fresh_02_real_context_frame_000000.jpg,/mnt/d/merged_fruit_36_clean_v2/yolo_fruit_dataset/images/train/avocado_fresh_02_real_context_frame_000000.jpg,/mnt/d/merged_fruit_36_clean_v2/yolo_fruit_dataset/labels/train/avocado_fresh_02_real_context_frame_000000.txt
train,/mnt/d/merged_fruit_36_clean_v2/yolo_fruit_dataset/_tmp_frames/tomato_fresh_02_real_context_frame_000360.jpg,/mnt/d/merged_fruit_36_clean_v2/yolo_fruit_dataset/images/train/tomato_fresh_02_real_context_frame_000360.jpg,/mnt/d/merged_fruit_36_clean_v2/yolo_fruit_dataset/labels/train/tomato_fresh_02_real_context_frame_000360.txt
train,/mnt/d/merged_fruit_36_clean_v2/yolo_fruit_dataset/_tmp_frames/banana_fresh_03_hardcase_frame_000330.jpg,/mnt/d/merged_fruit_36_clean_v2/yolo_fruit_dataset/images/train/banana_fresh_03_hardcase_frame_000330.jpg,/mnt/d/merged_fruit_36_clean_v2/yolo_fruit_dataset/labels/train/banana_fresh_03_hardcase_frame_000330.txt
train,/mnt/d/merged_fruit_36_clean_v2/yolo_fruit_dataset/_tmp_frames/orange_rotten_01_mild_rotten_frame_000270.jpg,/mnt/d/merged_fruit_36_clean_v2/yolo_fruit_dataset/images/train/orange_rotten_01_mild_rotten_frame_000270.jpg,/mnt/d/merged_fruit_36_clean_v2/yolo_fruit_dataset/labels/train/orange_rotten_01_mild_rotten_frame_000270.txt
train,/mnt/d/merged_fruit_36_clean_v2/yolo_fruit_dataset/_tmp_frames/mango_fresh_01_clear_closeup_frame_000015.jpg,/mnt/d/merged_fruit_36_clean_v2/yolo_fruit_dataset/images/train/mango_fresh_01_clear_closeup_frame_000015.jpg,/mnt/d/merged_fruit_36_clean_v2/yolo_fruit_dataset/labels/train/mango_fresh_01_clear_closeup_frame_000015.txt
train,/mnt/d/merged_fruit_36_clean_v2/yolo_fruit_dataset/_tmp_frames/grape_fresh_02_real_context_frame_000735.jpg,/mnt/d/merged_fruit_36_clean_v2/yolo_fruit_dataset/images/train/grape_fresh_02_real_context_frame_000735.jpg,/mnt/d/merged_fruit_36_clean_v2/yolo_fruit_dataset/labels/train/grape_fresh_02_real_context_frame_000735.txt
train,/mnt/d/merged_fruit_36_clean_v2/yolo_fruit_dataset/_tmp_frames/tomato_rotten_03_hardcase_rotten_frame_000105.jpg,/mnt/d/merged_fruit_36_clean_v2/yolo_fruit_dataset/images/train/tomato_rotten_03_hardcase_rotten_frame_000105.jpg,/mnt/d/merged_fruit_36_clean_v2/yolo_fruit_dataset/labels/train/tomato_rotten_03_hardcase_rotten_frame_000105.txt
train,/mnt/d/merged_fruit_36_clean_v2/yolo_fruit_dataset/_tmp_frames/jujube_fresh_02_real_context_frame_000000.jpg,/mnt/d/merged_fruit_36_clean_v2/yolo_fruit_dataset/images/train/jujube_fresh_02_real_context_frame_000000.jpg,/mnt/d/merged_fruit_36_clean_v2/yolo_fruit_dataset/labels/train/jujube_fresh_02_real_context_frame_000000.txt
train,/mnt/d/merged_fruit_36_clean_v2/yolo_fruit_dataset/_tmp_frames/lemon_fresh_03_cut_open_hardcase_frame_000045.jpg,/mnt/d/merged_fruit_36_clean_v2/yolo_fruit_dataset/images/train/lemon_fresh_03_cut_open_hardcase_frame_000045.jpg,/mnt/d/merged_fruit_36_clean_v2/yolo_fruit_dataset/labels/train/lemon_fresh_03_cut_open_hardcase_frame_000045.txt
train,/mnt/d/merged_fruit_36_clean_v2/yolo_fruit_dataset/_tmp_frames/banana_fresh_03_hardcase_frame_001425.jpg,/mnt/d/merged_fruit_36_clean_v2/yolo_fruit_dataset/images/train/banana_fresh_03_hardcase_frame_001425.jpg,/mnt/d/merged_fruit_36_clean_v2/yolo_fruit_dataset/labels/train/banana_fresh_03_hardcase_frame_001425.txt
train,/mnt/d/merged_fruit_36_clean_v2/yolo_fruit_dataset/_tmp_frames/grape_rotten_01_mild_rotten_frame_000480.jpg,/mnt/d/merged_fruit_36_clean_v2/yolo_fruit_dataset/images/train/grape_rotten_01_mild_rotten_frame_000480.jpg,/mnt/d/merged_fruit_36_clean_v2/yolo_fruit_dataset/labels/train/grape_rotten_01_mild_rotten_frame_000480.txt
train,/mnt/d/merged_fruit_36_clean_v2/yolo_fruit_dataset/_tmp_frames/apple_rotten_01_mild_rotten_frame_000510.jpg,/mnt/d/merged_fruit_36_clean_v2/yolo_fruit_dataset/images/train/apple_rotten_01_mild_rotten_frame_000510.jpg,/mnt/d/merged_fruit_36_clean_v2/yolo_fruit_dataset/labels/train/apple_rotten_01_mild_rotten_frame_000510.txt
train,/mnt/d/merged_fruit_36_clean_v2/yolo_fruit_dataset/_tmp_frames/mango_fresh_01_clear_closeup_frame_000330.jpg,/mnt/d/merged_fruit_36_clean_v2/yolo_fruit_dataset/images/train/mango_fresh_01_clear_closeup_frame_000330.jpg,/mnt/d/merged_fruit_36_clean_v2/yolo_fruit_dataset/labels/train/mango_fresh_01_clear_closeup_frame_000330.txt
train,/mnt/d/merged_fruit_36_clean_v2/yolo_fruit_dataset/_tmp_frames/pomegranate_fresh_03_cut_open_hardcase_frame_000315.jpg,/mnt/d/merged_fruit_36_clean_v2/yolo_fruit_dataset/images/train/pomegranate_fresh_03_cut_open_hardcase_frame_000315.jpg,/mnt/d/merged_fruit_36_clean_v2/yolo_fruit_dataset/labels/train/pomegranate_fresh_03_cut_open_hardcase_frame_000315.txt
train,/mnt/d/merged_fruit_36_clean_v2/yolo_fruit_dataset/_tmp_frames/potato_fresh_03_soil_hardcase_frame_000060.jpg,/mnt/d/merged_fruit_36_clean_v2/yolo_fruit_dataset/images/train/potato_fresh_03_soil_hardcase_frame_000060.jpg,/mnt/d/merged_fruit_36_clean_v2/yolo_fruit_dataset/labels/train/potato_fresh_03_soil_hardcase_frame_000060.txt
train,/mnt/d/merged_fruit_36_clean_v2/yolo_fruit_dataset/_tmp_frames/grape_rotten_03_hardcase_rotten_frame_000150.jpg,/mnt/d/merged_fruit_36_clean_v2/yolo_fruit_dataset/images/train/grape_rotten_03_hardcase_rotten_frame_000150.jpg,/mnt/d/merged_fruit_36_clean_v2/yolo_fruit_dataset/labels/train/grape_rotten_03_hardcase_rotten_frame_000150.txt
train,/mnt/d/merged_fruit_36_clean_v2/yolo_fruit_dataset/_tmp_frames/bellpepper_fresh_01_clear_closeup_frame_000090.jpg,/mnt/d/merged_fruit_36_clean_v2/yolo_fruit_dataset/images/train/bellpepper_fresh_01_clear_closeup_frame_000090.jpg,/mnt/d/merged_fruit_36_clean_v2/yolo_fruit_dataset/labels/train/bellpepper_fresh_01_clear_closeup_frame_000090.txt
train,/mnt/d/merged_fruit_36_clean_v2/yolo_fruit_dataset/_tmp_frames/banana_fresh_03_hardcase_frame_001365.jpg,/mnt/d/merged_fruit_36_clean_v2/yolo_fruit_dataset/images/train/banana_fresh_03_hardcase_frame_001365.jpg,/mnt/d/merged_fruit_36_clean_v2/yolo_fruit_dataset/labels/train/banana_fresh_03_hardcase_frame_001365.txt
train,/mnt/d/merged_fruit_36_clean_v2/yolo_fruit_dataset/_tmp_frames/apple_fresh_02_real_context_frame_000525.jpg,/mnt/d/merged_fruit_36_clean_v2/yolo_fruit_dataset/images/train/apple_fresh_02_real_context_frame_000525.jpg,/mnt/d/merged_fruit_36_clean_v2/yolo_fruit_dataset/labels/train/apple_fresh_02_real_context_frame_000525.txt
train,/mnt/d/merged_fruit_36_clean_v2/yolo_fruit_dataset/_tmp_frames/bellpepper_fresh_01_clear_closeup_frame_000180.jpg,/mnt/d/merged_fruit_36_clean_v2/yolo_fruit_dataset/images/train/bellpepper_fresh_01_clear_closeup_frame_000180.jpg,/mnt/d/merged_fruit_36_clean_v2/yolo_fruit_dataset/labels/train/bellpepper_fresh_01_clear_closeup_frame_000180.txt
train,/mnt/d/merged_fruit_36_clean_v2/yolo_fruit_dataset/_tmp_frames/pomegranate_fresh_03_cut_open_hardcase_frame_000120.jpg,/mnt/d/merged_fruit_36_clean_v2/yolo_fruit_dataset/images/train/pomegranate_fresh_03_cut_open_hardcase_frame_000120.jpg,/mnt/d/merged_fruit_36_clean_v2/yolo_fruit_dataset/labels/train/pomegranate_fresh_03_cut_open_hardcase_frame_000120.txt
train,/mnt/d/merged_fruit_36_clean_v2/yolo_fruit_dataset/_tmp_frames/grape_fresh_01_clear_closeup_frame_001275.jpg,/mnt/d/merged_fruit_36_clean_v2/yolo_fruit_dataset/images/train/grape_fresh_01_clear_closeup_frame_001275.jpg,/mnt/d/merged_fruit_36_clean_v2/yolo_fruit_dataset/labels/train/grape_fresh_01_clear_closeup_frame_001275.txt
train,/mnt/d/merged_fruit_36_clean_v2/yolo_fruit_dataset/_tmp_frames/grape_rotten_01_mild_rotten_frame_000540.jpg,/mnt/d/merged_fruit_36_clean_v2/yolo_fruit_dataset/images/train/grape_rotten_01_mild_rotten_frame_000540.jpg,/mnt/d/merged_fruit_36_clean_v2/yolo_fruit_dataset/labels/train/grape_rotten_01_mild_rotten_frame_000540.txt
train,/mnt/d/merged_fruit_36_clean_v2/yolo_fruit_dataset/_tmp_frames/lemon_fresh_03_cut_open_hardcase_frame_000285.jpg,/mnt/d/merged_fruit_36_clean_v2/yolo_fruit_dataset/images/train/lemon_fresh_03_cut_open_hardcase_frame_000285.jpg,/mnt/d/merged_fruit_36_clean_v2/yolo_fruit_dataset/labels/train/lemon_fresh_03_cut_open_hardcase_frame_000285.txt
train,/mnt/d/merged_fruit_36_clean_v2/yolo_fruit_dataset/_tmp_frames/potato_rotten_02_sprout_green_rotten_frame_000300.jpg,/mnt/d/merged_fruit_36_clean_v2/yolo_fruit_dataset/images/train/potato_rotten_02_sprout_green_rotten_frame_000300.jpg,/mnt/d/merged_fruit_36_clean_v2/yolo_fruit_dataset/labels/train/potato_rotten_02_sprout_green_rotten_frame_000300.txt
train,/mnt/d/merged_fruit_36_clean_v2/raw_assets_from_zip/Cucumber/istockphoto-1347049964-1024x1024.jpg,/mnt/d/merged_fruit_36_clean_v2/yolo_fruit_dataset/images/train/istockphoto-1347049964-1024x1024.jpg,/mnt/d/merged_fruit_36_clean_v2/yolo_fruit_dataset/labels/train/istockphoto-1347049964-1024x1024.txt
train,/mnt/d/merged_fruit_36_clean_v2/yolo_fruit_dataset/_tmp_frames/avocado_rotten_02_black_inside_rotten_frame_000180.jpg,/mnt/d/merged_fruit_36_clean_v2/yolo_fruit_dataset/images/train/avocado_rotten_02_black_inside_rotten_frame_000180.jpg,/mnt/d/merged_fruit_36_clean_v2/yolo_fruit_dataset/labels/train/avocado_rotten_02_black_inside_rotten_frame_000180.txt
train,/mnt/d/merged_fruit_36_clean_v2/yolo_fruit_dataset/_tmp_frames/apple_rotten_01_mild_rotten_frame_000630.jpg,/mnt/d/merged_fruit_36_clean_v2/yolo_fruit_dataset/images/train/apple_rotten_01_mild_rotten_frame_000630.jpg,/mnt/d/merged_fruit_36_clean_v2/yolo_fruit_dataset/labels/train/apple_rotten_01_mild_rotten_frame_000630.txt
train,/mnt/d/merged_fruit_36_clean_v2/yolo_fruit_dataset/_tmp_frames/cucumber_fresh_03_cut_open_hardcase_frame_000360.jpg,/mnt/d/merged_fruit_36_clean_v2/yolo_fruit_dataset/images/train/cucumber_fresh_03_cut_open_hardcase_frame_000360.jpg,/mnt/d/merged_fruit_36_clean_v2/yolo_fruit_dataset/labels/train/cucumber_fresh_03_cut_open_hardcase_frame_000360.txt
train,/mnt/d/merged_fruit_36_clean_v2/yolo_fruit_dataset/_tmp_frames/avocado_rotten_03_hardcase_rotten_frame_000285.jpg,/mnt/d/merged_fruit_36_clean_v2/yolo_fruit_dataset/images/train/avocado_rotten_03_hardcase_rotten_frame_000285.jpg,/mnt/d/merged_fruit_36_clean_v2/yolo_fruit_dataset/labels/train/avocado_rotten_03_hardcase_rotten_frame_000285.txt
train,/mnt/d/merged_fruit_36_clean_v2/yolo_fruit_dataset/_tmp_frames/potato_rotten_02_sprout_green_rotten_frame_000420.jpg,/mnt/d/merged_fruit_36_clean_v2/yolo_fruit_dataset/images/train/potato_rotten_02_sprout_green_rotten_frame_000420.jpg,/mnt/d/merged_fruit_36_clean_v2/yolo_fruit_dataset/labels/train/potato_rotten_02_sprout_green_rotten_frame_000420.txt
train,/mnt/d/merged_fruit_36_clean_v2/yolo_fruit_dataset/_tmp_frames/avocado_rotten_02_black_inside_rotten_frame_000195.jpg,/mnt/d/merged_fruit_36_clean_v2/yolo_fruit_dataset/images/train/avocado_rotten_02_black_inside_rotten_frame_000195.jpg,/mnt/d/merged_fruit_36_clean_v2/yolo_fruit_dataset/labels/train/avocado_rotten_02_black_inside_rotten_frame_000195.txt
train,/mnt/d/merged_fruit_36_clean_v2/yolo_fruit_dataset/_tmp_frames/apple_rotten_02_mold_bruised_rotten_frame_000105.jpg,/mnt/d/merged_fruit_36_clean_v2/yolo_fruit_dataset/images/train/apple_rotten_02_mold_bruised_rotten_frame_000105.jpg,/mnt/d/merged_fruit_36_clean_v2/yolo_fruit_dataset/labels/train/apple_rotten_02_mold_bruised_rotten_frame_000105.txt
train,/mnt/d/merged_fruit_36_clean_v2/yolo_fruit_dataset/_tmp_frames/pomegranate_rotten_01_mild_rotten_frame_000120.jpg,/mnt/d/merged_fruit_36_clean_v2/yolo_fruit_dataset/images/train/pomegranate_rotten_01_mild_rotten_frame_000120.jpg,/mnt/d/merged_fruit_36_clean_v2/yolo_fruit_dataset/labels/train/pomegranate_rotten_01_mild_rotten_frame_000120.txt
train,/mnt/d/merged_fruit_36_clean_v2/yolo_fruit_dataset/_tmp_frames/strawberry_rotten_03_hardcase_rotten_frame_000075.jpg,/mnt/d/merged_fruit_36_clean_v2/yolo_fruit_dataset/images/train/strawberry_rotten_03_hardcase_rotten_frame_000075.jpg,/mnt/d/merged_fruit_36_clean_v2/yolo_fruit_dataset/labels/train/strawberry_rotten_03_hardcase_rotten_frame_000075.txt
train,/mnt/d/merged_fruit_36_clean_v2/yolo_fruit_dataset/_tmp_frames/banana_fresh_03_hardcase_frame_000735.jpg,/mnt/d/merged_fruit_36_clean_v2/yolo_fruit_dataset/images/train/banana_fresh_03_hardcase_frame_000735.jpg,/mnt/d/merged_fruit_36_clean_v2/yolo_fruit_dataset/labels/train/banana_fresh_03_hardcase_frame_000735.txt
train,/mnt/d/merged_fruit_36_clean_v2/yolo_fruit_dataset/_tmp_frames/grape_fresh_02_real_context_frame_000750.jpg,/mnt/d/merged_fruit_36_clean_v2/yolo_fruit_dataset/images/train/grape_fresh_02_real_context_frame_000750.jpg,/mnt/d/merged_fruit_36_clean_v2/yolo_fruit_dataset/labels/train/grape_fresh_02_real_context_frame_000750.txt
train,/mnt/d/merged_fruit_36_clean_v2/yolo_fruit_dataset/_tmp_frames/banana_fresh_03_hardcase_frame_000630.jpg,/mnt/d/merged_fruit_36_clean_v2/yolo_fruit_dataset/images/train/banana_fresh_03_hardcase_frame_000630.jpg,/mnt/d/merged_fruit_36_clean_v2/yolo_fruit_dataset/labels/train/banana_fresh_03_hardcase_frame_000630.txt
train,/mnt/d/merged_fruit_36_clean_v2/yolo_fruit_dataset/_tmp_frames/guava_rotten_01_mild_rotten_frame_000150.jpg,/mnt/d/merged_fruit_36_clean_v2/yolo_fruit_dataset/images/train/guava_rotten_01_mild_rotten_frame_000150.jpg,/mnt/d/merged_fruit_36_clean_v2/yolo_fruit_dataset/labels/train/guava_rotten_01_mild_rotten_frame_000150.txt
train,/mnt/d/merged_fruit_36_clean_v2/yolo_fruit_dataset/_tmp_frames/avocado_fresh_01_clear_closeup_frame_000045.jpg,/mnt/d/merged_fruit_36_clean_v2/yolo_fruit_dataset/images/train/avocado_fresh_01_clear_closeup_frame_000045.jpg,/mnt/d/merged_fruit_36_clean_v2/yolo_fruit_dataset/labels/train/avocado_fresh_01_clear_closeup_frame_000045.txt
train,/mnt/d/merged_fruit_36_clean_v2/yolo_fruit_dataset/_tmp_frames/guava_fresh_03_on_tree_hardcase_frame_000090.jpg,/mnt/d/merged_fruit_36_clean_v2/yolo_fruit_dataset/images/train/guava_fresh_03_on_tree_hardcase_frame_000090.jpg,/mnt/d/merged_fruit_36_clean_v2/yolo_fruit_dataset/labels/train/guava_fresh_03_on_tree_hardcase_frame_000090.txt
train,/mnt/d/merged_fruit_36_clean_v2/yolo_fruit_dataset/_tmp_frames/grape_fresh_02_real_context_frame_000255.jpg,/mnt/d/merged_fruit_36_clean_v2/yolo_fruit_dataset/images/train/grape_fresh_02_real_context_frame_000255.jpg,/mnt/d/merged_fruit_36_clean_v2/yolo_fruit_dataset/labels/train/grape_fresh_02_real_context_frame_000255.txt
train,/mnt/d/merged_fruit_36_clean_v2/yolo_fruit_dataset/_tmp_frames/apple_rotten_01_mild_rotten_frame_000180.jpg,/mnt/d/merged_fruit_36_clean_v2/yolo_fruit_dataset/images/train/apple_rotten_01_mild_rotten_frame_000180.jpg,/mnt/d/merged_fruit_36_clean_v2/yolo_fruit_dataset/labels/train/apple_rotten_01_mild_rotten_frame_000180.txt
train,/mnt/d/merged_fruit_36_clean_v2/yolo_fruit_dataset/_tmp_frames/pomegranate_fresh_03_cut_open_hardcase_frame_000105.jpg,/mnt/d/merged_fruit_36_clean_v2/yolo_fruit_dataset/images/train/pomegranate_fresh_03_cut_open_hardcase_frame_000105.jpg,/mnt/d/merged_fruit_36_clean_v2/yolo_fruit_dataset/labels/train/pomegranate_fresh_03_cut_open_hardcase_frame_000105.txt
train,/mnt/d/merged_fruit_36_clean_v2/yolo_fruit_dataset/_tmp_frames/grape_fresh_01_clear_closeup_frame_000495.jpg,/mnt/d/merged_fruit_36_clean_v2/yolo_fruit_dataset/images/train/grape_fresh_01_clear_closeup_frame_000495.jpg,/mnt/d/merged_fruit_36_clean_v2/yolo_fruit_dataset/labels/train/grape_fresh_01_clear_closeup_frame_000495.txt
train,/mnt/d/merged_fruit_36_clean_v2/yolo_fruit_dataset/_tmp_frames/bellpepper_fresh_02_real_context_frame_000420.jpg,/mnt/d/merged_fruit_36_clean_v2/yolo_fruit_dataset/images/train/bellpepper_fresh_02_real_context_frame_000420.jpg,/mnt/d/merged_fruit_36_clean_v2/yolo_fruit_dataset/labels/train/bellpepper_fresh_02_real_context_frame_000420.txt
train,/mnt/d/merged_fruit_36_clean_v2/yolo_fruit_dataset/_tmp_frames/carambola_rotten_02_mold_bruised_rotten_frame_000930.jpg,/mnt/d/merged_fruit_36_clean_v2/yolo_fruit_dataset/images/train/carambola_rotten_02_mold_bruised_rotten_frame_000930.jpg,/mnt/d/merged_fruit_36_clean_v2/yolo_fruit_dataset/labels/train/carambola_rotten_02_mold_bruised_rotten_frame_000930.txt
train,/mnt/d/merged_fruit_36_clean_v2/yolo_fruit_dataset/_tmp_frames/grape_fresh_01_clear_closeup_frame_001110.jpg,/mnt/d/merged_fruit_36_clean_v2/yolo_fruit_dataset/images/train/grape_fresh_01_clear_closeup_frame_001110.jpg,/mnt/d/merged_fruit_36_clean_v2/yolo_fruit_dataset/labels/train/grape_fresh_01_clear_closeup_frame_001110.txt
train,/mnt/d/merged_fruit_36_clean_v2/yolo_fruit_dataset/_tmp_frames/bellpepper_fresh_02_real_context_frame_000165.jpg,/mnt/d/merged_fruit_36_clean_v2/yolo_fruit_dataset/images/train/bellpepper_fresh_02_real_context_frame_000165.jpg,/mnt/d/merged_fruit_36_clean_v2/yolo_fruit_dataset/labels/train/bellpepper_fresh_02_real_context_frame_000165.txt
train,/mnt/d/merged_fruit_36_clean_v2/yolo_fruit_dataset/_tmp_frames/carrot_fresh_01_clear_closeup_frame_000225.jpg,/mnt/d/merged_fruit_36_clean_v2/yolo_fruit_dataset/images/train/carrot_fresh_01_clear_closeup_frame_000225.jpg,/mnt/d/merged_fruit_36_clean_v2/yolo_fruit_dataset/labels/train/carrot_fresh_01_clear_closeup_frame_000225.txt
train,/mnt/d/merged_fruit_36_clean_v2/yolo_fruit_dataset/_tmp_frames/carrot_fresh_02_real_context_frame_000030.jpg,/mnt/d/merged_fruit_36_clean_v2/yolo_fruit_dataset/images/train/carrot_fresh_02_real_context_frame_000030.jpg,/mnt/d/merged_fruit_36_clean_v2/yolo_fruit_dataset/labels/train/carrot_fresh_02_real_context_frame_000030.txt
train,/mnt/d/merged_fruit_36_clean_v2/yolo_fruit_dataset/_tmp_frames/peach_rotten_02_mold_bruised_rotten_frame_000135.jpg,/mnt/d/merged_fruit_36_clean_v2/yolo_fruit_dataset/images/train/peach_rotten_02_mold_bruised_rotten_frame_000135.jpg,/mnt/d/merged_fruit_36_clean_v2/yolo_fruit_dataset/labels/train/peach_rotten_02_mold_bruised_rotten_frame_000135.txt
train,/mnt/d/merged_fruit_36_clean_v2/yolo_fruit_dataset/_tmp_frames/cucumber_fresh_01_clear_closeup_frame_000150.jpg,/mnt/d/merged_fruit_36_clean_v2/yolo_fruit_dataset/images/train/cucumber_fresh_01_clear_closeup_frame_000150.jpg,/mnt/d/merged_fruit_36_clean_v2/yolo_fruit_dataset/labels/train/cucumber_fresh_01_clear_closeup_frame_000150.txt
train,/mnt/d/merged_fruit_36_clean_v2/yolo_fruit_dataset/_tmp_frames/guava_rotten_02_mold_bruised_rotten_frame_000225.jpg,/mnt/d/merged_fruit_36_clean_v2/yolo_fruit_dataset/images/train/guava_rotten_02_mold_bruised_rotten_frame_000225.jpg,/mnt/d/merged_fruit_36_clean_v2/yolo_fruit_dataset/labels/train/guava_rotten_02_mold_bruised_rotten_frame_000225.txt
train,/mnt/d/merged_fruit_36_clean_v2/yolo_fruit_dataset/_tmp_frames/banana_fresh_03_hardcase_frame_001185.jpg,/mnt/d/merged_fruit_36_clean_v2/yolo_fruit_dataset/images/train/banana_fresh_03_hardcase_frame_001185.jpg,/mnt/d/merged_fruit_36_clean_v2/yolo_fruit_dataset/labels/train/banana_fresh_03_hardcase_frame_001185.txt
train,/mnt/d/merged_fruit_36_clean_v2/yolo_fruit_dataset/_tmp_frames/pomegranate_rotten_01_mild_rotten_frame_000045.jpg,/mnt/d/merged_fruit_36_clean_v2/yolo_fruit_dataset/images/train/pomegranate_rotten_01_mild_rotten_frame_000045.jpg,/mnt/d/merged_fruit_36_clean_v2/yolo_fruit_dataset/labels/train/pomegranate_rotten_01_mild_rotten_frame_000045.txt
train,/mnt/d/merged_fruit_36_clean_v2/yolo_fruit_dataset/_tmp_frames/jujube_fresh_02_real_context_frame_000090.jpg,/mnt/d/merged_fruit_36_clean_v2/yolo_fruit_dataset/images/train/jujube_fresh_02_real_context_frame_000090.jpg,/mnt/d/merged_fruit_36_clean_v2/yolo_fruit_dataset/labels/train/jujube_fresh_02_real_context_frame_000090.txt
train,/mnt/d/merged_fruit_36_clean_v2/yolo_fruit_dataset/_tmp_frames/peach_rotten_02_mold_bruised_rotten_frame_000180.jpg,/mnt/d/merged_fruit_36_clean_v2/yolo_fruit_dataset/images/train/peach_rotten_02_mold_bruised_rotten_frame_000180.jpg,/mnt/d/merged_fruit_36_clean_v2/yolo_fruit_dataset/labels/train/peach_rotten_02_mold_bruised_rotten_frame_000180.txt
train,/mnt/d/merged_fruit_36_clean_v2/yolo_fruit_dataset/_tmp_frames/grape_fresh_02_real_context_frame_000150.jpg,/mnt/d/merged_fruit_36_clean_v2/yolo_fruit_dataset/images/train/grape_fresh_02_real_context_frame_000150.jpg,/mnt/d/merged_fruit_36_clean_v2/yolo_fruit_dataset/labels/train/grape_fresh_02_real_context_frame_000150.txt
train,/mnt/d/merged_fruit_36_clean_v2/yolo_fruit_dataset/_tmp_frames/carambola_rotten_02_mold_bruised_rotten_frame_000540.jpg,/mnt/d/merged_fruit_36_clean_v2/yolo_fruit_dataset/images/train/carambola_rotten_02_mold_bruised_rotten_frame_000540.jpg,/mnt/d/merged_fruit_36_clean_v2/yolo_fruit_dataset/labels/train/carambola_rotten_02_mold_bruised_rotten_frame_000540.txt
train,/mnt/d/merged_fruit_36_clean_v2/yolo_fruit_dataset/_tmp_frames/guava_rotten_01_mild_rotten_frame_000195.jpg,/mnt/d/merged_fruit_36_clean_v2/yolo_fruit_dataset/images/train/guava_rotten_01_mild_rotten_frame_000195.jpg,/mnt/d/merged_fruit_36_clean_v2/yolo_fruit_dataset/labels/train/guava_rotten_01_mild_rotten_frame_000195.txt
train,/mnt/d/merged_fruit_36_clean_v2/yolo_fruit_dataset/_tmp_frames/grape_fresh_01_clear_closeup_frame_000165.jpg,/mnt/d/merged_fruit_36_clean_v2/yolo_fruit_dataset/images/train/grape_fresh_01_clear_closeup_frame_000165.jpg,/mnt/d/merged_fruit_36_clean_v2/yolo_fruit_dataset/labels/train/grape_fresh_01_clear_closeup_frame_000165.txt
train,/mnt/d/merged_fruit_36_clean_v2/yolo_fruit_dataset/_tmp_frames/avocado_fresh_02_real_context_frame_000105.jpg,/mnt/d/merged_fruit_36_clean_v2/yolo_fruit_dataset/images/train/avocado_fresh_02_real_context_frame_000105.jpg,/mnt/d/merged_fruit_36_clean_v2/yolo_fruit_dataset/labels/train/avocado_fresh_02_real_context_frame_000105.txt
train,/mnt/d/merged_fruit_36_clean_v2/yolo_fruit_dataset/_tmp_frames/banana_rotten_01_mild_rotten_frame_000375.jpg,/mnt/d/merged_fruit_36_clean_v2/yolo_fruit_dataset/images/train/banana_rotten_01_mild_rotten_frame_000375.jpg,/mnt/d/merged_fruit_36_clean_v2/yolo_fruit_dataset/labels/train/banana_rotten_01_mild_rotten_frame_000375.txt
train,/mnt/d/merged_fruit_36_clean_v2/yolo_fruit_dataset/_tmp_frames/apple_rotten_02_mold_bruised_rotten_frame_000225.jpg,/mnt/d/merged_fruit_36_clean_v2/yolo_fruit_dataset/images/train/apple_rotten_02_mold_bruised_rotten_frame_000225.jpg,/mnt/d/merged_fruit_36_clean_v2/yolo_fruit_dataset/labels/train/apple_rotten_02_mold_bruised_rotten_frame_000225.txt
train,/mnt/d/merged_fruit_36_clean_v2/yolo_fruit_dataset/_tmp_frames/bellpepper_fresh_02_real_context_frame_000375.jpg,/mnt/d/merged_fruit_36_clean_v2/yolo_fruit_dataset/images/train/bellpepper_fresh_02_real_context_frame_000375.jpg,/mnt/d/merged_fruit_36_clean_v2/yolo_fruit_dataset/labels/train/bellpepper_fresh_02_real_context_frame_000375.txt
train,/mnt/d/merged_fruit_36_clean_v2/yolo_fruit_dataset/_tmp_frames/grape_fresh_01_clear_closeup_frame_000315.jpg,/mnt/d/merged_fruit_36_clean_v2/yolo_fruit_dataset/images/train/grape_fresh_01_clear_closeup_frame_000315.jpg,/mnt/d/merged_fruit_36_clean_v2/yolo_fruit_dataset/labels/train/grape_fresh_01_clear_closeup_frame_000315.txt
train,/mnt/d/merged_fruit_36_clean_v2/yolo_fruit_dataset/_tmp_frames/lemon_fresh_03_cut_open_hardcase_frame_000150.jpg,/mnt/d/merged_fruit_36_clean_v2/yolo_fruit_dataset/images/train/lemon_fresh_03_cut_open_hardcase_frame_000150.jpg,/mnt/d/merged_fruit_36_clean_v2/yolo_fruit_dataset/labels/train/lemon_fresh_03_cut_open_hardcase_frame_000150.txt
train,/mnt/d/merged_fruit_36_clean_v2/yolo_fruit_dataset/_tmp_frames/avocado_rotten_01_mild_rotten_frame_000330.jpg,/mnt/d/merged_fruit_36_clean_v2/yolo_fruit_dataset/images/train/avocado_rotten_01_mild_rotten_frame_000330.jpg,/mnt/d/merged_fruit_36_clean_v2/yolo_fruit_dataset/labels/train/avocado_rotten_01_mild_rotten_frame_000330.txt
train,/mnt/d/merged_fruit_36_clean_v2/yolo_fruit_dataset/_tmp_frames/avocado_rotten_02_black_inside_rotten_frame_000030.jpg,/mnt/d/merged_fruit_36_clean_v2/yolo_fruit_dataset/images/train/avocado_rotten_02_black_inside_rotten_frame_000030.jpg,/mnt/d/merged_fruit_36_clean_v2/yolo_fruit_dataset/labels/train/avocado_rotten_02_black_inside_rotten_frame_000030.txt
train,/mnt/d/merged_fruit_36_clean_v2/yolo_fruit_dataset/_tmp_frames/apple_fresh_03_hardcase_frame_000180.jpg,/mnt/d/merged_fruit_36_clean_v2/yolo_fruit_dataset/images/train/apple_fresh_03_hardcase_frame_000180.jpg,/mnt/d/merged_fruit_36_clean_v2/yolo_fruit_dataset/labels/train/apple_fresh_03_hardcase_frame_000180.txt
train,/mnt/d/merged_fruit_36_clean_v2/yolo_fruit_dataset/_tmp_frames/grape_rotten_01_mild_rotten_frame_000450.jpg,/mnt/d/merged_fruit_36_clean_v2/yolo_fruit_dataset/images/train/grape_rotten_01_mild_rotten_frame_000450.jpg,/mnt/d/merged_fruit_36_clean_v2/yolo_fruit_dataset/labels/train/grape_rotten_01_mild_rotten_frame_000450.txt
train,/mnt/d/merged_fruit_36_clean_v2/yolo_fruit_dataset/_tmp_frames/grape_fresh_02_real_context_frame_000870.jpg,/mnt/d/merged_fruit_36_clean_v2/yolo_fruit_dataset/images/train/grape_fresh_02_real_context_frame_000870.jpg,/mnt/d/merged_fruit_36_clean_v2/yolo_fruit_dataset/labels/train/grape_fresh_02_real_context_frame_000870.txt
train,/mnt/d/merged_fruit_36_clean_v2/yolo_fruit_dataset/_tmp_frames/grape_fresh_01_clear_closeup_frame_000750.jpg,/mnt/d/merged_fruit_36_clean_v2/yolo_fruit_dataset/images/train/grape_fresh_01_clear_closeup_frame_000750.jpg,/mnt/d/merged_fruit_36_clean_v2/yolo_fruit_dataset/labels/train/grape_fresh_01_clear_closeup_frame_000750.txt
train,/mnt/d/merged_fruit_36_clean_v2/yolo_fruit_dataset/_tmp_frames/apple_rotten_01_mild_rotten_frame_000600.jpg,/mnt/d/merged_fruit_36_clean_v2/yolo_fruit_dataset/images/train/apple_rotten_01_mild_rotten_frame_000600.jpg,/mnt/d/merged_fruit_36_clean_v2/yolo_fruit_dataset/labels/train/apple_rotten_01_mild_rotten_frame_000600.txt
train,/mnt/d/merged_fruit_36_clean_v2/yolo_fruit_dataset/_tmp_frames/carrot_rotten_02_mold_soft_rotten_frame_000000.jpg,/mnt/d/merged_fruit_36_clean_v2/yolo_fruit_dataset/images/train/carrot_rotten_02_mold_soft_rotten_frame_000000.jpg,/mnt/d/merged_fruit_36_clean_v2/yolo_fruit_dataset/labels/train/carrot_rotten_02_mold_soft_rotten_frame_000000.txt
train,/mnt/d/merged_fruit_36_clean_v2/yolo_fruit_dataset/_tmp_frames/carambola_rotten_02_mold_bruised_rotten_frame_000060.jpg,/mnt/d/merged_fruit_36_clean_v2/yolo_fruit_dataset/images/train/carambola_rotten_02_mold_bruised_rotten_frame_000060.jpg,/mnt/d/merged_fruit_36_clean_v2/yolo_fruit_dataset/labels/train/carambola_rotten_02_mold_bruised_rotten_frame_000060.txt
train,/mnt/d/merged_fruit_36_clean_v2/yolo_fruit_dataset/_tmp_frames/apple_rotten_01_mild_rotten_frame_000330.jpg,/mnt/d/merged_fruit_36_clean_v2/yolo_fruit_dataset/images/train/apple_rotten_01_mild_rotten_frame_000330.jpg,/mnt/d/merged_fruit_36_clean_v2/yolo_fruit_dataset/labels/train/apple_rotten_01_mild_rotten_frame_000330.txt
train,/mnt/d/merged_fruit_36_clean_v2/yolo_fruit_dataset/_tmp_frames/strawberry_rotten_01_mild_rotten_frame_000180.jpg,/mnt/d/merged_fruit_36_clean_v2/yolo_fruit_dataset/images/train/strawberry_rotten_01_mild_rotten_frame_000180.jpg,/mnt/d/merged_fruit_36_clean_v2/yolo_fruit_dataset/labels/train/strawberry_rotten_01_mild_rotten_frame_000180.txt
train,/mnt/d/merged_fruit_36_clean_v2/yolo_fruit_dataset/_tmp_frames/avocado_fresh_01_clear_closeup_frame_000495.jpg,/mnt/d/merged_fruit_36_clean_v2/yolo_fruit_dataset/images/train/avocado_fresh_01_clear_closeup_frame_000495.jpg,/mnt/d/merged_fruit_36_clean_v2/yolo_fruit_dataset/labels/train/avocado_fresh_01_clear_closeup_frame_000495.txt
train,/mnt/d/merged_fruit_36_clean_v2/yolo_fruit_dataset/_tmp_frames/carrot_rotten_01_mild_rotten_frame_000345.jpg,/mnt/d/merged_fruit_36_clean_v2/yolo_fruit_dataset/images/train/carrot_rotten_01_mild_rotten_frame_000345.jpg,/mnt/d/merged_fruit_36_clean_v2/yolo_fruit_dataset/labels/train/carrot_rotten_01_mild_rotten_frame_000345.txt
train,/mnt/d/merged_fruit_36_clean_v2/yolo_fruit_dataset/_tmp_frames/banana_rotten_02_black_bruised_rotten_frame_000075.jpg,/mnt/d/merged_fruit_36_clean_v2/yolo_fruit_dataset/images/train/banana_rotten_02_black_bruised_rotten_frame_000075.jpg,/mnt/d/merged_fruit_36_clean_v2/yolo_fruit_dataset/labels/train/banana_rotten_02_black_bruised_rotten_frame_000075.txt
train,/mnt/d/merged_fruit_36_clean_v2/yolo_fruit_dataset/_tmp_frames/apple_fresh_03_hardcase_frame_000120.jpg,/mnt/d/merged_fruit_36_clean_v2/yolo_fruit_dataset/images/train/apple_fresh_03_hardcase_frame_000120.jpg,/mnt/d/merged_fruit_36_clean_v2/yolo_fruit_dataset/labels/train/apple_fresh_03_hardcase_frame_000120.txt
train,/mnt/d/merged_fruit_36_clean_v2/yolo_fruit_dataset/_tmp_frames/banana_fresh_02_real_context_frame_000030.jpg,/mnt/d/merged_fruit_36_clean_v2/yolo_fruit_dataset/images/train/banana_fresh_02_real_context_frame_000030.jpg,/mnt/d/merged_fruit_36_clean_v2/yolo_fruit_dataset/labels/train/banana_fresh_02_real_context_frame_000030.txt
train,/mnt/d/merged_fruit_36_clean_v2/yolo_fruit_dataset/_tmp_frames/peach_rotten_02_mold_bruised_rotten_frame_000285.jpg,/mnt/d/merged_fruit_36_clean_v2/yolo_fruit_dataset/images/train/peach_rotten_02_mold_bruised_rotten_frame_000285.jpg,/mnt/d/merged_fruit_36_clean_v2/yolo_fruit_dataset/labels/train/peach_rotten_02_mold_bruised_rotten_frame_000285.txt
train,/mnt/d/merged_fruit_36_clean_v2/yolo_fruit_dataset/_tmp_frames/strawberry_rotten_03_hardcase_rotten_frame_000300.jpg,/mnt/d/merged_fruit_36_clean_v2/yolo_fruit_dataset/images/train/strawberry_rotten_03_hardcase_rotten_frame_000300.jpg,/mnt/d/merged_fruit_36_clean_v2/yolo_fruit_dataset/labels/train/strawberry_rotten_03_hardcase_rotten_frame_000300.txt
train,/mnt/d/merged_fruit_36_clean_v2/yolo_fruit_dataset/_tmp_frames/tomato_fresh_01_clear_closeup_frame_000015.jpg,/mnt/d/merged_fruit_36_clean_v2/yolo_fruit_dataset/images/train/tomato_fresh_01_clear_closeup_frame_000015.jpg,/mnt/d/merged_fruit_36_clean_v2/yolo_fruit_dataset/labels/train/tomato_fresh_01_clear_closeup_frame_000015.txt
train,/mnt/d/merged_fruit_36_clean_v2/yolo_fruit_dataset/_tmp_frames/carrot_rotten_01_mild_rotten_frame_000090.jpg,/mnt/d/merged_fruit_36_clean_v2/yolo_fruit_dataset/images/train/carrot_rotten_01_mild_rotten_frame_000090.jpg,/mnt/d/merged_fruit_36_clean_v2/yolo_fruit_dataset/labels/train/carrot_rotten_01_mild_rotten_frame_000090.txt
train,/mnt/d/merged_fruit_36_clean_v2/yolo_fruit_dataset/_tmp_frames/banana_rotten_03_hardcase_rotten_frame_000330.jpg,/mnt/d/merged_fruit_36_clean_v2/yolo_fruit_dataset/images/train/banana_rotten_03_hardcase_rotten_frame_000330.jpg,/mnt/d/merged_fruit_36_clean_v2/yolo_fruit_dataset/labels/train/banana_rotten_03_hardcase_rotten_frame_000330.txt
train,/mnt/d/merged_fruit_36_clean_v2/yolo_fruit_dataset/_tmp_frames/pomegranate_fresh_03_cut_open_hardcase_frame_000345.jpg,/mnt/d/merged_fruit_36_clean_v2/yolo_fruit_dataset/images/train/pomegranate_fresh_03_cut_open_hardcase_frame_000345.jpg,/mnt/d/merged_fruit_36_clean_v2/yolo_fruit_dataset/labels/train/pomegranate_fresh_03_cut_open_hardcase_frame_000345.txt
train,/mnt/d/merged_fruit_36_clean_v2/yolo_fruit_dataset/_tmp_frames/orange_rotten_01_mild_rotten_frame_000180.jpg,/mnt/d/merged_fruit_36_clean_v2/yolo_fruit_dataset/images/train/orange_rotten_01_mild_rotten_frame_000180.jpg,/mnt/d/merged_fruit_36_clean_v2/yolo_fruit_dataset/labels/train/orange_rotten_01_mild_rotten_frame_000180.txt
train,/mnt/d/merged_fruit_36_clean_v2/yolo_fruit_dataset/_tmp_frames/avocado_fresh_01_clear_closeup_frame_000150.jpg,/mnt/d/merged_fruit_36_clean_v2/yolo_fruit_dataset/images/train/avocado_fresh_01_clear_closeup_frame_000150.jpg,/mnt/d/merged_fruit_36_clean_v2/yolo_fruit_dataset/labels/train/avocado_fresh_01_clear_closeup_frame_000150.txt
train,/mnt/d/merged_fruit_36_clean_v2/yolo_fruit_dataset/_tmp_frames/mango_rotten_02_black_bruised_rotten_frame_000330.jpg,/mnt/d/merged_fruit_36_clean_v2/yolo_fruit_dataset/images/train/mango_rotten_02_black_bruised_rotten_frame_000330.jpg,/mnt/d/merged_fruit_36_clean_v2/yolo_fruit_dataset/labels/train/mango_rotten_02_black_bruised_rotten_frame_000330.txt
train,/mnt/d/merged_fruit_36_clean_v2/yolo_fruit_dataset/_tmp_frames/guava_fresh_03_on_tree_hardcase_frame_000480.jpg,/mnt/d/merged_fruit_36_clean_v2/yolo_fruit_dataset/images/train/guava_fresh_03_on_tree_hardcase_frame_000480.jpg,/mnt/d/merged_fruit_36_clean_v2/yolo_fruit_dataset/labels/train/guava_fresh_03_on_tree_hardcase_frame_000480.txt
train,/mnt/d/merged_fruit_36_clean_v2/yolo_fruit_dataset/_tmp_frames/grape_fresh_02_real_context_frame_001125.jpg,/mnt/d/merged_fruit_36_clean_v2/yolo_fruit_dataset/images/train/grape_fresh_02_real_context_frame_001125.jpg,/mnt/d/merged_fruit_36_clean_v2/yolo_fruit_dataset/labels/train/grape_fresh_02_real_context_frame_001125.txt
train,/mnt/d/merged_fruit_36_clean_v2/yolo_fruit_dataset/_tmp_frames/orange_rotten_02_mold_soft_rotten_frame_000690.jpg,/mnt/d/merged_fruit_36_clean_v2/yolo_fruit_dataset/images/train/orange_rotten_02_mold_soft_rotten_frame_000690.jpg,/mnt/d/merged_fruit_36_clean_v2/yolo_fruit_dataset/labels/train/orange_rotten_02_mold_soft_rotten_frame_000690.txt
train,/mnt/d/merged_fruit_36_clean_v2/yolo_fruit_dataset/_tmp_frames/grape_rotten_02_mold_bruised_rotten_frame_000180.jpg,/mnt/d/merged_fruit_36_clean_v2/yolo_fruit_dataset/images/train/grape_rotten_02_mold_bruised_rotten_frame_000180.jpg,/mnt/d/merged_fruit_36_clean_v2/yolo_fruit_dataset/labels/train/grape_rotten_02_mold_bruised_rotten_frame_000180.txt
train,/mnt/d/merged_fruit_36_clean_v2/yolo_fruit_dataset/_tmp_frames/bellpepper_fresh_02_real_context_frame_000015.jpg,/mnt/d/merged_fruit_36_clean_v2/yolo_fruit_dataset/images/train/bellpepper_fresh_02_real_context_frame_000015.jpg,/mnt/d/merged_fruit_36_clean_v2/yolo_fruit_dataset/labels/train/bellpepper_fresh_02_real_context_frame_000015.txt
train,/mnt/d/merged_fruit_36_clean_v2/yolo_fruit_dataset/_tmp_frames/mango_rotten_02_black_bruised_rotten_frame_000105.jpg,/mnt/d/merged_fruit_36_clean_v2/yolo_fruit_dataset/images/train/mango_rotten_02_black_bruised_rotten_frame_000105.jpg,/mnt/d/merged_fruit_36_clean_v2/yolo_fruit_dataset/labels/train/mango_rotten_02_black_bruised_rotten_frame_000105.txt
train,/mnt/d/merged_fruit_36_clean_v2/yolo_fruit_dataset/_tmp_frames/apple_rotten_01_mild_rotten_frame_000000.jpg,/mnt/d/merged_fruit_36_clean_v2/yolo_fruit_dataset/images/train/apple_rotten_01_mild_rotten_frame_000000.jpg,/mnt/d/merged_fruit_36_clean_v2/yolo_fruit_dataset/labels/train/apple_rotten_01_mild_rotten_frame_000000.txt
train,/mnt/d/merged_fruit_36_clean_v2/yolo_fruit_dataset/_tmp_frames/apple_fresh_02_real_context_frame_000930.jpg,/mnt/d/merged_fruit_36_clean_v2/yolo_fruit_dataset/images/train/apple_fresh_02_real_context_frame_000930.jpg,/mnt/d/merged_fruit_36_clean_v2/yolo_fruit_dataset/labels/train/apple_fresh_02_real_context_frame_000930.txt
train,/mnt/d/merged_fruit_36_clean_v2/yolo_fruit_dataset/_tmp_frames/banana_rotten_03_hardcase_rotten_frame_000015.jpg,/mnt/d/merged_fruit_36_clean_v2/yolo_fruit_dataset/images/train/banana_rotten_03_hardcase_rotten_frame_000015.jpg,/mnt/d/merged_fruit_36_clean_v2/yolo_fruit_dataset/labels/train/banana_rotten_03_hardcase_rotten_frame_000015.txt
train,/mnt/d/merged_fruit_36_clean_v2/yolo_fruit_dataset/_tmp_frames/avocado_fresh_03_cut_open_hardcase_frame_000030.jpg,/mnt/d/merged_fruit_36_clean_v2/yolo_fruit_dataset/images/train/avocado_fresh_03_cut_open_hardcase_frame_000030.jpg,/mnt/d/merged_fruit_36_clean_v2/yolo_fruit_dataset/labels/train/avocado_fresh_03_cut_open_hardcase_frame_000030.txt
train,/mnt/d/merged_fruit_36_clean_v2/yolo_fruit_dataset/_tmp_frames/peach_fresh_01_clear_closeup_frame_000420.jpg,/mnt/d/merged_fruit_36_clean_v2/yolo_fruit_dataset/images/train/peach_fresh_01_clear_closeup_frame_000420.jpg,/mnt/d/merged_fruit_36_clean_v2/yolo_fruit_dataset/labels/train/peach_fresh_01_clear_closeup_frame_000420.txt
train,/mnt/d/merged_fruit_36_clean_v2/yolo_fruit_dataset/_tmp_frames/grape_rotten_03_hardcase_rotten_frame_000195.jpg,/mnt/d/merged_fruit_36_clean_v2/yolo_fruit_dataset/images/train/grape_rotten_03_hardcase_rotten_frame_000195.jpg,/mnt/d/merged_fruit_36_clean_v2/yolo_fruit_dataset/labels/train/grape_rotten_03_hardcase_rotten_frame_000195.txt
train,/mnt/d/merged_fruit_36_clean_v2/yolo_fruit_dataset/_tmp_frames/apple_fresh_01_clear_closeup_frame_000150.jpg,/mnt/d/merged_fruit_36_clean_v2/yolo_fruit_dataset/images/train/apple_fresh_01_clear_closeup_frame_000150.jpg,/mnt/d/merged_fruit_36_clean_v2/yolo_fruit_dataset/labels/train/apple_fresh_01_clear_closeup_frame_000150.txt
train,/mnt/d/merged_fruit_36_clean_v2/yolo_fruit_dataset/_tmp_frames/bellpepper_fresh_02_real_context_frame_000330.jpg,/mnt/d/merged_fruit_36_clean_v2/yolo_fruit_dataset/images/train/bellpepper_fresh_02_real_context_frame_000330.jpg,/mnt/d/merged_fruit_36_clean_v2/yolo_fruit_dataset/labels/train/bellpepper_fresh_02_real_context_frame_000330.txt
train,/mnt/d/merged_fruit_36_clean_v2/yolo_fruit_dataset/_tmp_frames/banana_fresh_01_clear_closeup_frame_000120.jpg,/mnt/d/merged_fruit_36_clean_v2/yolo_fruit_dataset/images/train/banana_fresh_01_clear_closeup_frame_000120.jpg,/mnt/d/merged_fruit_36_clean_v2/yolo_fruit_dataset/labels/train/banana_fresh_01_clear_closeup_frame_000120.txt
train,/mnt/d/merged_fruit_36_clean_v2/yolo_fruit_dataset/_tmp_frames/carambola_fresh_01_clear_closeup_frame_000240.jpg,/mnt/d/merged_fruit_36_clean_v2/yolo_fruit_dataset/images/train/carambola_fresh_01_clear_closeup_frame_000240.jpg,/mnt/d/merged_fruit_36_clean_v2/yolo_fruit_dataset/labels/train/carambola_fresh_01_clear_closeup_frame_000240.txt
train,/mnt/d/merged_fruit_36_clean_v2/yolo_fruit_dataset/_tmp_frames/banana_fresh_03_hardcase_frame_001230.jpg,/mnt/d/merged_fruit_36_clean_v2/yolo_fruit_dataset/images/train/banana_fresh_03_hardcase_frame_001230.jpg,/mnt/d/merged_fruit_36_clean_v2/yolo_fruit_dataset/labels/train/banana_fresh_03_hardcase_frame_001230.txt
train,/mnt/d/merged_fruit_36_clean_v2/yolo_fruit_dataset/_tmp_frames/potato_fresh_02_real_context_frame_000030.jpg,/mnt/d/merged_fruit_36_clean_v2/yolo_fruit_dataset/images/train/potato_fresh_02_real_context_frame_000030.jpg,/mnt/d/merged_fruit_36_clean_v2/yolo_fruit_dataset/labels/train/potato_fresh_02_real_context_frame_000030.txt
train,/mnt/d/merged_fruit_36_clean_v2/yolo_fruit_dataset/_tmp_frames/strawberry_rotten_01_mild_rotten_frame_000240.jpg,/mnt/d/merged_fruit_36_clean_v2/yolo_fruit_dataset/images/train/strawberry_rotten_01_mild_rotten_frame_000240.jpg,/mnt/d/merged_fruit_36_clean_v2/yolo_fruit_dataset/labels/train/strawberry_rotten_01_mild_rotten_frame_000240.txt
train,/mnt/d/merged_fruit_36_clean_v2/yolo_fruit_dataset/_tmp_frames/peach_rotten_02_mold_bruised_rotten_frame_000330.jpg,/mnt/d/merged_fruit_36_clean_v2/yolo_fruit_dataset/images/train/peach_rotten_02_mold_bruised_rotten_frame_000330.jpg,/mnt/d/merged_fruit_36_clean_v2/yolo_fruit_dataset/labels/train/peach_rotten_02_mold_bruised_rotten_frame_000330.txt
train,/mnt/d/merged_fruit_36_clean_v2/yolo_fruit_dataset/_tmp_frames/pomegranate_fresh_02_real_context_frame_000030.jpg,/mnt/d/merged_fruit_36_clean_v2/yolo_fruit_dataset/images/train/pomegranate_fresh_02_real_context_frame_000030.jpg,/mnt/d/merged_fruit_36_clean_v2/yolo_fruit_dataset/labels/train/pomegranate_fresh_02_real_context_frame_000030.txt
train,/mnt/d/merged_fruit_36_clean_v2/yolo_fruit_dataset/_tmp_frames/banana_rotten_03_hardcase_rotten_frame_000285.jpg,/mnt/d/merged_fruit_36_clean_v2/yolo_fruit_dataset/images/train/banana_rotten_03_hardcase_rotten_frame_000285.jpg,/mnt/d/merged_fruit_36_clean_v2/yolo_fruit_dataset/labels/train/banana_rotten_03_hardcase_rotten_frame_000285.txt
train,/mnt/d/merged_fruit_36_clean_v2/yolo_fruit_dataset/_tmp_frames/tomato_rotten_03_hardcase_rotten_frame_000225.jpg,/mnt/d/merged_fruit_36_clean_v2/yolo_fruit_dataset/images/train/tomato_rotten_03_hardcase_rotten_frame_000225.jpg,/mnt/d/merged_fruit_36_clean_v2/yolo_fruit_dataset/labels/train/tomato_rotten_03_hardcase_rotten_frame_000225.txt
train,/mnt/d/merged_fruit_36_clean_v2/yolo_fruit_dataset/_tmp_frames/cucumber_fresh_01_clear_closeup_frame_000210.jpg,/mnt/d/merged_fruit_36_clean_v2/yolo_fruit_dataset/images/train/cucumber_fresh_01_clear_closeup_frame_000210.jpg,/mnt/d/merged_fruit_36_clean_v2/yolo_fruit_dataset/labels/train/cucumber_fresh_01_clear_closeup_frame_000210.txt
train,/mnt/d/merged_fruit_36_clean_v2/yolo_fruit_dataset/_tmp_frames/tomato_rotten_01_mild_rotten_frame_000195.jpg,/mnt/d/merged_fruit_36_clean_v2/yolo_fruit_dataset/images/train/tomato_rotten_01_mild_rotten_frame_000195.jpg,/mnt/d/merged_fruit_36_clean_v2/yolo_fruit_dataset/labels/train/tomato_rotten_01_mild_rotten_frame_000195.txt
train,/mnt/d/merged_fruit_36_clean_v2/yolo_fruit_dataset/_tmp_frames/grape_fresh_01_clear_closeup_frame_001140.jpg,/mnt/d/merged_fruit_36_clean_v2/yolo_fruit_dataset/images/train/grape_fresh_01_clear_closeup_frame_001140.jpg,/mnt/d/merged_fruit_36_clean_v2/yolo_fruit_dataset/labels/train/grape_fresh_01_clear_closeup_frame_001140.txt
train,/mnt/d/merged_fruit_36_clean_v2/yolo_fruit_dataset/_tmp_frames/pomegranate_fresh_01_clear_closeup_frame_000240.jpg,/mnt/d/merged_fruit_36_clean_v2/yolo_fruit_dataset/images/train/pomegranate_fresh_01_clear_closeup_frame_000240.jpg,/mnt/d/merged_fruit_36_clean_v2/yolo_fruit_dataset/labels/train/pomegranate_fresh_01_clear_closeup_frame_000240.txt
train,/mnt/d/merged_fruit_36_clean_v2/yolo_fruit_dataset/_tmp_frames/pomegranate_fresh_01_clear_closeup_frame_000075.jpg,/mnt/d/merged_fruit_36_clean_v2/yolo_fruit_dataset/images/train/pomegranate_fresh_01_clear_closeup_frame_000075.jpg,/mnt/d/merged_fruit_36_clean_v2/yolo_fruit_dataset/labels/train/pomegranate_fresh_01_clear_closeup_frame_000075.txt
train,/mnt/d/merged_fruit_36_clean_v2/yolo_fruit_dataset/_tmp_frames/carrot_rotten_01_mild_rotten_frame_000540.jpg,/mnt/d/merged_fruit_36_clean_v2/yolo_fruit_dataset/images/train/carrot_rotten_01_mild_rotten_frame_000540.jpg,/mnt/d/merged_fruit_36_clean_v2/yolo_fruit_dataset/labels/train/carrot_rotten_01_mild_rotten_frame_000540.txt
train,/mnt/d/merged_fruit_36_clean_v2/yolo_fruit_dataset/_tmp_frames/potato_fresh_02_real_context_frame_000045.jpg,/mnt/d/merged_fruit_36_clean_v2/yolo_fruit_dataset/images/train/potato_fresh_02_real_context_frame_000045.jpg,/mnt/d/merged_fruit_36_clean_v2/yolo_fruit_dataset/labels/train/potato_fresh_02_real_context_frame_000045.txt
train,/mnt/d/merged_fruit_36_clean_v2/yolo_fruit_dataset/_tmp_frames/banana_fresh_03_hardcase_frame_000900.jpg,/mnt/d/merged_fruit_36_clean_v2/yolo_fruit_dataset/images/train/banana_fresh_03_hardcase_frame_000900.jpg,/mnt/d/merged_fruit_36_clean_v2/yolo_fruit_dataset/labels/train/banana_fresh_03_hardcase_frame_000900.txt
train,/mnt/d/merged_fruit_36_clean_v2/yolo_fruit_dataset/_tmp_frames/banana_fresh_03_hardcase_frame_000135.jpg,/mnt/d/merged_fruit_36_clean_v2/yolo_fruit_dataset/images/train/banana_fresh_03_hardcase_frame_000135.jpg,/mnt/d/merged_fruit_36_clean_v2/yolo_fruit_dataset/labels/train/banana_fresh_03_hardcase_frame_000135.txt
train,/mnt/d/merged_fruit_36_clean_v2/yolo_fruit_dataset/_tmp_frames/tomato_rotten_02_soft_mold_rotten_frame_000300.jpg,/mnt/d/merged_fruit_36_clean_v2/yolo_fruit_dataset/images/train/tomato_rotten_02_soft_mold_rotten_frame_000300.jpg,/mnt/d/merged_fruit_36_clean_v2/yolo_fruit_dataset/labels/train/tomato_rotten_02_soft_mold_rotten_frame_000300.txt
train,/mnt/d/merged_fruit_36_clean_v2/yolo_fruit_dataset/_tmp_frames/grape_rotten_01_mild_rotten_frame_000570.jpg,/mnt/d/merged_fruit_36_clean_v2/yolo_fruit_dataset/images/train/grape_rotten_01_mild_rotten_frame_000570.jpg,/mnt/d/merged_fruit_36_clean_v2/yolo_fruit_dataset/labels/train/grape_rotten_01_mild_rotten_frame_000570.txt
train,/mnt/d/merged_fruit_36_clean_v2/yolo_fruit_dataset/_tmp_frames/guava_rotten_01_mild_rotten_frame_000120.jpg,/mnt/d/merged_fruit_36_clean_v2/yolo_fruit_dataset/images/train/guava_rotten_01_mild_rotten_frame_000120.jpg,/mnt/d/merged_fruit_36_clean_v2/yolo_fruit_dataset/labels/train/guava_rotten_01_mild_rotten_frame_000120.txt
train,/mnt/d/merged_fruit_36_clean_v2/yolo_fruit_dataset/_tmp_frames/cucumber_fresh_02_real_context_frame_000060.jpg,/mnt/d/merged_fruit_36_clean_v2/yolo_fruit_dataset/images/train/cucumber_fresh_02_real_context_frame_000060.jpg,/mnt/d/merged_fruit_36_clean_v2/yolo_fruit_dataset/labels/train/cucumber_fresh_02_real_context_frame_000060.txt
train,/mnt/d/merged_fruit_36_clean_v2/yolo_fruit_dataset/_tmp_frames/guava_fresh_03_on_tree_hardcase_frame_000180.jpg,/mnt/d/merged_fruit_36_clean_v2/yolo_fruit_dataset/images/train/guava_fresh_03_on_tree_hardcase_frame_000180.jpg,/mnt/d/merged_fruit_36_clean_v2/yolo_fruit_dataset/labels/train/guava_fresh_03_on_tree_hardcase_frame_000180.txt
train,/mnt/d/merged_fruit_36_clean_v2/yolo_fruit_dataset/_tmp_frames/avocado_fresh_02_real_context_frame_000135.jpg,/mnt/d/merged_fruit_36_clean_v2/yolo_fruit_dataset/images/train/avocado_fresh_02_real_context_frame_000135.jpg,/mnt/d/merged_fruit_36_clean_v2/yolo_fruit_dataset/labels/train/avocado_fresh_02_real_context_frame_000135.txt
train,/mnt/d/merged_fruit_36_clean_v2/yolo_fruit_dataset/_tmp_frames/potato_rotten_01_mild_rotten_frame_000255.jpg,/mnt/d/merged_fruit_36_clean_v2/yolo_fruit_dataset/images/train/potato_rotten_01_mild_rotten_frame_000255.jpg,/mnt/d/merged_fruit_36_clean_v2/yolo_fruit_dataset/labels/train/potato_rotten_01_mild_rotten_frame_000255.txt
train,/mnt/d/merged_fruit_36_clean_v2/yolo_fruit_dataset/_tmp_frames/banana_fresh_03_hardcase_frame_000165.jpg,/mnt/d/merged_fruit_36_clean_v2/yolo_fruit_dataset/images/train/banana_fresh_03_hardcase_frame_000165.jpg,/mnt/d/merged_fruit_36_clean_v2/yolo_fruit_dataset/labels/train/banana_fresh_03_hardcase_frame_000165.txt
train,/mnt/d/merged_fruit_36_clean_v2/yolo_fruit_dataset/_tmp_frames/guava_fresh_01_clear_closeup_frame_000375.jpg,/mnt/d/merged_fruit_36_clean_v2/yolo_fruit_dataset/images/train/guava_fresh_01_clear_closeup_frame_000375.jpg,/mnt/d/merged_fruit_36_clean_v2/yolo_fruit_dataset/labels/train/guava_fresh_01_clear_closeup_frame_000375.txt
train,/mnt/d/merged_fruit_36_clean_v2/yolo_fruit_dataset/_tmp_frames/orange_rotten_02_mold_soft_rotten_frame_000000.jpg,/mnt/d/merged_fruit_36_clean_v2/yolo_fruit_dataset/images/train/orange_rotten_02_mold_soft_rotten_frame_000000.jpg,/mnt/d/merged_fruit_36_clean_v2/yolo_fruit_dataset/labels/train/orange_rotten_02_mold_soft_rotten_frame_000000.txt
train,/mnt/d/merged_fruit_36_clean_v2/yolo_fruit_dataset/_tmp_frames/potato_fresh_01_clear_closeup_frame_000030.jpg,/mnt/d/merged_fruit_36_clean_v2/yolo_fruit_dataset/images/train/potato_fresh_01_clear_closeup_frame_000030.jpg,/mnt/d/merged_fruit_36_clean_v2/yolo_fruit_dataset/labels/train/potato_fresh_01_clear_closeup_frame_000030.txt
train,/mnt/d/merged_fruit_36_clean_v2/yolo_fruit_dataset/_tmp_frames/banana_rotten_02_black_bruised_rotten_frame_000030.jpg,/mnt/d/merged_fruit_36_clean_v2/yolo_fruit_dataset/images/train/banana_rotten_02_black_bruised_rotten_frame_000030.jpg,/mnt/d/merged_fruit_36_clean_v2/yolo_fruit_dataset/labels/train/banana_rotten_02_black_bruised_rotten_frame_000030.txt
train,/mnt/d/merged_fruit_36_clean_v2/yolo_fruit_dataset/_tmp_frames/mango_rotten_02_black_bruised_rotten_frame_000180.jpg,/mnt/d/merged_fruit_36_clean_v2/yolo_fruit_dataset/images/train/mango_rotten_02_black_bruised_rotten_frame_000180.jpg,/mnt/d/merged_fruit_36_clean_v2/yolo_fruit_dataset/labels/train/mango_rotten_02_black_bruised_rotten_frame_000180.txt
train,/mnt/d/merged_fruit_36_clean_v2/yolo_fruit_dataset/_tmp_frames/banana_rotten_02_black_bruised_rotten_frame_000630.jpg,/mnt/d/merged_fruit_36_clean_v2/yolo_fruit_dataset/images/train/banana_rotten_02_black_bruised_rotten_frame_000630.jpg,/mnt/d/merged_fruit_36_clean_v2/yolo_fruit_dataset/labels/train/banana_rotten_02_black_bruised_rotten_frame_000630.txt
train,/mnt/d/merged_fruit_36_clean_v2/yolo_fruit_dataset/_tmp_frames/carrot_fresh_02_real_context_frame_000135.jpg,/mnt/d/merged_fruit_36_clean_v2/yolo_fruit_dataset/images/train/carrot_fresh_02_real_context_frame_000135.jpg,/mnt/d/merged_fruit_36_clean_v2/yolo_fruit_dataset/labels/train/carrot_fresh_02_real_context_frame_000135.txt
train,/mnt/d/merged_fruit_36_clean_v2/yolo_fruit_dataset/_tmp_frames/grape_rotten_03_hardcase_rotten_frame_000030.jpg,/mnt/d/merged_fruit_36_clean_v2/yolo_fruit_dataset/images/train/grape_rotten_03_hardcase_rotten_frame_000030.jpg,/mnt/d/merged_fruit_36_clean_v2/yolo_fruit_dataset/labels/train/grape_rotten_03_hardcase_rotten_frame_000030.txt
train,/mnt/d/merged_fruit_36_clean_v2/yolo_fruit_dataset/_tmp_frames/peach_rotten_02_mold_bruised_rotten_frame_000075.jpg,/mnt/d/merged_fruit_36_clean_v2/yolo_fruit_dataset/images/train/peach_rotten_02_mold_bruised_rotten_frame_000075.jpg,/mnt/d/merged_fruit_36_clean_v2/yolo_fruit_dataset/labels/train/peach_rotten_02_mold_bruised_rotten_frame_000075.txt
train,/mnt/d/merged_fruit_36_clean_v2/yolo_fruit_dataset/_tmp_frames/peach_rotten_02_mold_bruised_rotten_frame_000420.jpg,/mnt/d/merged_fruit_36_clean_v2/yolo_fruit_dataset/images/train/peach_rotten_02_mold_bruised_rotten_frame_000420.jpg,/mnt/d/merged_fruit_36_clean_v2/yolo_fruit_dataset/labels/train/peach_rotten_02_mold_bruised_rotten_frame_000420.txt
train,/mnt/d/merged_fruit_36_clean_v2/yolo_fruit_dataset/_tmp_frames/cucumber_fresh_03_cut_open_hardcase_frame_000315.jpg,/mnt/d/merged_fruit_36_clean_v2/yolo_fruit_dataset/images/train/cucumber_fresh_03_cut_open_hardcase_frame_000315.jpg,/mnt/d/merged_fruit_36_clean_v2/yolo_fruit_dataset/labels/train/cucumber_fresh_03_cut_open_hardcase_frame_000315.txt
train,/mnt/d/merged_fruit_36_clean_v2/yolo_fruit_dataset/_tmp_frames/guava_fresh_03_on_tree_hardcase_frame_000270.jpg,/mnt/d/merged_fruit_36_clean_v2/yolo_fruit_dataset/images/train/guava_fresh_03_on_tree_hardcase_frame_000270.jpg,/mnt/d/merged_fruit_36_clean_v2/yolo_fruit_dataset/labels/train/guava_fresh_03_on_tree_hardcase_frame_000270.txt
train,/mnt/d/merged_fruit_36_clean_v2/yolo_fruit_dataset/_tmp_frames/carambola_rotten_02_mold_bruised_rotten_frame_000825.jpg,/mnt/d/merged_fruit_36_clean_v2/yolo_fruit_dataset/images/train/carambola_rotten_02_mold_bruised_rotten_frame_000825.jpg,/mnt/d/merged_fruit_36_clean_v2/yolo_fruit_dataset/labels/train/carambola_rotten_02_mold_bruised_rotten_frame_000825.txt
train,/mnt/d/merged_fruit_36_clean_v2/yolo_fruit_dataset/_tmp_frames/bellpepper_rotten_03_hardcase_rotten_frame_000480.jpg,/mnt/d/merged_fruit_36_clean_v2/yolo_fruit_dataset/images/train/bellpepper_rotten_03_hardcase_rotten_frame_000480.jpg,/mnt/d/merged_fruit_36_clean_v2/yolo_fruit_dataset/labels/train/bellpepper_rotten_03_hardcase_rotten_frame_000480.txt
train,/mnt/d/merged_fruit_36_clean_v2/yolo_fruit_dataset/_tmp_frames/pomegranate_rotten_02_mold_dark_rotten_frame_000180.jpg,/mnt/d/merged_fruit_36_clean_v2/yolo_fruit_dataset/images/train/pomegranate_rotten_02_mold_dark_rotten_frame_000180.jpg,/mnt/d/merged_fruit_36_clean_v2/yolo_fruit_dataset/labels/train/pomegranate_rotten_02_mold_dark_rotten_frame_000180.txt
train,/mnt/d/merged_fruit_36_clean_v2/yolo_fruit_dataset/_tmp_frames/potato_fresh_03_soil_hardcase_frame_000045.jpg,/mnt/d/merged_fruit_36_clean_v2/yolo_fruit_dataset/images/train/potato_fresh_03_soil_hardcase_frame_000045.jpg,/mnt/d/merged_fruit_36_clean_v2/yolo_fruit_dataset/labels/train/potato_fresh_03_soil_hardcase_frame_000045.txt
train,/mnt/d/merged_fruit_36_clean_v2/yolo_fruit_dataset/_tmp_frames/orange_rotten_02_mold_soft_rotten_frame_000675.jpg,/mnt/d/merged_fruit_36_clean_v2/yolo_fruit_dataset/images/train/orange_rotten_02_mold_soft_rotten_frame_000675.jpg,/mnt/d/merged_fruit_36_clean_v2/yolo_fruit_dataset/labels/train/orange_rotten_02_mold_soft_rotten_frame_000675.txt
train,/mnt/d/merged_fruit_36_clean_v2/yolo_fruit_dataset/_tmp_frames/strawberry_rotten_01_mild_rotten_frame_000165.jpg,/mnt/d/merged_fruit_36_clean_v2/yolo_fruit_dataset/images/train/strawberry_rotten_01_mild_rotten_frame_000165.jpg,/mnt/d/merged_fruit_36_clean_v2/yolo_fruit_dataset/labels/train/strawberry_rotten_01_mild_rotten_frame_000165.txt
train,/mnt/d/merged_fruit_36_clean_v2/yolo_fruit_dataset/_tmp_frames/grape_fresh_01_clear_closeup_frame_000900.jpg,/mnt/d/merged_fruit_36_clean_v2/yolo_fruit_dataset/images/train/grape_fresh_01_clear_closeup_frame_000900.jpg,/mnt/d/merged_fruit_36_clean_v2/yolo_fruit_dataset/labels/train/grape_fresh_01_clear_closeup_frame_000900.txt
train,/mnt/d/merged_fruit_36_clean_v2/yolo_fruit_dataset/_tmp_frames/grape_fresh_03_on_tree_hardcase_frame_000420.jpg,/mnt/d/merged_fruit_36_clean_v2/yolo_fruit_dataset/images/train/grape_fresh_03_on_tree_hardcase_frame_000420.jpg,/mnt/d/merged_fruit_36_clean_v2/yolo_fruit_dataset/labels/train/grape_fresh_03_on_tree_hardcase_frame_000420.txt
train,/mnt/d/merged_fruit_36_clean_v2/yolo_fruit_dataset/_tmp_frames/bellpepper_fresh_02_real_context_frame_000450.jpg,/mnt/d/merged_fruit_36_clean_v2/yolo_fruit_dataset/images/train/bellpepper_fresh_02_real_context_frame_000450.jpg,/mnt/d/merged_fruit_36_clean_v2/yolo_fruit_dataset/labels/train/bellpepper_fresh_02_real_context_frame_000450.txt
train,/mnt/d/merged_fruit_36_clean_v2/yolo_fruit_dataset/_tmp_frames/banana_rotten_01_mild_rotten_frame_000225.jpg,/mnt/d/merged_fruit_36_clean_v2/yolo_fruit_dataset/images/train/banana_rotten_01_mild_rotten_frame_000225.jpg,/mnt/d/merged_fruit_36_clean_v2/yolo_fruit_dataset/labels/train/banana_rotten_01_mild_rotten_frame_000225.txt
train,/mnt/d/merged_fruit_36_clean_v2/yolo_fruit_dataset/_tmp_frames/grape_rotten_02_mold_bruised_rotten_frame_000000.jpg,/mnt/d/merged_fruit_36_clean_v2/yolo_fruit_dataset/images/train/grape_rotten_02_mold_bruised_rotten_frame_000000.jpg,/mnt/d/merged_fruit_36_clean_v2/yolo_fruit_dataset/labels/train/grape_rotten_02_mold_bruised_rotten_frame_000000.txt
train,/mnt/d/merged_fruit_36_clean_v2/yolo_fruit_dataset/_tmp_frames/peach_fresh_01_clear_closeup_frame_000540.jpg,/mnt/d/merged_fruit_36_clean_v2/yolo_fruit_dataset/images/train/peach_fresh_01_clear_closeup_frame_000540.jpg,/mnt/d/merged_fruit_36_clean_v2/yolo_fruit_dataset/labels/train/peach_fresh_01_clear_closeup_frame_000540.txt
train,/mnt/d/merged_fruit_36_clean_v2/yolo_fruit_dataset/_tmp_frames/banana_fresh_03_hardcase_frame_001050.jpg,/mnt/d/merged_fruit_36_clean_v2/yolo_fruit_dataset/images/train/banana_fresh_03_hardcase_frame_001050.jpg,/mnt/d/merged_fruit_36_clean_v2/yolo_fruit_dataset/labels/train/banana_fresh_03_hardcase_frame_001050.txt
train,/mnt/d/merged_fruit_36_clean_v2/yolo_fruit_dataset/_tmp_frames/bellpepper_fresh_02_real_context_frame_000075.jpg,/mnt/d/merged_fruit_36_clean_v2/yolo_fruit_dataset/images/train/bellpepper_fresh_02_real_context_frame_000075.jpg,/mnt/d/merged_fruit_36_clean_v2/yolo_fruit_dataset/labels/train/bellpepper_fresh_02_real_context_frame_000075.txt
train,/mnt/d/merged_fruit_36_clean_v2/yolo_fruit_dataset/_tmp_frames/apple_rotten_03_hardcase_rotten_frame_000225.jpg,/mnt/d/merged_fruit_36_clean_v2/yolo_fruit_dataset/images/train/apple_rotten_03_hardcase_rotten_frame_000225.jpg,/mnt/d/merged_fruit_36_clean_v2/yolo_fruit_dataset/labels/train/apple_rotten_03_hardcase_rotten_frame_000225.txt
train,/mnt/d/merged_fruit_36_clean_v2/yolo_fruit_dataset/_tmp_frames/apple_fresh_02_real_context_frame_000060.jpg,/mnt/d/merged_fruit_36_clean_v2/yolo_fruit_dataset/images/train/apple_fresh_02_real_context_frame_000060.jpg,/mnt/d/merged_fruit_36_clean_v2/yolo_fruit_dataset/labels/train/apple_fresh_02_real_context_frame_000060.txt
train,/mnt/d/merged_fruit_36_clean_v2/yolo_fruit_dataset/_tmp_frames/jujube_fresh_02_real_context_frame_000150.jpg,/mnt/d/merged_fruit_36_clean_v2/yolo_fruit_dataset/images/train/jujube_fresh_02_real_context_frame_000150.jpg,/mnt/d/merged_fruit_36_clean_v2/yolo_fruit_dataset/labels/train/jujube_fresh_02_real_context_frame_000150.txt
train,/mnt/d/merged_fruit_36_clean_v2/yolo_fruit_dataset/_tmp_frames/carrot_fresh_01_clear_closeup_frame_000390.jpg,/mnt/d/merged_fruit_36_clean_v2/yolo_fruit_dataset/images/train/carrot_fresh_01_clear_closeup_frame_000390.jpg,/mnt/d/merged_fruit_36_clean_v2/yolo_fruit_dataset/labels/train/carrot_fresh_01_clear_closeup_frame_000390.txt
train,/mnt/d/merged_fruit_36_clean_v2/yolo_fruit_dataset/_tmp_frames/carrot_rotten_01_mild_rotten_frame_000750.jpg,/mnt/d/merged_fruit_36_clean_v2/yolo_fruit_dataset/images/train/carrot_rotten_01_mild_rotten_frame_000750.jpg,/mnt/d/merged_fruit_36_clean_v2/yolo_fruit_dataset/labels/train/carrot_rotten_01_mild_rotten_frame_000750.txt
train,/mnt/d/merged_fruit_36_clean_v2/yolo_fruit_dataset/_tmp_frames/guava_fresh_01_clear_closeup_frame_000075.jpg,/mnt/d/merged_fruit_36_clean_v2/yolo_fruit_dataset/images/train/guava_fresh_01_clear_closeup_frame_000075.jpg,/mnt/d/merged_fruit_36_clean_v2/yolo_fruit_dataset/labels/train/guava_fresh_01_clear_closeup_frame_000075.txt
train,/mnt/d/merged_fruit_36_clean_v2/yolo_fruit_dataset/_tmp_frames/grape_fresh_02_real_context_frame_001365.jpg,/mnt/d/merged_fruit_36_clean_v2/yolo_fruit_dataset/images/train/grape_fresh_02_real_context_frame_001365.jpg,/mnt/d/merged_fruit_36_clean_v2/yolo_fruit_dataset/labels/train/grape_fresh_02_real_context_frame_001365.txt
train,/mnt/d/merged_fruit_36_clean_v2/yolo_fruit_dataset/_tmp_frames/carrot_rotten_01_mild_rotten_frame_000300.jpg,/mnt/d/merged_fruit_36_clean_v2/yolo_fruit_dataset/images/train/carrot_rotten_01_mild_rotten_frame_000300.jpg,/mnt/d/merged_fruit_36_clean_v2/yolo_fruit_dataset/labels/train/carrot_rotten_01_mild_rotten_frame_000300.txt
train,/mnt/d/merged_fruit_36_clean_v2/yolo_fruit_dataset/_tmp_frames/orange_rotten_02_mold_soft_rotten_frame_000180.jpg,/mnt/d/merged_fruit_36_clean_v2/yolo_fruit_dataset/images/train/orange_rotten_02_mold_soft_rotten_frame_000180.jpg,/mnt/d/merged_fruit_36_clean_v2/yolo_fruit_dataset/labels/train/orange_rotten_02_mold_soft_rotten_frame_000180.txt
train,/mnt/d/merged_fruit_36_clean_v2/yolo_fruit_dataset/_tmp_frames/banana_rotten_01_mild_rotten_frame_000135.jpg,/mnt/d/merged_fruit_36_clean_v2/yolo_fruit_dataset/images/train/banana_rotten_01_mild_rotten_frame_000135.jpg,/mnt/d/merged_fruit_36_clean_v2/yolo_fruit_dataset/labels/train/banana_rotten_01_mild_rotten_frame_000135.txt
train,/mnt/d/merged_fruit_36_clean_v2/yolo_fruit_dataset/_tmp_frames/strawberry_rotten_03_hardcase_rotten_frame_000450.jpg,/mnt/d/merged_fruit_36_clean_v2/yolo_fruit_dataset/images/train/strawberry_rotten_03_hardcase_rotten_frame_000450.jpg,/mnt/d/merged_fruit_36_clean_v2/yolo_fruit_dataset/labels/train/strawberry_rotten_03_hardcase_rotten_frame_000450.txt
train,/mnt/d/merged_fruit_36_clean_v2/yolo_fruit_dataset/_tmp_frames/grape_fresh_01_clear_closeup_frame_000090.jpg,/mnt/d/merged_fruit_36_clean_v2/yolo_fruit_dataset/images/train/grape_fresh_01_clear_closeup_frame_000090.jpg,/mnt/d/merged_fruit_36_clean_v2/yolo_fruit_dataset/labels/train/grape_fresh_01_clear_closeup_frame_000090.txt
train,/mnt/d/merged_fruit_36_clean_v2/yolo_fruit_dataset/_tmp_frames/potato_rotten_01_mild_rotten_frame_000300.jpg,/mnt/d/merged_fruit_36_clean_v2/yolo_fruit_dataset/images/train/potato_rotten_01_mild_rotten_frame_000300.jpg,/mnt/d/merged_fruit_36_clean_v2/yolo_fruit_dataset/labels/train/potato_rotten_01_mild_rotten_frame_000300.txt
train,/mnt/d/merged_fruit_36_clean_v2/yolo_fruit_dataset/_tmp_frames/carambola_rotten_02_mold_bruised_rotten_frame_000240.jpg,/mnt/d/merged_fruit_36_clean_v2/yolo_fruit_dataset/images/train/carambola_rotten_02_mold_bruised_rotten_frame_000240.jpg,/mnt/d/merged_fruit_36_clean_v2/yolo_fruit_dataset/labels/train/carambola_rotten_02_mold_bruised_rotten_frame_000240.txt
train,/mnt/d/merged_fruit_36_clean_v2/yolo_fruit_dataset/_tmp_frames/guava_fresh_01_clear_closeup_frame_000330.jpg,/mnt/d/merged_fruit_36_clean_v2/yolo_fruit_dataset/images/train/guava_fresh_01_clear_closeup_frame_000330.jpg,/mnt/d/merged_fruit_36_clean_v2/yolo_fruit_dataset/labels/train/guava_fresh_01_clear_closeup_frame_000330.txt
train,/mnt/d/merged_fruit_36_clean_v2/yolo_fruit_dataset/_tmp_frames/banana_rotten_01_mild_rotten_frame_000165.jpg,/mnt/d/merged_fruit_36_clean_v2/yolo_fruit_dataset/images/train/banana_rotten_01_mild_rotten_frame_000165.jpg,/mnt/d/merged_fruit_36_clean_v2/yolo_fruit_dataset/labels/train/banana_rotten_01_mild_rotten_frame_000165.txt
train,/mnt/d/merged_fruit_36_clean_v2/yolo_fruit_dataset/_tmp_frames/apple_rotten_03_hardcase_rotten_frame_000000.jpg,/mnt/d/merged_fruit_36_clean_v2/yolo_fruit_dataset/images/train/apple_rotten_03_hardcase_rotten_frame_000000.jpg,/mnt/d/merged_fruit_36_clean_v2/yolo_fruit_dataset/labels/train/apple_rotten_03_hardcase_rotten_frame_000000.txt
train,/mnt/d/merged_fruit_36_clean_v2/yolo_fruit_dataset/_tmp_frames/banana_fresh_03_hardcase_frame_000120.jpg,/mnt/d/merged_fruit_36_clean_v2/yolo_fruit_dataset/images/train/banana_fresh_03_hardcase_frame_000120.jpg,/mnt/d/merged_fruit_36_clean_v2/yolo_fruit_dataset/labels/train/banana_fresh_03_hardcase_frame_000120.txt
train,/mnt/d/merged_fruit_36_clean_v2/yolo_fruit_dataset/_tmp_frames/carrot_rotten_02_mold_soft_rotten_frame_000765.jpg,/mnt/d/merged_fruit_36_clean_v2/yolo_fruit_dataset/images/train/carrot_rotten_02_mold_soft_rotten_frame_000765.jpg,/mnt/d/merged_fruit_36_clean_v2/yolo_fruit_dataset/labels/train/carrot_rotten_02_mold_soft_rotten_frame_000765.txt
train,/mnt/d/merged_fruit_36_clean_v2/yolo_fruit_dataset/_tmp_frames/apple_fresh_01_clear_closeup_frame_000030.jpg,/mnt/d/merged_fruit_36_clean_v2/yolo_fruit_dataset/images/train/apple_fresh_01_clear_closeup_frame_000030.jpg,/mnt/d/merged_fruit_36_clean_v2/yolo_fruit_dataset/labels/train/apple_fresh_01_clear_closeup_frame_000030.txt
train,/mnt/d/merged_fruit_36_clean_v2/yolo_fruit_dataset/_tmp_frames/tomato_rotten_01_mild_rotten_frame_000180.jpg,/mnt/d/merged_fruit_36_clean_v2/yolo_fruit_dataset/images/train/tomato_rotten_01_mild_rotten_frame_000180.jpg,/mnt/d/merged_fruit_36_clean_v2/yolo_fruit_dataset/labels/train/tomato_rotten_01_mild_rotten_frame_000180.txt
train,/mnt/d/merged_fruit_36_clean_v2/yolo_fruit_dataset/_tmp_frames/banana_rotten_03_hardcase_rotten_frame_000075.jpg,/mnt/d/merged_fruit_36_clean_v2/yolo_fruit_dataset/images/train/banana_rotten_03_hardcase_rotten_frame_000075.jpg,/mnt/d/merged_fruit_36_clean_v2/yolo_fruit_dataset/labels/train/banana_rotten_03_hardcase_rotten_frame_000075.txt
train,/mnt/d/merged_fruit_36_clean_v2/yolo_fruit_dataset/_tmp_frames/grape_rotten_02_mold_bruised_rotten_frame_000300.jpg,/mnt/d/merged_fruit_36_clean_v2/yolo_fruit_dataset/images/train/grape_rotten_02_mold_bruised_rotten_frame_000300.jpg,/mnt/d/merged_fruit_36_clean_v2/yolo_fruit_dataset/labels/train/grape_rotten_02_mold_bruised_rotten_frame_000300.txt
train,/mnt/d/merged_fruit_36_clean_v2/yolo_fruit_dataset/_tmp_frames/grape_fresh_01_clear_closeup_frame_001335.jpg,/mnt/d/merged_fruit_36_clean_v2/yolo_fruit_dataset/images/train/grape_fresh_01_clear_closeup_frame_001335.jpg,/mnt/d/merged_fruit_36_clean_v2/yolo_fruit_dataset/labels/train/grape_fresh_01_clear_closeup_frame_001335.txt
train,/mnt/d/merged_fruit_36_clean_v2/yolo_fruit_dataset/_tmp_frames/mango_rotten_03_hardcase_rotten_frame_000150.jpg,/mnt/d/merged_fruit_36_clean_v2/yolo_fruit_dataset/images/train/mango_rotten_03_hardcase_rotten_frame_000150.jpg,/mnt/d/merged_fruit_36_clean_v2/yolo_fruit_dataset/labels/train/mango_rotten_03_hardcase_rotten_frame_000150.txt
train,/mnt/d/merged_fruit_36_clean_v2/yolo_fruit_dataset/_tmp_frames/banana_rotten_03_hardcase_rotten_frame_000180.jpg,/mnt/d/merged_fruit_36_clean_v2/yolo_fruit_dataset/images/train/banana_rotten_03_hardcase_rotten_frame_000180.jpg,/mnt/d/merged_fruit_36_clean_v2/yolo_fruit_dataset/labels/train/banana_rotten_03_hardcase_rotten_frame_000180.txt
train,/mnt/d/merged_fruit_36_clean_v2/yolo_fruit_dataset/_tmp_frames/bellpepper_rotten_03_hardcase_rotten_frame_000375.jpg,/mnt/d/merged_fruit_36_clean_v2/yolo_fruit_dataset/images/train/bellpepper_rotten_03_hardcase_rotten_frame_000375.jpg,/mnt/d/merged_fruit_36_clean_v2/yolo_fruit_dataset/labels/train/bellpepper_rotten_03_hardcase_rotten_frame_000375.txt
train,/mnt/d/merged_fruit_36_clean_v2/yolo_fruit_dataset/_tmp_frames/banana_rotten_02_black_bruised_rotten_frame_000255.jpg,/mnt/d/merged_fruit_36_clean_v2/yolo_fruit_dataset/images/train/banana_rotten_02_black_bruised_rotten_frame_000255.jpg,/mnt/d/merged_fruit_36_clean_v2/yolo_fruit_dataset/labels/train/banana_rotten_02_black_bruised_rotten_frame_000255.txt
train,/mnt/d/merged_fruit_36_clean_v2/yolo_fruit_dataset/_tmp_frames/jujube_fresh_03_on_tree_hardcase_frame_000090.jpg,/mnt/d/merged_fruit_36_clean_v2/yolo_fruit_dataset/images/train/jujube_fresh_03_on_tree_hardcase_frame_000090.jpg,/mnt/d/merged_fruit_36_clean_v2/yolo_fruit_dataset/labels/train/jujube_fresh_03_on_tree_hardcase_frame_000090.txt
train,/mnt/d/merged_fruit_36_clean_v2/yolo_fruit_dataset/_tmp_frames/carambola_fresh_01_clear_closeup_frame_000045.jpg,/mnt/d/merged_fruit_36_clean_v2/yolo_fruit_dataset/images/train/carambola_fresh_01_clear_closeup_frame_000045.jpg,/mnt/d/merged_fruit_36_clean_v2/yolo_fruit_dataset/labels/train/carambola_fresh_01_clear_closeup_frame_000045.txt
train,/mnt/d/merged_fruit_36_clean_v2/yolo_fruit_dataset/_tmp_frames/banana_fresh_03_hardcase_frame_000765.jpg,/mnt/d/merged_fruit_36_clean_v2/yolo_fruit_dataset/images/train/banana_fresh_03_hardcase_frame_000765.jpg,/mnt/d/merged_fruit_36_clean_v2/yolo_fruit_dataset/labels/train/banana_fresh_03_hardcase_frame_000765.txt
train,/mnt/d/merged_fruit_36_clean_v2/yolo_fruit_dataset/_tmp_frames/carrot_rotten_01_mild_rotten_frame_000645.jpg,/mnt/d/merged_fruit_36_clean_v2/yolo_fruit_dataset/images/train/carrot_rotten_01_mild_rotten_frame_000645.jpg,/mnt/d/merged_fruit_36_clean_v2/yolo_fruit_dataset/labels/train/carrot_rotten_01_mild_rotten_frame_000645.txt
train,/mnt/d/merged_fruit_36_clean_v2/yolo_fruit_dataset/_tmp_frames/peach_fresh_01_clear_closeup_frame_000210.jpg,/mnt/d/merged_fruit_36_clean_v2/yolo_fruit_dataset/images/train/peach_fresh_01_clear_closeup_frame_000210.jpg,/mnt/d/merged_fruit_36_clean_v2/yolo_fruit_dataset/labels/train/peach_fresh_01_clear_closeup_frame_000210.txt
train,/mnt/d/merged_fruit_36_clean_v2/yolo_fruit_dataset/_tmp_frames/potato_fresh_01_clear_closeup_frame_000525.jpg,/mnt/d/merged_fruit_36_clean_v2/yolo_fruit_dataset/images/train/potato_fresh_01_clear_closeup_frame_000525.jpg,/mnt/d/merged_fruit_36_clean_v2/yolo_fruit_dataset/labels/train/potato_fresh_01_clear_closeup_frame_000525.txt
train,/mnt/d/merged_fruit_36_clean_v2/yolo_fruit_dataset/_tmp_frames/mango_fresh_01_clear_closeup_frame_000075.jpg,/mnt/d/merged_fruit_36_clean_v2/yolo_fruit_dataset/images/train/mango_fresh_01_clear_closeup_frame_000075.jpg,/mnt/d/merged_fruit_36_clean_v2/yolo_fruit_dataset/labels/train/mango_fresh_01_clear_closeup_frame_000075.txt
train,/mnt/d/merged_fruit_36_clean_v2/yolo_fruit_dataset/_tmp_frames/pomegranate_fresh_01_clear_closeup_frame_000270.jpg,/mnt/d/merged_fruit_36_clean_v2/yolo_fruit_dataset/images/train/pomegranate_fresh_01_clear_closeup_frame_000270.jpg,/mnt/d/merged_fruit_36_clean_v2/yolo_fruit_dataset/labels/train/pomegranate_fresh_01_clear_closeup_frame_000270.txt
train,/mnt/d/merged_fruit_36_clean_v2/yolo_fruit_dataset/_tmp_frames/apple_fresh_02_real_context_frame_000405.jpg,/mnt/d/merged_fruit_36_clean_v2/yolo_fruit_dataset/images/train/apple_fresh_02_real_context_frame_000405.jpg,/mnt/d/merged_fruit_36_clean_v2/yolo_fruit_dataset/labels/train/apple_fresh_02_real_context_frame_000405.txt
train,/mnt/d/merged_fruit_36_clean_v2/yolo_fruit_dataset/_tmp_frames/strawberry_fresh_01_clear_closeup_frame_000225.jpg,/mnt/d/merged_fruit_36_clean_v2/yolo_fruit_dataset/images/train/strawberry_fresh_01_clear_closeup_frame_000225.jpg,/mnt/d/merged_fruit_36_clean_v2/yolo_fruit_dataset/labels/train/strawberry_fresh_01_clear_closeup_frame_000225.txt
train,/mnt/d/merged_fruit_36_clean_v2/yolo_fruit_dataset/_tmp_frames/peach_fresh_01_clear_closeup_frame_000870.jpg,/mnt/d/merged_fruit_36_clean_v2/yolo_fruit_dataset/images/train/peach_fresh_01_clear_closeup_frame_000870.jpg,/mnt/d/merged_fruit_36_clean_v2/yolo_fruit_dataset/labels/train/peach_fresh_01_clear_closeup_frame_000870.txt
train,/mnt/d/merged_fruit_36_clean_v2/yolo_fruit_dataset/_tmp_frames/grape_fresh_03_on_tree_hardcase_frame_000555.jpg,/mnt/d/merged_fruit_36_clean_v2/yolo_fruit_dataset/images/train/grape_fresh_03_on_tree_hardcase_frame_000555.jpg,/mnt/d/merged_fruit_36_clean_v2/yolo_fruit_dataset/labels/train/grape_fresh_03_on_tree_hardcase_frame_000555.txt
train,/mnt/d/merged_fruit_36_clean_v2/yolo_fruit_dataset/_tmp_frames/grape_fresh_02_real_context_frame_000270.jpg,/mnt/d/merged_fruit_36_clean_v2/yolo_fruit_dataset/images/train/grape_fresh_02_real_context_frame_000270.jpg,/mnt/d/merged_fruit_36_clean_v2/yolo_fruit_dataset/labels/train/grape_fresh_02_real_context_frame_000270.txt
train,/mnt/d/merged_fruit_36_clean_v2/yolo_fruit_dataset/_tmp_frames/potato_rotten_01_mild_rotten_frame_000270.jpg,/mnt/d/merged_fruit_36_clean_v2/yolo_fruit_dataset/images/train/potato_rotten_01_mild_rotten_frame_000270.jpg,/mnt/d/merged_fruit_36_clean_v2/yolo_fruit_dataset/labels/train/potato_rotten_01_mild_rotten_frame_000270.txt
train,/mnt/d/merged_fruit_36_clean_v2/yolo_fruit_dataset/_tmp_frames/carrot_fresh_03_hardcase_frame_000180.jpg,/mnt/d/merged_fruit_36_clean_v2/yolo_fruit_dataset/images/train/carrot_fresh_03_hardcase_frame_000180.jpg,/mnt/d/merged_fruit_36_clean_v2/yolo_fruit_dataset/labels/train/carrot_fresh_03_hardcase_frame_000180.txt
train,/mnt/d/merged_fruit_36_clean_v2/yolo_fruit_dataset/_tmp_frames/guava_fresh_03_on_tree_hardcase_frame_000405.jpg,/mnt/d/merged_fruit_36_clean_v2/yolo_fruit_dataset/images/train/guava_fresh_03_on_tree_hardcase_frame_000405.jpg,/mnt/d/merged_fruit_36_clean_v2/yolo_fruit_dataset/labels/train/guava_fresh_03_on_tree_hardcase_frame_000405.txt
train,/mnt/d/merged_fruit_36_clean_v2/yolo_fruit_dataset/_tmp_frames/banana_rotten_01_mild_rotten_frame_000240.jpg,/mnt/d/merged_fruit_36_clean_v2/yolo_fruit_dataset/images/train/banana_rotten_01_mild_rotten_frame_000240.jpg,/mnt/d/merged_fruit_36_clean_v2/yolo_fruit_dataset/labels/train/banana_rotten_01_mild_rotten_frame_000240.txt
train,/mnt/d/merged_fruit_36_clean_v2/yolo_fruit_dataset/_tmp_frames/carrot_fresh_02_real_context_frame_000045.jpg,/mnt/d/merged_fruit_36_clean_v2/yolo_fruit_dataset/images/train/carrot_fresh_02_real_context_frame_000045.jpg,/mnt/d/merged_fruit_36_clean_v2/yolo_fruit_dataset/labels/train/carrot_fresh_02_real_context_frame_000045.txt
train,/mnt/d/merged_fruit_36_clean_v2/yolo_fruit_dataset/_tmp_frames/mango_rotten_03_hardcase_rotten_frame_000195.jpg,/mnt/d/merged_fruit_36_clean_v2/yolo_fruit_dataset/images/train/mango_rotten_03_hardcase_rotten_frame_000195.jpg,/mnt/d/merged_fruit_36_clean_v2/yolo_fruit_dataset/labels/train/mango_rotten_03_hardcase_rotten_frame_000195.txt
train,/mnt/d/merged_fruit_36_clean_v2/yolo_fruit_dataset/_tmp_frames/tomato_fresh_02_real_context_frame_000270.jpg,/mnt/d/merged_fruit_36_clean_v2/yolo_fruit_dataset/images/train/tomato_fresh_02_real_context_frame_000270.jpg,/mnt/d/merged_fruit_36_clean_v2/yolo_fruit_dataset/labels/train/tomato_fresh_02_real_context_frame_000270.txt
train,/mnt/d/merged_fruit_36_clean_v2/yolo_fruit_dataset/_tmp_frames/tomato_rotten_02_soft_mold_rotten_frame_000195.jpg,/mnt/d/merged_fruit_36_clean_v2/yolo_fruit_dataset/images/train/tomato_rotten_02_soft_mold_rotten_frame_000195.jpg,/mnt/d/merged_fruit_36_clean_v2/yolo_fruit_dataset/labels/train/tomato_rotten_02_soft_mold_rotten_frame_000195.txt
train,/mnt/d/merged_fruit_36_clean_v2/yolo_fruit_dataset/_tmp_frames/orange_rotten_02_mold_soft_rotten_frame_000165.jpg,/mnt/d/merged_fruit_36_clean_v2/yolo_fruit_dataset/images/train/orange_rotten_02_mold_soft_rotten_frame_000165.jpg,/mnt/d/merged_fruit_36_clean_v2/yolo_fruit_dataset/labels/train/orange_rotten_02_mold_soft_rotten_frame_000165.txt
train,/mnt/d/merged_fruit_36_clean_v2/yolo_fruit_dataset/_tmp_frames/banana_rotten_01_mild_rotten_frame_000285.jpg,/mnt/d/merged_fruit_36_clean_v2/yolo_fruit_dataset/images/train/banana_rotten_01_mild_rotten_frame_000285.jpg,/mnt/d/merged_fruit_36_clean_v2/yolo_fruit_dataset/labels/train/banana_rotten_01_mild_rotten_frame_000285.txt
train,/mnt/d/merged_fruit_36_clean_v2/yolo_fruit_dataset/_tmp_frames/mango_fresh_01_clear_closeup_frame_000105.jpg,/mnt/d/merged_fruit_36_clean_v2/yolo_fruit_dataset/images/train/mango_fresh_01_clear_closeup_frame_000105.jpg,/mnt/d/merged_fruit_36_clean_v2/yolo_fruit_dataset/labels/train/mango_fresh_01_clear_closeup_frame_000105.txt
train,/mnt/d/merged_fruit_36_clean_v2/yolo_fruit_dataset/_tmp_frames/bellpepper_fresh_03_cut_open_hardcase_frame_000225.jpg,/mnt/d/merged_fruit_36_clean_v2/yolo_fruit_dataset/images/train/bellpepper_fresh_03_cut_open_hardcase_frame_000225.jpg,/mnt/d/merged_fruit_36_clean_v2/yolo_fruit_dataset/labels/train/bellpepper_fresh_03_cut_open_hardcase_frame_000225.txt
train,/mnt/d/merged_fruit_36_clean_v2/yolo_fruit_dataset/_tmp_frames/banana_rotten_02_black_bruised_rotten_frame_000555.jpg,/mnt/d/merged_fruit_36_clean_v2/yolo_fruit_dataset/images/train/banana_rotten_02_black_bruised_rotten_frame_000555.jpg,/mnt/d/merged_fruit_36_clean_v2/yolo_fruit_dataset/labels/train/banana_rotten_02_black_bruised_rotten_frame_000555.txt
train,/mnt/d/merged_fruit_36_clean_v2/yolo_fruit_dataset/_tmp_frames/grape_fresh_01_clear_closeup_frame_001230.jpg,/mnt/d/merged_fruit_36_clean_v2/yolo_fruit_dataset/images/train/grape_fresh_01_clear_closeup_frame_001230.jpg,/mnt/d/merged_fruit_36_clean_v2/yolo_fruit_dataset/labels/train/grape_fresh_01_clear_closeup_frame_001230.txt
train,/mnt/d/merged_fruit_36_clean_v2/yolo_fruit_dataset/_tmp_frames/guava_fresh_02_real_context_frame_000135.jpg,/mnt/d/merged_fruit_36_clean_v2/yolo_fruit_dataset/images/train/guava_fresh_02_real_context_frame_000135.jpg,/mnt/d/merged_fruit_36_clean_v2/yolo_fruit_dataset/labels/train/guava_fresh_02_real_context_frame_000135.txt
train,/mnt/d/merged_fruit_36_clean_v2/yolo_fruit_dataset/_tmp_frames/lemon_fresh_03_cut_open_hardcase_frame_000600.jpg,/mnt/d/merged_fruit_36_clean_v2/yolo_fruit_dataset/images/train/lemon_fresh_03_cut_open_hardcase_frame_000600.jpg,/mnt/d/merged_fruit_36_clean_v2/yolo_fruit_dataset/labels/train/lemon_fresh_03_cut_open_hardcase_frame_000600.txt
train,/mnt/d/merged_fruit_36_clean_v2/yolo_fruit_dataset/_tmp_frames/tomato_rotten_03_hardcase_rotten_frame_000075.jpg,/mnt/d/merged_fruit_36_clean_v2/yolo_fruit_dataset/images/train/tomato_rotten_03_hardcase_rotten_frame_000075.jpg,/mnt/d/merged_fruit_36_clean_v2/yolo_fruit_dataset/labels/train/tomato_rotten_03_hardcase_rotten_frame_000075.txt
train,/mnt/d/merged_fruit_36_clean_v2/yolo_fruit_dataset/_tmp_frames/orange_rotten_02_mold_soft_rotten_frame_000600.jpg,/mnt/d/merged_fruit_36_clean_v2/yolo_fruit_dataset/images/train/orange_rotten_02_mold_soft_rotten_frame_000600.jpg,/mnt/d/merged_fruit_36_clean_v2/yolo_fruit_dataset/labels/train/orange_rotten_02_mold_soft_rotten_frame_000600.txt
train,/mnt/d/merged_fruit_36_clean_v2/yolo_fruit_dataset/_tmp_frames/carrot_rotten_01_mild_rotten_frame_000525.jpg,/mnt/d/merged_fruit_36_clean_v2/yolo_fruit_dataset/images/train/carrot_rotten_01_mild_rotten_frame_000525.jpg,/mnt/d/merged_fruit_36_clean_v2/yolo_fruit_dataset/labels/train/carrot_rotten_01_mild_rotten_frame_000525.txt
train,/mnt/d/merged_fruit_36_clean_v2/yolo_fruit_dataset/_tmp_frames/guava_rotten_02_mold_bruised_rotten_frame_000195.jpg,/mnt/d/merged_fruit_36_clean_v2/yolo_fruit_dataset/images/train/guava_rotten_02_mold_bruised_rotten_frame_000195.jpg,/mnt/d/merged_fruit_36_clean_v2/yolo_fruit_dataset/labels/train/guava_rotten_02_mold_bruised_rotten_frame_000195.txt
train,/mnt/d/merged_fruit_36_clean_v2/yolo_fruit_dataset/_tmp_frames/peach_fresh_01_clear_closeup_frame_000825.jpg,/mnt/d/merged_fruit_36_clean_v2/yolo_fruit_dataset/images/train/peach_fresh_01_clear_closeup_frame_000825.jpg,/mnt/d/merged_fruit_36_clean_v2/yolo_fruit_dataset/labels/train/peach_fresh_01_clear_closeup_frame_000825.txt
train,/mnt/d/merged_fruit_36_clean_v2/yolo_fruit_dataset/_tmp_frames/lemon_fresh_03_cut_open_hardcase_frame_000060.jpg,/mnt/d/merged_fruit_36_clean_v2/yolo_fruit_dataset/images/train/lemon_fresh_03_cut_open_hardcase_frame_000060.jpg,/mnt/d/merged_fruit_36_clean_v2/yolo_fruit_dataset/labels/train/lemon_fresh_03_cut_open_hardcase_frame_000060.txt
train,/mnt/d/merged_fruit_36_clean_v2/yolo_fruit_dataset/_tmp_frames/grape_fresh_02_real_context_frame_000450.jpg,/mnt/d/merged_fruit_36_clean_v2/yolo_fruit_dataset/images/train/grape_fresh_02_real_context_frame_000450.jpg,/mnt/d/merged_fruit_36_clean_v2/yolo_fruit_dataset/labels/train/grape_fresh_02_real_context_frame_000450.txt
train,/mnt/d/merged_fruit_36_clean_v2/yolo_fruit_dataset/_tmp_frames/banana_rotten_02_black_bruised_rotten_frame_000615.jpg,/mnt/d/merged_fruit_36_clean_v2/yolo_fruit_dataset/images/train/banana_rotten_02_black_bruised_rotten_frame_000615.jpg,/mnt/d/merged_fruit_36_clean_v2/yolo_fruit_dataset/labels/train/banana_rotten_02_black_bruised_rotten_frame_000615.txt
train,/mnt/d/merged_fruit_36_clean_v2/yolo_fruit_dataset/_tmp_frames/grape_fresh_03_on_tree_hardcase_frame_000015.jpg,/mnt/d/merged_fruit_36_clean_v2/yolo_fruit_dataset/images/train/grape_fresh_03_on_tree_hardcase_frame_000015.jpg,/mnt/d/merged_fruit_36_clean_v2/yolo_fruit_dataset/labels/train/grape_fresh_03_on_tree_hardcase_frame_000015.txt
train,/mnt/d/merged_fruit_36_clean_v2/yolo_fruit_dataset/_tmp_frames/strawberry_rotten_03_hardcase_rotten_frame_000330.jpg,/mnt/d/merged_fruit_36_clean_v2/yolo_fruit_dataset/images/train/strawberry_rotten_03_hardcase_rotten_frame_000330.jpg,/mnt/d/merged_fruit_36_clean_v2/yolo_fruit_dataset/labels/train/strawberry_rotten_03_hardcase_rotten_frame_000330.txt
train,/mnt/d/merged_fruit_36_clean_v2/yolo_fruit_dataset/_tmp_frames/guava_fresh_02_real_context_frame_000210.jpg,/mnt/d/merged_fruit_36_clean_v2/yolo_fruit_dataset/images/train/guava_fresh_02_real_context_frame_000210.jpg,/mnt/d/merged_fruit_36_clean_v2/yolo_fruit_dataset/labels/train/guava_fresh_02_real_context_frame_000210.txt
train,/mnt/d/merged_fruit_36_clean_v2/yolo_fruit_dataset/_tmp_frames/banana_fresh_01_clear_closeup_frame_000015.jpg,/mnt/d/merged_fruit_36_clean_v2/yolo_fruit_dataset/images/train/banana_fresh_01_clear_closeup_frame_000015.jpg,/mnt/d/merged_fruit_36_clean_v2/yolo_fruit_dataset/labels/train/banana_fresh_01_clear_closeup_frame_000015.txt
train,/mnt/d/merged_fruit_36_clean_v2/yolo_fruit_dataset/_tmp_frames/potato_rotten_02_sprout_green_rotten_frame_000705.jpg,/mnt/d/merged_fruit_36_clean_v2/yolo_fruit_dataset/images/train/potato_rotten_02_sprout_green_rotten_frame_000705.jpg,/mnt/d/merged_fruit_36_clean_v2/yolo_fruit_dataset/labels/train/potato_rotten_02_sprout_green_rotten_frame_000705.txt
train,/mnt/d/merged_fruit_36_clean_v2/yolo_fruit_dataset/_tmp_frames/avocado_rotten_02_black_inside_rotten_frame_000075.jpg,/mnt/d/merged_fruit_36_clean_v2/yolo_fruit_dataset/images/train/avocado_rotten_02_black_inside_rotten_frame_000075.jpg,/mnt/d/merged_fruit_36_clean_v2/yolo_fruit_dataset/labels/train/avocado_rotten_02_black_inside_rotten_frame_000075.txt
train,/mnt/d/merged_fruit_36_clean_v2/yolo_fruit_dataset/_tmp_frames/potato_fresh_01_clear_closeup_frame_000585.jpg,/mnt/d/merged_fruit_36_clean_v2/yolo_fruit_dataset/images/train/potato_fresh_01_clear_closeup_frame_000585.jpg,/mnt/d/merged_fruit_36_clean_v2/yolo_fruit_dataset/labels/train/potato_fresh_01_clear_closeup_frame_000585.txt
train,/mnt/d/merged_fruit_36_clean_v2/yolo_fruit_dataset/_tmp_frames/carrot_fresh_03_hardcase_frame_000030.jpg,/mnt/d/merged_fruit_36_clean_v2/yolo_fruit_dataset/images/train/carrot_fresh_03_hardcase_frame_000030.jpg,/mnt/d/merged_fruit_36_clean_v2/yolo_fruit_dataset/labels/train/carrot_fresh_03_hardcase_frame_000030.txt
train,/mnt/d/merged_fruit_36_clean_v2/yolo_fruit_dataset/_tmp_frames/tomato_fresh_02_real_context_frame_000090.jpg,/mnt/d/merged_fruit_36_clean_v2/yolo_fruit_dataset/images/train/tomato_fresh_02_real_context_frame_000090.jpg,/mnt/d/merged_fruit_36_clean_v2/yolo_fruit_dataset/labels/train/tomato_fresh_02_real_context_frame_000090.txt
train,/mnt/d/merged_fruit_36_clean_v2/yolo_fruit_dataset/_tmp_frames/orange_fresh_01_clear_closeup_frame_000105.jpg,/mnt/d/merged_fruit_36_clean_v2/yolo_fruit_dataset/images/train/orange_fresh_01_clear_closeup_frame_000105.jpg,/mnt/d/merged_fruit_36_clean_v2/yolo_fruit_dataset/labels/train/orange_fresh_01_clear_closeup_frame_000105.txt
train,/mnt/d/merged_fruit_36_clean_v2/yolo_fruit_dataset/_tmp_frames/grape_fresh_02_real_context_frame_001050.jpg,/mnt/d/merged_fruit_36_clean_v2/yolo_fruit_dataset/images/train/grape_fresh_02_real_context_frame_001050.jpg,/mnt/d/merged_fruit_36_clean_v2/yolo_fruit_dataset/labels/train/grape_fresh_02_real_context_frame_001050.txt
train,/mnt/d/merged_fruit_36_clean_v2/yolo_fruit_dataset/_tmp_frames/carambola_fresh_01_clear_closeup_frame_000270.jpg,/mnt/d/merged_fruit_36_clean_v2/yolo_fruit_dataset/images/train/carambola_fresh_01_clear_closeup_frame_000270.jpg,/mnt/d/merged_fruit_36_clean_v2/yolo_fruit_dataset/labels/train/carambola_fresh_01_clear_closeup_frame_000270.txt
train,/mnt/d/merged_fruit_36_clean_v2/yolo_fruit_dataset/_tmp_frames/carambola_rotten_02_mold_bruised_rotten_frame_001065.jpg,/mnt/d/merged_fruit_36_clean_v2/yolo_fruit_dataset/images/train/carambola_rotten_02_mold_bruised_rotten_frame_001065.jpg,/mnt/d/merged_fruit_36_clean_v2/yolo_fruit_dataset/labels/train/carambola_rotten_02_mold_bruised_rotten_frame_001065.txt
train,/mnt/d/merged_fruit_36_clean_v2/yolo_fruit_dataset/_tmp_frames/avocado_fresh_01_clear_closeup_frame_000240.jpg,/mnt/d/merged_fruit_36_clean_v2/yolo_fruit_dataset/images/train/avocado_fresh_01_clear_closeup_frame_000240.jpg,/mnt/d/merged_fruit_36_clean_v2/yolo_fruit_dataset/labels/train/avocado_fresh_01_clear_closeup_frame_000240.txt
train,/mnt/d/merged_fruit_36_clean_v2/yolo_fruit_dataset/_tmp_frames/tomato_rotten_03_hardcase_rotten_frame_000315.jpg,/mnt/d/merged_fruit_36_clean_v2/yolo_fruit_dataset/images/train/tomato_rotten_03_hardcase_rotten_frame_000315.jpg,/mnt/d/merged_fruit_36_clean_v2/yolo_fruit_dataset/labels/train/tomato_rotten_03_hardcase_rotten_frame_000315.txt
train,/mnt/d/merged_fruit_36_clean_v2/yolo_fruit_dataset/_tmp_frames/lemon_fresh_03_cut_open_hardcase_frame_000495.jpg,/mnt/d/merged_fruit_36_clean_v2/yolo_fruit_dataset/images/train/lemon_fresh_03_cut_open_hardcase_frame_000495.jpg,/mnt/d/merged_fruit_36_clean_v2/yolo_fruit_dataset/labels/train/lemon_fresh_03_cut_open_hardcase_frame_000495.txt
train,/mnt/d/merged_fruit_36_clean_v2/yolo_fruit_dataset/_tmp_frames/peach_rotten_02_mold_bruised_rotten_frame_000315.jpg,/mnt/d/merged_fruit_36_clean_v2/yolo_fruit_dataset/images/train/peach_rotten_02_mold_bruised_rotten_frame_000315.jpg,/mnt/d/merged_fruit_36_clean_v2/yolo_fruit_dataset/labels/train/peach_rotten_02_mold_bruised_rotten_frame_000315.txt
train,/mnt/d/merged_fruit_36_clean_v2/yolo_fruit_dataset/_tmp_frames/mango_fresh_01_clear_closeup_frame_000030.jpg,/mnt/d/merged_fruit_36_clean_v2/yolo_fruit_dataset/images/train/mango_fresh_01_clear_closeup_frame_000030.jpg,/mnt/d/merged_fruit_36_clean_v2/yolo_fruit_dataset/labels/train/mango_fresh_01_clear_closeup_frame_000030.txt
train,/mnt/d/merged_fruit_36_clean_v2/yolo_fruit_dataset/_tmp_frames/apple_fresh_01_clear_closeup_frame_000105.jpg,/mnt/d/merged_fruit_36_clean_v2/yolo_fruit_dataset/images/train/apple_fresh_01_clear_closeup_frame_000105.jpg,/mnt/d/merged_fruit_36_clean_v2/yolo_fruit_dataset/labels/train/apple_fresh_01_clear_closeup_frame_000105.txt
train,/mnt/d/merged_fruit_36_clean_v2/yolo_fruit_dataset/_tmp_frames/bellpepper_rotten_03_hardcase_rotten_frame_000390.jpg,/mnt/d/merged_fruit_36_clean_v2/yolo_fruit_dataset/images/train/bellpepper_rotten_03_hardcase_rotten_frame_000390.jpg,/mnt/d/merged_fruit_36_clean_v2/yolo_fruit_dataset/labels/train/bellpepper_rotten_03_hardcase_rotten_frame_000390.txt
train,/mnt/d/merged_fruit_36_clean_v2/yolo_fruit_dataset/_tmp_frames/grape_fresh_02_real_context_frame_001425.jpg,/mnt/d/merged_fruit_36_clean_v2/yolo_fruit_dataset/images/train/grape_fresh_02_real_context_frame_001425.jpg,/mnt/d/merged_fruit_36_clean_v2/yolo_fruit_dataset/labels/train/grape_fresh_02_real_context_frame_001425.txt
train,/mnt/d/merged_fruit_36_clean_v2/yolo_fruit_dataset/_tmp_frames/carrot_rotten_02_mold_soft_rotten_frame_000435.jpg,/mnt/d/merged_fruit_36_clean_v2/yolo_fruit_dataset/images/train/carrot_rotten_02_mold_soft_rotten_frame_000435.jpg,/mnt/d/merged_fruit_36_clean_v2/yolo_fruit_dataset/labels/train/carrot_rotten_02_mold_soft_rotten_frame_000435.txt
train,/mnt/d/merged_fruit_36_clean_v2/yolo_fruit_dataset/_tmp_frames/apple_rotten_01_mild_rotten_frame_000450.jpg,/mnt/d/merged_fruit_36_clean_v2/yolo_fruit_dataset/images/train/apple_rotten_01_mild_rotten_frame_000450.jpg,/mnt/d/merged_fruit_36_clean_v2/yolo_fruit_dataset/labels/train/apple_rotten_01_mild_rotten_frame_000450.txt
train,/mnt/d/merged_fruit_36_clean_v2/yolo_fruit_dataset/_tmp_frames/carambola_fresh_02_real_context_frame_000225.jpg,/mnt/d/merged_fruit_36_clean_v2/yolo_fruit_dataset/images/train/carambola_fresh_02_real_context_frame_000225.jpg,/mnt/d/merged_fruit_36_clean_v2/yolo_fruit_dataset/labels/train/carambola_fresh_02_real_context_frame_000225.txt
train,/mnt/d/merged_fruit_36_clean_v2/yolo_fruit_dataset/_tmp_frames/grape_fresh_03_on_tree_hardcase_frame_000345.jpg,/mnt/d/merged_fruit_36_clean_v2/yolo_fruit_dataset/images/train/grape_fresh_03_on_tree_hardcase_frame_000345.jpg,/mnt/d/merged_fruit_36_clean_v2/yolo_fruit_dataset/labels/train/grape_fresh_03_on_tree_hardcase_frame_000345.txt
train,/mnt/d/merged_fruit_36_clean_v2/yolo_fruit_dataset/_tmp_frames/peach_fresh_01_clear_closeup_frame_000270.jpg,/mnt/d/merged_fruit_36_clean_v2/yolo_fruit_dataset/images/train/peach_fresh_01_clear_closeup_frame_000270.jpg,/mnt/d/merged_fruit_36_clean_v2/yolo_fruit_dataset/labels/train/peach_fresh_01_clear_closeup_frame_000270.txt
train,/mnt/d/merged_fruit_36_clean_v2/yolo_fruit_dataset/_tmp_frames/cucumber_fresh_01_clear_closeup_frame_000465.jpg,/mnt/d/merged_fruit_36_clean_v2/yolo_fruit_dataset/images/train/cucumber_fresh_01_clear_closeup_frame_000465.jpg,/mnt/d/merged_fruit_36_clean_v2/yolo_fruit_dataset/labels/train/cucumber_fresh_01_clear_closeup_frame_000465.txt
train,/mnt/d/merged_fruit_36_clean_v2/yolo_fruit_dataset/_tmp_frames/bellpepper_rotten_03_hardcase_rotten_frame_000585.jpg,/mnt/d/merged_fruit_36_clean_v2/yolo_fruit_dataset/images/train/bellpepper_rotten_03_hardcase_rotten_frame_000585.jpg,/mnt/d/merged_fruit_36_clean_v2/yolo_fruit_dataset/labels/train/bellpepper_rotten_03_hardcase_rotten_frame_000585.txt
train,/mnt/d/merged_fruit_36_clean_v2/yolo_fruit_dataset/_tmp_frames/apple_fresh_02_real_context_frame_000795.jpg,/mnt/d/merged_fruit_36_clean_v2/yolo_fruit_dataset/images/train/apple_fresh_02_real_context_frame_000795.jpg,/mnt/d/merged_fruit_36_clean_v2/yolo_fruit_dataset/labels/train/apple_fresh_02_real_context_frame_000795.txt
train,/mnt/d/merged_fruit_36_clean_v2/yolo_fruit_dataset/_tmp_frames/jujube_fresh_01_clear_closeup_frame_000135.jpg,/mnt/d/merged_fruit_36_clean_v2/yolo_fruit_dataset/images/train/jujube_fresh_01_clear_closeup_frame_000135.jpg,/mnt/d/merged_fruit_36_clean_v2/yolo_fruit_dataset/labels/train/jujube_fresh_01_clear_closeup_frame_000135.txt
train,/mnt/d/merged_fruit_36_clean_v2/yolo_fruit_dataset/_tmp_frames/grape_fresh_01_clear_closeup_frame_000420.jpg,/mnt/d/merged_fruit_36_clean_v2/yolo_fruit_dataset/images/train/grape_fresh_01_clear_closeup_frame_000420.jpg,/mnt/d/merged_fruit_36_clean_v2/yolo_fruit_dataset/labels/train/grape_fresh_01_clear_closeup_frame_000420.txt
train,/mnt/d/merged_fruit_36_clean_v2/yolo_fruit_dataset/_tmp_frames/jujube_fresh_03_on_tree_hardcase_frame_000045.jpg,/mnt/d/merged_fruit_36_clean_v2/yolo_fruit_dataset/images/train/jujube_fresh_03_on_tree_hardcase_frame_000045.jpg,/mnt/d/merged_fruit_36_clean_v2/yolo_fruit_dataset/labels/train/jujube_fresh_03_on_tree_hardcase_frame_000045.txt
train,/mnt/d/merged_fruit_36_clean_v2/yolo_fruit_dataset/_tmp_frames/avocado_fresh_02_real_context_frame_000180.jpg,/mnt/d/merged_fruit_36_clean_v2/yolo_fruit_dataset/images/train/avocado_fresh_02_real_context_frame_000180.jpg,/mnt/d/merged_fruit_36_clean_v2/yolo_fruit_dataset/labels/train/avocado_fresh_02_real_context_frame_000180.txt
train,/mnt/d/merged_fruit_36_clean_v2/yolo_fruit_dataset/_tmp_frames/strawberry_rotten_01_mild_rotten_frame_000105.jpg,/mnt/d/merged_fruit_36_clean_v2/yolo_fruit_dataset/images/train/strawberry_rotten_01_mild_rotten_frame_000105.jpg,/mnt/d/merged_fruit_36_clean_v2/yolo_fruit_dataset/labels/train/strawberry_rotten_01_mild_rotten_frame_000105.txt
train,/mnt/d/merged_fruit_36_clean_v2/yolo_fruit_dataset/_tmp_frames/grape_fresh_01_clear_closeup_frame_001470.jpg,/mnt/d/merged_fruit_36_clean_v2/yolo_fruit_dataset/images/train/grape_fresh_01_clear_closeup_frame_001470.jpg,/mnt/d/merged_fruit_36_clean_v2/yolo_fruit_dataset/labels/train/grape_fresh_01_clear_closeup_frame_001470.txt
train,/mnt/d/merged_fruit_36_clean_v2/yolo_fruit_dataset/_tmp_frames/grape_rotten_01_mild_rotten_frame_000390.jpg,/mnt/d/merged_fruit_36_clean_v2/yolo_fruit_dataset/images/train/grape_rotten_01_mild_rotten_frame_000390.jpg,/mnt/d/merged_fruit_36_clean_v2/yolo_fruit_dataset/labels/train/grape_rotten_01_mild_rotten_frame_000390.txt
train,/mnt/d/merged_fruit_36_clean_v2/yolo_fruit_dataset/_tmp_frames/pomegranate_fresh_02_real_context_frame_000090.jpg,/mnt/d/merged_fruit_36_clean_v2/yolo_fruit_dataset/images/train/pomegranate_fresh_02_real_context_frame_000090.jpg,/mnt/d/merged_fruit_36_clean_v2/yolo_fruit_dataset/labels/train/pomegranate_fresh_02_real_context_frame_000090.txt
train,/mnt/d/merged_fruit_36_clean_v2/yolo_fruit_dataset/_tmp_frames/bellpepper_fresh_02_real_context_frame_000300.jpg,/mnt/d/merged_fruit_36_clean_v2/yolo_fruit_dataset/images/train/bellpepper_fresh_02_real_context_frame_000300.jpg,/mnt/d/merged_fruit_36_clean_v2/yolo_fruit_dataset/labels/train/bellpepper_fresh_02_real_context_frame_000300.txt
train,/mnt/d/merged_fruit_36_clean_v2/yolo_fruit_dataset/_tmp_frames/guava_rotten_02_mold_bruised_rotten_frame_000135.jpg,/mnt/d/merged_fruit_36_clean_v2/yolo_fruit_dataset/images/train/guava_rotten_02_mold_bruised_rotten_frame_000135.jpg,/mnt/d/merged_fruit_36_clean_v2/yolo_fruit_dataset/labels/train/guava_rotten_02_mold_bruised_rotten_frame_000135.txt
train,/mnt/d/merged_fruit_36_clean_v2/yolo_fruit_dataset/_tmp_frames/grape_rotten_02_mold_bruised_rotten_frame_000165.jpg,/mnt/d/merged_fruit_36_clean_v2/yolo_fruit_dataset/images/train/grape_rotten_02_mold_bruised_rotten_frame_000165.jpg,/mnt/d/merged_fruit_36_clean_v2/yolo_fruit_dataset/labels/train/grape_rotten_02_mold_bruised_rotten_frame_000165.txt
train,/mnt/d/merged_fruit_36_clean_v2/yolo_fruit_dataset/_tmp_frames/potato_fresh_03_soil_hardcase_frame_000090.jpg,/mnt/d/merged_fruit_36_clean_v2/yolo_fruit_dataset/images/train/potato_fresh_03_soil_hardcase_frame_000090.jpg,/mnt/d/merged_fruit_36_clean_v2/yolo_fruit_dataset/labels/train/potato_fresh_03_soil_hardcase_frame_000090.txt
train,/mnt/d/merged_fruit_36_clean_v2/yolo_fruit_dataset/_tmp_frames/strawberry_rotten_03_hardcase_rotten_frame_000630.jpg,/mnt/d/merged_fruit_36_clean_v2/yolo_fruit_dataset/images/train/strawberry_rotten_03_hardcase_rotten_frame_000630.jpg,/mnt/d/merged_fruit_36_clean_v2/yolo_fruit_dataset/labels/train/strawberry_rotten_03_hardcase_rotten_frame_000630.txt
train,/mnt/d/merged_fruit_36_clean_v2/yolo_fruit_dataset/_tmp_frames/pomegranate_rotten_02_mold_dark_rotten_frame_000105.jpg,/mnt/d/merged_fruit_36_clean_v2/yolo_fruit_dataset/images/train/pomegranate_rotten_02_mold_dark_rotten_frame_000105.jpg,/mnt/d/merged_fruit_36_clean_v2/yolo_fruit_dataset/labels/train/pomegranate_rotten_02_mold_dark_rotten_frame_000105.txt
train,/mnt/d/merged_fruit_36_clean_v2/yolo_fruit_dataset/_tmp_frames/lemon_fresh_03_cut_open_hardcase_frame_000750.jpg,/mnt/d/merged_fruit_36_clean_v2/yolo_fruit_dataset/images/train/lemon_fresh_03_cut_open_hardcase_frame_000750.jpg,/mnt/d/merged_fruit_36_clean_v2/yolo_fruit_dataset/labels/train/lemon_fresh_03_cut_open_hardcase_frame_000750.txt
train,/mnt/d/merged_fruit_36_clean_v2/yolo_fruit_dataset/_tmp_frames/grape_rotten_01_mild_rotten_frame_000585.jpg,/mnt/d/merged_fruit_36_clean_v2/yolo_fruit_dataset/images/train/grape_rotten_01_mild_rotten_frame_000585.jpg,/mnt/d/merged_fruit_36_clean_v2/yolo_fruit_dataset/labels/train/grape_rotten_01_mild_rotten_frame_000585.txt
train,/mnt/d/merged_fruit_36_clean_v2/yolo_fruit_dataset/_tmp_frames/peach_fresh_01_clear_closeup_frame_000360.jpg,/mnt/d/merged_fruit_36_clean_v2/yolo_fruit_dataset/images/train/peach_fresh_01_clear_closeup_frame_000360.jpg,/mnt/d/merged_fruit_36_clean_v2/yolo_fruit_dataset/labels/train/peach_fresh_01_clear_closeup_frame_000360.txt
train,/mnt/d/merged_fruit_36_clean_v2/yolo_fruit_dataset/_tmp_frames/apple_rotten_01_mild_rotten_frame_000660.jpg,/mnt/d/merged_fruit_36_clean_v2/yolo_fruit_dataset/images/train/apple_rotten_01_mild_rotten_frame_000660.jpg,/mnt/d/merged_fruit_36_clean_v2/yolo_fruit_dataset/labels/train/apple_rotten_01_mild_rotten_frame_000660.txt
train,/mnt/d/merged_fruit_36_clean_v2/yolo_fruit_dataset/_tmp_frames/banana_fresh_03_hardcase_frame_000345.jpg,/mnt/d/merged_fruit_36_clean_v2/yolo_fruit_dataset/images/train/banana_fresh_03_hardcase_frame_000345.jpg,/mnt/d/merged_fruit_36_clean_v2/yolo_fruit_dataset/labels/train/banana_fresh_03_hardcase_frame_000345.txt
train,/mnt/d/merged_fruit_36_clean_v2/yolo_fruit_dataset/_tmp_frames/guava_fresh_01_clear_closeup_frame_000180.jpg,/mnt/d/merged_fruit_36_clean_v2/yolo_fruit_dataset/images/train/guava_fresh_01_clear_closeup_frame_000180.jpg,/mnt/d/merged_fruit_36_clean_v2/yolo_fruit_dataset/labels/train/guava_fresh_01_clear_closeup_frame_000180.txt
train,/mnt/d/merged_fruit_36_clean_v2/yolo_fruit_dataset/_tmp_frames/carambola_rotten_01_mild_rotten_frame_000135.jpg,/mnt/d/merged_fruit_36_clean_v2/yolo_fruit_dataset/images/train/carambola_rotten_01_mild_rotten_frame_000135.jpg,/mnt/d/merged_fruit_36_clean_v2/yolo_fruit_dataset/labels/train/carambola_rotten_01_mild_rotten_frame_000135.txt
train,/mnt/d/merged_fruit_36_clean_v2/yolo_fruit_dataset/_tmp_frames/carambola_fresh_03_on_tree_hardcase_frame_000090.jpg,/mnt/d/merged_fruit_36_clean_v2/yolo_fruit_dataset/images/train/carambola_fresh_03_on_tree_hardcase_frame_000090.jpg,/mnt/d/merged_fruit_36_clean_v2/yolo_fruit_dataset/labels/train/carambola_fresh_03_on_tree_hardcase_frame_000090.txt
train,/mnt/d/merged_fruit_36_clean_v2/yolo_fruit_dataset/_tmp_frames/orange_rotten_01_mild_rotten_frame_000135.jpg,/mnt/d/merged_fruit_36_clean_v2/yolo_fruit_dataset/images/train/orange_rotten_01_mild_rotten_frame_000135.jpg,/mnt/d/merged_fruit_36_clean_v2/yolo_fruit_dataset/labels/train/orange_rotten_01_mild_rotten_frame_000135.txt
train,/mnt/d/merged_fruit_36_clean_v2/yolo_fruit_dataset/_tmp_frames/grape_rotten_01_mild_rotten_frame_000180.jpg,/mnt/d/merged_fruit_36_clean_v2/yolo_fruit_dataset/images/train/grape_rotten_01_mild_rotten_frame_000180.jpg,/mnt/d/merged_fruit_36_clean_v2/yolo_fruit_dataset/labels/train/grape_rotten_01_mild_rotten_frame_000180.txt
train,/mnt/d/merged_fruit_36_clean_v2/yolo_fruit_dataset/_tmp_frames/peach_rotten_02_mold_bruised_rotten_frame_000150.jpg,/mnt/d/merged_fruit_36_clean_v2/yolo_fruit_dataset/images/train/peach_rotten_02_mold_bruised_rotten_frame_000150.jpg,/mnt/d/merged_fruit_36_clean_v2/yolo_fruit_dataset/labels/train/peach_rotten_02_mold_bruised_rotten_frame_000150.txt
train,/mnt/d/merged_fruit_36_clean_v2/yolo_fruit_dataset/_tmp_frames/bellpepper_fresh_02_real_context_frame_000615.jpg,/mnt/d/merged_fruit_36_clean_v2/yolo_fruit_dataset/images/train/bellpepper_fresh_02_real_context_frame_000615.jpg,/mnt/d/merged_fruit_36_clean_v2/yolo_fruit_dataset/labels/train/bellpepper_fresh_02_real_context_frame_000615.txt
train,/mnt/d/merged_fruit_36_clean_v2/yolo_fruit_dataset/_tmp_frames/apple_fresh_02_real_context_frame_000315.jpg,/mnt/d/merged_fruit_36_clean_v2/yolo_fruit_dataset/images/train/apple_fresh_02_real_context_frame_000315.jpg,/mnt/d/merged_fruit_36_clean_v2/yolo_fruit_dataset/labels/train/apple_fresh_02_real_context_frame_000315.txt
train,/mnt/d/merged_fruit_36_clean_v2/yolo_fruit_dataset/_tmp_frames/tomato_rotten_01_mild_rotten_frame_000255.jpg,/mnt/d/merged_fruit_36_clean_v2/yolo_fruit_dataset/images/train/tomato_rotten_01_mild_rotten_frame_000255.jpg,/mnt/d/merged_fruit_36_clean_v2/yolo_fruit_dataset/labels/train/tomato_rotten_01_mild_rotten_frame_000255.txt
train,/mnt/d/merged_fruit_36_clean_v2/yolo_fruit_dataset/_tmp_frames/strawberry_rotten_01_mild_rotten_frame_000150.jpg,/mnt/d/merged_fruit_36_clean_v2/yolo_fruit_dataset/images/train/strawberry_rotten_01_mild_rotten_frame_000150.jpg,/mnt/d/merged_fruit_36_clean_v2/yolo_fruit_dataset/labels/train/strawberry_rotten_01_mild_rotten_frame_000150.txt
train,/mnt/d/merged_fruit_36_clean_v2/yolo_fruit_dataset/_tmp_frames/bellpepper_fresh_02_real_context_frame_000600.jpg,/mnt/d/merged_fruit_36_clean_v2/yolo_fruit_dataset/images/train/bellpepper_fresh_02_real_context_frame_000600.jpg,/mnt/d/merged_fruit_36_clean_v2/yolo_fruit_dataset/labels/train/bellpepper_fresh_02_real_context_frame_000600.txt
train,/mnt/d/merged_fruit_36_clean_v2/yolo_fruit_dataset/_tmp_frames/potato_rotten_02_sprout_green_rotten_frame_000375.jpg,/mnt/d/merged_fruit_36_clean_v2/yolo_fruit_dataset/images/train/potato_rotten_02_sprout_green_rotten_frame_000375.jpg,/mnt/d/merged_fruit_36_clean_v2/yolo_fruit_dataset/labels/train/potato_rotten_02_sprout_green_rotten_frame_000375.txt
train,/mnt/d/merged_fruit_36_clean_v2/yolo_fruit_dataset/_tmp_frames/lemon_fresh_03_cut_open_hardcase_frame_000390.jpg,/mnt/d/merged_fruit_36_clean_v2/yolo_fruit_dataset/images/train/lemon_fresh_03_cut_open_hardcase_frame_000390.jpg,/mnt/d/merged_fruit_36_clean_v2/yolo_fruit_dataset/labels/train/lemon_fresh_03_cut_open_hardcase_frame_000390.txt
train,/mnt/d/merged_fruit_36_clean_v2/yolo_fruit_dataset/_tmp_frames/guava_rotten_02_mold_bruised_rotten_frame_000285.jpg,/mnt/d/merged_fruit_36_clean_v2/yolo_fruit_dataset/images/train/guava_rotten_02_mold_bruised_rotten_frame_000285.jpg,/mnt/d/merged_fruit_36_clean_v2/yolo_fruit_dataset/labels/train/guava_rotten_02_mold_bruised_rotten_frame_000285.txt
train,/mnt/d/merged_fruit_36_clean_v2/yolo_fruit_dataset/_tmp_frames/orange_rotten_02_mold_soft_rotten_frame_000645.jpg,/mnt/d/merged_fruit_36_clean_v2/yolo_fruit_dataset/images/train/orange_rotten_02_mold_soft_rotten_frame_000645.jpg,/mnt/d/merged_fruit_36_clean_v2/yolo_fruit_dataset/labels/train/orange_rotten_02_mold_soft_rotten_frame_000645.txt
train,/mnt/d/merged_fruit_36_clean_v2/yolo_fruit_dataset/_tmp_frames/guava_fresh_01_clear_closeup_frame_000285.jpg,/mnt/d/merged_fruit_36_clean_v2/yolo_fruit_dataset/images/train/guava_fresh_01_clear_closeup_frame_000285.jpg,/mnt/d/merged_fruit_36_clean_v2/yolo_fruit_dataset/labels/train/guava_fresh_01_clear_closeup_frame_000285.txt
train,/mnt/d/merged_fruit_36_clean_v2/yolo_fruit_dataset/_tmp_frames/tomato_fresh_01_clear_closeup_frame_000180.jpg,/mnt/d/merged_fruit_36_clean_v2/yolo_fruit_dataset/images/train/tomato_fresh_01_clear_closeup_frame_000180.jpg,/mnt/d/merged_fruit_36_clean_v2/yolo_fruit_dataset/labels/train/tomato_fresh_01_clear_closeup_frame_000180.txt
train,/mnt/d/merged_fruit_36_clean_v2/yolo_fruit_dataset/_tmp_frames/grape_fresh_02_real_context_frame_000180.jpg,/mnt/d/merged_fruit_36_clean_v2/yolo_fruit_dataset/images/train/grape_fresh_02_real_context_frame_000180.jpg,/mnt/d/merged_fruit_36_clean_v2/yolo_fruit_dataset/labels/train/grape_fresh_02_real_context_frame_000180.txt
train,/mnt/d/merged_fruit_36_clean_v2/yolo_fruit_dataset/_tmp_frames/grape_fresh_02_real_context_frame_000135.jpg,/mnt/d/merged_fruit_36_clean_v2/yolo_fruit_dataset/images/train/grape_fresh_02_real_context_frame_000135.jpg,/mnt/d/merged_fruit_36_clean_v2/yolo_fruit_dataset/labels/train/grape_fresh_02_real_context_frame_000135.txt
train,/mnt/d/merged_fruit_36_clean_v2/yolo_fruit_dataset/_tmp_frames/avocado_rotten_03_hardcase_rotten_frame_000105.jpg,/mnt/d/merged_fruit_36_clean_v2/yolo_fruit_dataset/images/train/avocado_rotten_03_hardcase_rotten_frame_000105.jpg,/mnt/d/merged_fruit_36_clean_v2/yolo_fruit_dataset/labels/train/avocado_rotten_03_hardcase_rotten_frame_000105.txt
train,/mnt/d/merged_fruit_36_clean_v2/yolo_fruit_dataset/_tmp_frames/carambola_fresh_02_real_context_frame_000180.jpg,/mnt/d/merged_fruit_36_clean_v2/yolo_fruit_dataset/images/train/carambola_fresh_02_real_context_frame_000180.jpg,/mnt/d/merged_fruit_36_clean_v2/yolo_fruit_dataset/labels/train/carambola_fresh_02_real_context_frame_000180.txt
train,/mnt/d/merged_fruit_36_clean_v2/yolo_fruit_dataset/_tmp_frames/guava_rotten_01_mild_rotten_frame_000270.jpg,/mnt/d/merged_fruit_36_clean_v2/yolo_fruit_dataset/images/train/guava_rotten_01_mild_rotten_frame_000270.jpg,/mnt/d/merged_fruit_36_clean_v2/yolo_fruit_dataset/labels/train/guava_rotten_01_mild_rotten_frame_000270.txt
train,/mnt/d/merged_fruit_36_clean_v2/yolo_fruit_dataset/_tmp_frames/banana_rotten_02_black_bruised_rotten_frame_000180.jpg,/mnt/d/merged_fruit_36_clean_v2/yolo_fruit_dataset/images/train/banana_rotten_02_black_bruised_rotten_frame_000180.jpg,/mnt/d/merged_fruit_36_clean_v2/yolo_fruit_dataset/labels/train/banana_rotten_02_black_bruised_rotten_frame_000180.txt
train,/mnt/d/merged_fruit_36_clean_v2/yolo_fruit_dataset/_tmp_frames/potato_fresh_01_clear_closeup_frame_000270.jpg,/mnt/d/merged_fruit_36_clean_v2/yolo_fruit_dataset/images/train/potato_fresh_01_clear_closeup_frame_000270.jpg,/mnt/d/merged_fruit_36_clean_v2/yolo_fruit_dataset/labels/train/potato_fresh_01_clear_closeup_frame_000270.txt
train,/mnt/d/merged_fruit_36_clean_v2/yolo_fruit_dataset/_tmp_frames/tomato_rotten_03_hardcase_rotten_frame_000135.jpg,/mnt/d/merged_fruit_36_clean_v2/yolo_fruit_dataset/images/train/tomato_rotten_03_hardcase_rotten_frame_000135.jpg,/mnt/d/merged_fruit_36_clean_v2/yolo_fruit_dataset/labels/train/tomato_rotten_03_hardcase_rotten_frame_000135.txt
train,/mnt/d/merged_fruit_36_clean_v2/yolo_fruit_dataset/_tmp_frames/banana_fresh_03_hardcase_frame_000945.jpg,/mnt/d/merged_fruit_36_clean_v2/yolo_fruit_dataset/images/train/banana_fresh_03_hardcase_frame_000945.jpg,/mnt/d/merged_fruit_36_clean_v2/yolo_fruit_dataset/labels/train/banana_fresh_03_hardcase_frame_000945.txt
train,/mnt/d/merged_fruit_36_clean_v2/yolo_fruit_dataset/_tmp_frames/peach_fresh_01_clear_closeup_frame_000345.jpg,/mnt/d/merged_fruit_36_clean_v2/yolo_fruit_dataset/images/train/peach_fresh_01_clear_closeup_frame_000345.jpg,/mnt/d/merged_fruit_36_clean_v2/yolo_fruit_dataset/labels/train/peach_fresh_01_clear_closeup_frame_000345.txt
train,/mnt/d/merged_fruit_36_clean_v2/yolo_fruit_dataset/_tmp_frames/potato_rotten_02_sprout_green_rotten_frame_000630.jpg,/mnt/d/merged_fruit_36_clean_v2/yolo_fruit_dataset/images/train/potato_rotten_02_sprout_green_rotten_frame_000630.jpg,/mnt/d/merged_fruit_36_clean_v2/yolo_fruit_dataset/labels/train/potato_rotten_02_sprout_green_rotten_frame_000630.txt
train,/mnt/d/merged_fruit_36_clean_v2/yolo_fruit_dataset/_tmp_frames/grape_fresh_03_on_tree_hardcase_frame_000600.jpg,/mnt/d/merged_fruit_36_clean_v2/yolo_fruit_dataset/images/train/grape_fresh_03_on_tree_hardcase_frame_000600.jpg,/mnt/d/merged_fruit_36_clean_v2/yolo_fruit_dataset/labels/train/grape_fresh_03_on_tree_hardcase_frame_000600.txt
train,/mnt/d/merged_fruit_36_clean_v2/yolo_fruit_dataset/_tmp_frames/potato_fresh_01_clear_closeup_frame_000540.jpg,/mnt/d/merged_fruit_36_clean_v2/yolo_fruit_dataset/images/train/potato_fresh_01_clear_closeup_frame_000540.jpg,/mnt/d/merged_fruit_36_clean_v2/yolo_fruit_dataset/labels/train/potato_fresh_01_clear_closeup_frame_000540.txt
train,/mnt/d/merged_fruit_36_clean_v2/yolo_fruit_dataset/_tmp_frames/avocado_fresh_03_cut_open_hardcase_frame_000015.jpg,/mnt/d/merged_fruit_36_clean_v2/yolo_fruit_dataset/images/train/avocado_fresh_03_cut_open_hardcase_frame_000015.jpg,/mnt/d/merged_fruit_36_clean_v2/yolo_fruit_dataset/labels/train/avocado_fresh_03_cut_open_hardcase_frame_000015.txt
train,/mnt/d/merged_fruit_36_clean_v2/yolo_fruit_dataset/_tmp_frames/banana_rotten_01_mild_rotten_frame_000075.jpg,/mnt/d/merged_fruit_36_clean_v2/yolo_fruit_dataset/images/train/banana_rotten_01_mild_rotten_frame_000075.jpg,/mnt/d/merged_fruit_36_clean_v2/yolo_fruit_dataset/labels/train/banana_rotten_01_mild_rotten_frame_000075.txt
train,/mnt/d/merged_fruit_36_clean_v2/yolo_fruit_dataset/_tmp_frames/pomegranate_fresh_01_clear_closeup_frame_000000.jpg,/mnt/d/merged_fruit_36_clean_v2/yolo_fruit_dataset/images/train/pomegranate_fresh_01_clear_closeup_frame_000000.jpg,/mnt/d/merged_fruit_36_clean_v2/yolo_fruit_dataset/labels/train/pomegranate_fresh_01_clear_closeup_frame_000000.txt
train,/mnt/d/merged_fruit_36_clean_v2/yolo_fruit_dataset/_tmp_frames/grape_fresh_02_real_context_frame_000615.jpg,/mnt/d/merged_fruit_36_clean_v2/yolo_fruit_dataset/images/train/grape_fresh_02_real_context_frame_000615.jpg,/mnt/d/merged_fruit_36_clean_v2/yolo_fruit_dataset/labels/train/grape_fresh_02_real_context_frame_000615.txt
train,/mnt/d/merged_fruit_36_clean_v2/yolo_fruit_dataset/_tmp_frames/apple_fresh_02_real_context_frame_000150.jpg,/mnt/d/merged_fruit_36_clean_v2/yolo_fruit_dataset/images/train/apple_fresh_02_real_context_frame_000150.jpg,/mnt/d/merged_fruit_36_clean_v2/yolo_fruit_dataset/labels/train/apple_fresh_02_real_context_frame_000150.txt
train,/mnt/d/merged_fruit_36_clean_v2/yolo_fruit_dataset/_tmp_frames/tomato_rotten_03_hardcase_rotten_frame_000030.jpg,/mnt/d/merged_fruit_36_clean_v2/yolo_fruit_dataset/images/train/tomato_rotten_03_hardcase_rotten_frame_000030.jpg,/mnt/d/merged_fruit_36_clean_v2/yolo_fruit_dataset/labels/train/tomato_rotten_03_hardcase_rotten_frame_000030.txt
train,/mnt/d/merged_fruit_36_clean_v2/yolo_fruit_dataset/_tmp_frames/banana_fresh_03_hardcase_frame_000375.jpg,/mnt/d/merged_fruit_36_clean_v2/yolo_fruit_dataset/images/train/banana_fresh_03_hardcase_frame_000375.jpg,/mnt/d/merged_fruit_36_clean_v2/yolo_fruit_dataset/labels/train/banana_fresh_03_hardcase_frame_000375.txt
train,/mnt/d/merged_fruit_36_clean_v2/yolo_fruit_dataset/_tmp_frames/banana_rotten_01_mild_rotten_frame_000345.jpg,/mnt/d/merged_fruit_36_clean_v2/yolo_fruit_dataset/images/train/banana_rotten_01_mild_rotten_frame_000345.jpg,/mnt/d/merged_fruit_36_clean_v2/yolo_fruit_dataset/labels/train/banana_rotten_01_mild_rotten_frame_000345.txt
train,/mnt/d/merged_fruit_36_clean_v2/yolo_fruit_dataset/_tmp_frames/apple_fresh_02_real_context_frame_000480.jpg,/mnt/d/merged_fruit_36_clean_v2/yolo_fruit_dataset/images/train/apple_fresh_02_real_context_frame_000480.jpg,/mnt/d/merged_fruit_36_clean_v2/yolo_fruit_dataset/labels/train/apple_fresh_02_real_context_frame_000480.txt
train,/mnt/d/merged_fruit_36_clean_v2/yolo_fruit_dataset/_tmp_frames/guava_fresh_03_on_tree_hardcase_frame_000525.jpg,/mnt/d/merged_fruit_36_clean_v2/yolo_fruit_dataset/images/train/guava_fresh_03_on_tree_hardcase_frame_000525.jpg,/mnt/d/merged_fruit_36_clean_v2/yolo_fruit_dataset/labels/train/guava_fresh_03_on_tree_hardcase_frame_000525.txt
train,/mnt/d/merged_fruit_36_clean_v2/yolo_fruit_dataset/_tmp_frames/apple_fresh_02_real_context_frame_000765.jpg,/mnt/d/merged_fruit_36_clean_v2/yolo_fruit_dataset/images/train/apple_fresh_02_real_context_frame_000765.jpg,/mnt/d/merged_fruit_36_clean_v2/yolo_fruit_dataset/labels/train/apple_fresh_02_real_context_frame_000765.txt
train,/mnt/d/merged_fruit_36_clean_v2/yolo_fruit_dataset/_tmp_frames/grape_fresh_03_on_tree_hardcase_frame_000045.jpg,/mnt/d/merged_fruit_36_clean_v2/yolo_fruit_dataset/images/train/grape_fresh_03_on_tree_hardcase_frame_000045.jpg,/mnt/d/merged_fruit_36_clean_v2/yolo_fruit_dataset/labels/train/grape_fresh_03_on_tree_hardcase_frame_000045.txt
train,/mnt/d/merged_fruit_36_clean_v2/yolo_fruit_dataset/_tmp_frames/strawberry_fresh_01_clear_closeup_frame_000105.jpg,/mnt/d/merged_fruit_36_clean_v2/yolo_fruit_dataset/images/train/strawberry_fresh_01_clear_closeup_frame_000105.jpg,/mnt/d/merged_fruit_36_clean_v2/yolo_fruit_dataset/labels/train/strawberry_fresh_01_clear_closeup_frame_000105.txt
train,/mnt/d/merged_fruit_36_clean_v2/yolo_fruit_dataset/_tmp_frames/apple_rotten_01_mild_rotten_frame_000435.jpg,/mnt/d/merged_fruit_36_clean_v2/yolo_fruit_dataset/images/train/apple_rotten_01_mild_rotten_frame_000435.jpg,/mnt/d/merged_fruit_36_clean_v2/yolo_fruit_dataset/labels/train/apple_rotten_01_mild_rotten_frame_000435.txt
train,/mnt/d/merged_fruit_36_clean_v2/yolo_fruit_dataset/_tmp_frames/grape_fresh_03_on_tree_hardcase_frame_000000.jpg,/mnt/d/merged_fruit_36_clean_v2/yolo_fruit_dataset/images/train/grape_fresh_03_on_tree_hardcase_frame_000000.jpg,/mnt/d/merged_fruit_36_clean_v2/yolo_fruit_dataset/labels/train/grape_fresh_03_on_tree_hardcase_frame_000000.txt
train,/mnt/d/merged_fruit_36_clean_v2/yolo_fruit_dataset/_tmp_frames/banana_fresh_03_hardcase_frame_001140.jpg,/mnt/d/merged_fruit_36_clean_v2/yolo_fruit_dataset/images/train/banana_fresh_03_hardcase_frame_001140.jpg,/mnt/d/merged_fruit_36_clean_v2/yolo_fruit_dataset/labels/train/banana_fresh_03_hardcase_frame_001140.txt
train,/mnt/d/merged_fruit_36_clean_v2/yolo_fruit_dataset/_tmp_frames/bellpepper_rotten_03_hardcase_rotten_frame_000660.jpg,/mnt/d/merged_fruit_36_clean_v2/yolo_fruit_dataset/images/train/bellpepper_rotten_03_hardcase_rotten_frame_000660.jpg,/mnt/d/merged_fruit_36_clean_v2/yolo_fruit_dataset/labels/train/bellpepper_rotten_03_hardcase_rotten_frame_000660.txt
train,/mnt/d/merged_fruit_36_clean_v2/yolo_fruit_dataset/_tmp_frames/apple_fresh_03_hardcase_frame_000135.jpg,/mnt/d/merged_fruit_36_clean_v2/yolo_fruit_dataset/images/train/apple_fresh_03_hardcase_frame_000135.jpg,/mnt/d/merged_fruit_36_clean_v2/yolo_fruit_dataset/labels/train/apple_fresh_03_hardcase_frame_000135.txt
train,/mnt/d/merged_fruit_36_clean_v2/yolo_fruit_dataset/_tmp_frames/cucumber_fresh_02_real_context_frame_000165.jpg,/mnt/d/merged_fruit_36_clean_v2/yolo_fruit_dataset/images/train/cucumber_fresh_02_real_context_frame_000165.jpg,/mnt/d/merged_fruit_36_clean_v2/yolo_fruit_dataset/labels/train/cucumber_fresh_02_real_context_frame_000165.txt
train,/mnt/d/merged_fruit_36_clean_v2/yolo_fruit_dataset/_tmp_frames/guava_fresh_03_on_tree_hardcase_frame_000375.jpg,/mnt/d/merged_fruit_36_clean_v2/yolo_fruit_dataset/images/train/guava_fresh_03_on_tree_hardcase_frame_000375.jpg,/mnt/d/merged_fruit_36_clean_v2/yolo_fruit_dataset/labels/train/guava_fresh_03_on_tree_hardcase_frame_000375.txt
train,/mnt/d/merged_fruit_36_clean_v2/yolo_fruit_dataset/_tmp_frames/tomato_fresh_01_clear_closeup_frame_000150.jpg,/mnt/d/merged_fruit_36_clean_v2/yolo_fruit_dataset/images/train/tomato_fresh_01_clear_closeup_frame_000150.jpg,/mnt/d/merged_fruit_36_clean_v2/yolo_fruit_dataset/labels/train/tomato_fresh_01_clear_closeup_frame_000150.txt
train,/mnt/d/merged_fruit_36_clean_v2/yolo_fruit_dataset/_tmp_frames/potato_rotten_02_sprout_green_rotten_frame_000450.jpg,/mnt/d/merged_fruit_36_clean_v2/yolo_fruit_dataset/images/train/potato_rotten_02_sprout_green_rotten_frame_000450.jpg,/mnt/d/merged_fruit_36_clean_v2/yolo_fruit_dataset/labels/train/potato_rotten_02_sprout_green_rotten_frame_000450.txt
train,/mnt/d/merged_fruit_36_clean_v2/yolo_fruit_dataset/_tmp_frames/apple_rotten_02_mold_bruised_rotten_frame_000120.jpg,/mnt/d/merged_fruit_36_clean_v2/yolo_fruit_dataset/images/train/apple_rotten_02_mold_bruised_rotten_frame_000120.jpg,/mnt/d/merged_fruit_36_clean_v2/yolo_fruit_dataset/labels/train/apple_rotten_02_mold_bruised_rotten_frame_000120.txt
train,/mnt/d/merged_fruit_36_clean_v2/yolo_fruit_dataset/_tmp_frames/lemon_rotten_01_mild_rotten_frame_000075.jpg,/mnt/d/merged_fruit_36_clean_v2/yolo_fruit_dataset/images/train/lemon_rotten_01_mild_rotten_frame_000075.jpg,/mnt/d/merged_fruit_36_clean_v2/yolo_fruit_dataset/labels/train/lemon_rotten_01_mild_rotten_frame_000075.txt
train,/mnt/d/merged_fruit_36_clean_v2/yolo_fruit_dataset/_tmp_frames/banana_rotten_02_black_bruised_rotten_frame_000060.jpg,/mnt/d/merged_fruit_36_clean_v2/yolo_fruit_dataset/images/train/banana_rotten_02_black_bruised_rotten_frame_000060.jpg,/mnt/d/merged_fruit_36_clean_v2/yolo_fruit_dataset/labels/train/banana_rotten_02_black_bruised_rotten_frame_000060.txt
train,/mnt/d/merged_fruit_36_clean_v2/yolo_fruit_dataset/_tmp_frames/carambola_rotten_02_mold_bruised_rotten_frame_000705.jpg,/mnt/d/merged_fruit_36_clean_v2/yolo_fruit_dataset/images/train/carambola_rotten_02_mold_bruised_rotten_frame_000705.jpg,/mnt/d/merged_fruit_36_clean_v2/yolo_fruit_dataset/labels/train/carambola_rotten_02_mold_bruised_rotten_frame_000705.txt
train,/mnt/d/merged_fruit_36_clean_v2/yolo_fruit_dataset/_tmp_frames/lemon_fresh_03_cut_open_hardcase_frame_000780.jpg,/mnt/d/merged_fruit_36_clean_v2/yolo_fruit_dataset/images/train/lemon_fresh_03_cut_open_hardcase_frame_000780.jpg,/mnt/d/merged_fruit_36_clean_v2/yolo_fruit_dataset/labels/train/lemon_fresh_03_cut_open_hardcase_frame_000780.txt
train,/mnt/d/merged_fruit_36_clean_v2/yolo_fruit_dataset/_tmp_frames/orange_rotten_03_hardcase_rotten_frame_000375.jpg,/mnt/d/merged_fruit_36_clean_v2/yolo_fruit_dataset/images/train/orange_rotten_03_hardcase_rotten_frame_000375.jpg,/mnt/d/merged_fruit_36_clean_v2/yolo_fruit_dataset/labels/train/orange_rotten_03_hardcase_rotten_frame_000375.txt
train,/mnt/d/merged_fruit_36_clean_v2/yolo_fruit_dataset/_tmp_frames/guava_fresh_03_on_tree_hardcase_frame_000465.jpg,/mnt/d/merged_fruit_36_clean_v2/yolo_fruit_dataset/images/train/guava_fresh_03_on_tree_hardcase_frame_000465.jpg,/mnt/d/merged_fruit_36_clean_v2/yolo_fruit_dataset/labels/train/guava_fresh_03_on_tree_hardcase_frame_000465.txt
train,/mnt/d/merged_fruit_36_clean_v2/yolo_fruit_dataset/_tmp_frames/banana_rotten_03_hardcase_rotten_frame_000135.jpg,/mnt/d/merged_fruit_36_clean_v2/yolo_fruit_dataset/images/train/banana_rotten_03_hardcase_rotten_frame_000135.jpg,/mnt/d/merged_fruit_36_clean_v2/yolo_fruit_dataset/labels/train/banana_rotten_03_hardcase_rotten_frame_000135.txt
train,/mnt/d/merged_fruit_36_clean_v2/yolo_fruit_dataset/_tmp_frames/peach_fresh_01_clear_closeup_frame_000165.jpg,/mnt/d/merged_fruit_36_clean_v2/yolo_fruit_dataset/images/train/peach_fresh_01_clear_closeup_frame_000165.jpg,/mnt/d/merged_fruit_36_clean_v2/yolo_fruit_dataset/labels/train/peach_fresh_01_clear_closeup_frame_000165.txt
train,/mnt/d/merged_fruit_36_clean_v2/yolo_fruit_dataset/_tmp_frames/pomegranate_fresh_01_clear_closeup_frame_000195.jpg,/mnt/d/merged_fruit_36_clean_v2/yolo_fruit_dataset/images/train/pomegranate_fresh_01_clear_closeup_frame_000195.jpg,/mnt/d/merged_fruit_36_clean_v2/yolo_fruit_dataset/labels/train/pomegranate_fresh_01_clear_closeup_frame_000195.txt
train,/mnt/d/merged_fruit_36_clean_v2/yolo_fruit_dataset/_tmp_frames/guava_rotten_01_mild_rotten_frame_000090.jpg,/mnt/d/merged_fruit_36_clean_v2/yolo_fruit_dataset/images/train/guava_rotten_01_mild_rotten_frame_000090.jpg,/mnt/d/merged_fruit_36_clean_v2/yolo_fruit_dataset/labels/train/guava_rotten_01_mild_rotten_frame_000090.txt
train,/mnt/d/merged_fruit_36_clean_v2/yolo_fruit_dataset/_tmp_frames/bellpepper_rotten_03_hardcase_rotten_frame_000285.jpg,/mnt/d/merged_fruit_36_clean_v2/yolo_fruit_dataset/images/train/bellpepper_rotten_03_hardcase_rotten_frame_000285.jpg,/mnt/d/merged_fruit_36_clean_v2/yolo_fruit_dataset/labels/train/bellpepper_rotten_03_hardcase_rotten_frame_000285.txt
train,/mnt/d/merged_fruit_36_clean_v2/yolo_fruit_dataset/_tmp_frames/tomato_rotten_01_mild_rotten_frame_000000.jpg,/mnt/d/merged_fruit_36_clean_v2/yolo_fruit_dataset/images/train/tomato_rotten_01_mild_rotten_frame_000000.jpg,/mnt/d/merged_fruit_36_clean_v2/yolo_fruit_dataset/labels/train/tomato_rotten_01_mild_rotten_frame_000000.txt
train,/mnt/d/merged_fruit_36_clean_v2/yolo_fruit_dataset/_tmp_frames/carrot_fresh_02_real_context_frame_000165.jpg,/mnt/d/merged_fruit_36_clean_v2/yolo_fruit_dataset/images/train/carrot_fresh_02_real_context_frame_000165.jpg,/mnt/d/merged_fruit_36_clean_v2/yolo_fruit_dataset/labels/train/carrot_fresh_02_real_context_frame_000165.txt
train,/mnt/d/merged_fruit_36_clean_v2/yolo_fruit_dataset/_tmp_frames/banana_fresh_03_hardcase_frame_000750.jpg,/mnt/d/merged_fruit_36_clean_v2/yolo_fruit_dataset/images/train/banana_fresh_03_hardcase_frame_000750.jpg,/mnt/d/merged_fruit_36_clean_v2/yolo_fruit_dataset/labels/train/banana_fresh_03_hardcase_frame_000750.txt
train,/mnt/d/merged_fruit_36_clean_v2/yolo_fruit_dataset/_tmp_frames/bellpepper_fresh_03_cut_open_hardcase_frame_000375.jpg,/mnt/d/merged_fruit_36_clean_v2/yolo_fruit_dataset/images/train/bellpepper_fresh_03_cut_open_hardcase_frame_000375.jpg,/mnt/d/merged_fruit_36_clean_v2/yolo_fruit_dataset/labels/train/bellpepper_fresh_03_cut_open_hardcase_frame_000375.txt
train,/mnt/d/merged_fruit_36_clean_v2/yolo_fruit_dataset/_tmp_frames/carambola_fresh_03_on_tree_hardcase_frame_000210.jpg,/mnt/d/merged_fruit_36_clean_v2/yolo_fruit_dataset/images/train/carambola_fresh_03_on_tree_hardcase_frame_000210.jpg,/mnt/d/merged_fruit_36_clean_v2/yolo_fruit_dataset/labels/train/carambola_fresh_03_on_tree_hardcase_frame_000210.txt
train,/mnt/d/merged_fruit_36_clean_v2/yolo_fruit_dataset/_tmp_frames/banana_rotten_02_black_bruised_rotten_frame_000300.jpg,/mnt/d/merged_fruit_36_clean_v2/yolo_fruit_dataset/images/train/banana_rotten_02_black_bruised_rotten_frame_000300.jpg,/mnt/d/merged_fruit_36_clean_v2/yolo_fruit_dataset/labels/train/banana_rotten_02_black_bruised_rotten_frame_000300.txt
train,/mnt/d/merged_fruit_36_clean_v2/yolo_fruit_dataset/_tmp_frames/tomato_rotten_03_hardcase_rotten_frame_000345.jpg,/mnt/d/merged_fruit_36_clean_v2/yolo_fruit_dataset/images/train/tomato_rotten_03_hardcase_rotten_frame_000345.jpg,/mnt/d/merged_fruit_36_clean_v2/yolo_fruit_dataset/labels/train/tomato_rotten_03_hardcase_rotten_frame_000345.txt
train,/mnt/d/merged_fruit_36_clean_v2/yolo_fruit_dataset/_tmp_frames/tomato_fresh_02_real_context_frame_000060.jpg,/mnt/d/merged_fruit_36_clean_v2/yolo_fruit_dataset/images/train/tomato_fresh_02_real_context_frame_000060.jpg,/mnt/d/merged_fruit_36_clean_v2/yolo_fruit_dataset/labels/train/tomato_fresh_02_real_context_frame_000060.txt
train,/mnt/d/merged_fruit_36_clean_v2/yolo_fruit_dataset/_tmp_frames/carrot_fresh_03_hardcase_frame_000090.jpg,/mnt/d/merged_fruit_36_clean_v2/yolo_fruit_dataset/images/train/carrot_fresh_03_hardcase_frame_000090.jpg,/mnt/d/merged_fruit_36_clean_v2/yolo_fruit_dataset/labels/train/carrot_fresh_03_hardcase_frame_000090.txt
train,/mnt/d/merged_fruit_36_clean_v2/yolo_fruit_dataset/_tmp_frames/mango_rotten_02_black_bruised_rotten_frame_000210.jpg,/mnt/d/merged_fruit_36_clean_v2/yolo_fruit_dataset/images/train/mango_rotten_02_black_bruised_rotten_frame_000210.jpg,/mnt/d/merged_fruit_36_clean_v2/yolo_fruit_dataset/labels/train/mango_rotten_02_black_bruised_rotten_frame_000210.txt
train,/mnt/d/merged_fruit_36_clean_v2/yolo_fruit_dataset/_tmp_frames/avocado_fresh_03_cut_open_hardcase_frame_000300.jpg,/mnt/d/merged_fruit_36_clean_v2/yolo_fruit_dataset/images/train/avocado_fresh_03_cut_open_hardcase_frame_000300.jpg,/mnt/d/merged_fruit_36_clean_v2/yolo_fruit_dataset/labels/train/avocado_fresh_03_cut_open_hardcase_frame_000300.txt
train,/mnt/d/merged_fruit_36_clean_v2/yolo_fruit_dataset/_tmp_frames/strawberry_rotten_03_hardcase_rotten_frame_000105.jpg,/mnt/d/merged_fruit_36_clean_v2/yolo_fruit_dataset/images/train/strawberry_rotten_03_hardcase_rotten_frame_000105.jpg,/mnt/d/merged_fruit_36_clean_v2/yolo_fruit_dataset/labels/train/strawberry_rotten_03_hardcase_rotten_frame_000105.txt
train,/mnt/d/merged_fruit_36_clean_v2/yolo_fruit_dataset/_tmp_frames/grape_fresh_02_real_context_frame_001275.jpg,/mnt/d/merged_fruit_36_clean_v2/yolo_fruit_dataset/images/train/grape_fresh_02_real_context_frame_001275.jpg,/mnt/d/merged_fruit_36_clean_v2/yolo_fruit_dataset/labels/train/grape_fresh_02_real_context_frame_001275.txt
train,/mnt/d/merged_fruit_36_clean_v2/yolo_fruit_dataset/_tmp_frames/potato_fresh_01_clear_closeup_frame_000705.jpg,/mnt/d/merged_fruit_36_clean_v2/yolo_fruit_dataset/images/train/potato_fresh_01_clear_closeup_frame_000705.jpg,/mnt/d/merged_fruit_36_clean_v2/yolo_fruit_dataset/labels/train/potato_fresh_01_clear_closeup_frame_000705.txt
train,/mnt/d/merged_fruit_36_clean_v2/yolo_fruit_dataset/_tmp_frames/peach_fresh_01_clear_closeup_frame_000405.jpg,/mnt/d/merged_fruit_36_clean_v2/yolo_fruit_dataset/images/train/peach_fresh_01_clear_closeup_frame_000405.jpg,/mnt/d/merged_fruit_36_clean_v2/yolo_fruit_dataset/labels/train/peach_fresh_01_clear_closeup_frame_000405.txt
train,/mnt/d/merged_fruit_36_clean_v2/yolo_fruit_dataset/_tmp_frames/grape_fresh_03_on_tree_hardcase_frame_000390.jpg,/mnt/d/merged_fruit_36_clean_v2/yolo_fruit_dataset/images/train/grape_fresh_03_on_tree_hardcase_frame_000390.jpg,/mnt/d/merged_fruit_36_clean_v2/yolo_fruit_dataset/labels/train/grape_fresh_03_on_tree_hardcase_frame_000390.txt
train,/mnt/d/merged_fruit_36_clean_v2/yolo_fruit_dataset/_tmp_frames/grape_fresh_01_clear_closeup_frame_000360.jpg,/mnt/d/merged_fruit_36_clean_v2/yolo_fruit_dataset/images/train/grape_fresh_01_clear_closeup_frame_000360.jpg,/mnt/d/merged_fruit_36_clean_v2/yolo_fruit_dataset/labels/train/grape_fresh_01_clear_closeup_frame_000360.txt
train,/mnt/d/merged_fruit_36_clean_v2/yolo_fruit_dataset/_tmp_frames/grape_fresh_01_clear_closeup_frame_001215.jpg,/mnt/d/merged_fruit_36_clean_v2/yolo_fruit_dataset/images/train/grape_fresh_01_clear_closeup_frame_001215.jpg,/mnt/d/merged_fruit_36_clean_v2/yolo_fruit_dataset/labels/train/grape_fresh_01_clear_closeup_frame_001215.txt
train,/mnt/d/merged_fruit_36_clean_v2/yolo_fruit_dataset/_tmp_frames/carambola_rotten_01_mild_rotten_frame_000045.jpg,/mnt/d/merged_fruit_36_clean_v2/yolo_fruit_dataset/images/train/carambola_rotten_01_mild_rotten_frame_000045.jpg,/mnt/d/merged_fruit_36_clean_v2/yolo_fruit_dataset/labels/train/carambola_rotten_01_mild_rotten_frame_000045.txt
train,/mnt/d/merged_fruit_36_clean_v2/yolo_fruit_dataset/_tmp_frames/tomato_rotten_01_mild_rotten_frame_000165.jpg,/mnt/d/merged_fruit_36_clean_v2/yolo_fruit_dataset/images/train/tomato_rotten_01_mild_rotten_frame_000165.jpg,/mnt/d/merged_fruit_36_clean_v2/yolo_fruit_dataset/labels/train/tomato_rotten_01_mild_rotten_frame_000165.txt
train,/mnt/d/merged_fruit_36_clean_v2/yolo_fruit_dataset/_tmp_frames/apple_fresh_02_real_context_frame_000360.jpg,/mnt/d/merged_fruit_36_clean_v2/yolo_fruit_dataset/images/train/apple_fresh_02_real_context_frame_000360.jpg,/mnt/d/merged_fruit_36_clean_v2/yolo_fruit_dataset/labels/train/apple_fresh_02_real_context_frame_000360.txt
train,/mnt/d/merged_fruit_36_clean_v2/yolo_fruit_dataset/_tmp_frames/tomato_rotten_01_mild_rotten_frame_000075.jpg,/mnt/d/merged_fruit_36_clean_v2/yolo_fruit_dataset/images/train/tomato_rotten_01_mild_rotten_frame_000075.jpg,/mnt/d/merged_fruit_36_clean_v2/yolo_fruit_dataset/labels/train/tomato_rotten_01_mild_rotten_frame_000075.txt
train,/mnt/d/merged_fruit_36_clean_v2/yolo_fruit_dataset/_tmp_frames/grape_fresh_02_real_context_frame_000645.jpg,/mnt/d/merged_fruit_36_clean_v2/yolo_fruit_dataset/images/train/grape_fresh_02_real_context_frame_000645.jpg,/mnt/d/merged_fruit_36_clean_v2/yolo_fruit_dataset/labels/train/grape_fresh_02_real_context_frame_000645.txt
train,/mnt/d/merged_fruit_36_clean_v2/yolo_fruit_dataset/_tmp_frames/avocado_fresh_03_cut_open_hardcase_frame_000060.jpg,/mnt/d/merged_fruit_36_clean_v2/yolo_fruit_dataset/images/train/avocado_fresh_03_cut_open_hardcase_frame_000060.jpg,/mnt/d/merged_fruit_36_clean_v2/yolo_fruit_dataset/labels/train/avocado_fresh_03_cut_open_hardcase_frame_000060.txt
train,/mnt/d/merged_fruit_36_clean_v2/yolo_fruit_dataset/_tmp_frames/orange_rotten_02_mold_soft_rotten_frame_000105.jpg,/mnt/d/merged_fruit_36_clean_v2/yolo_fruit_dataset/images/train/orange_rotten_02_mold_soft_rotten_frame_000105.jpg,/mnt/d/merged_fruit_36_clean_v2/yolo_fruit_dataset/labels/train/orange_rotten_02_mold_soft_rotten_frame_000105.txt
train,/mnt/d/merged_fruit_36_clean_v2/yolo_fruit_dataset/_tmp_frames/carrot_rotten_01_mild_rotten_frame_000030.jpg,/mnt/d/merged_fruit_36_clean_v2/yolo_fruit_dataset/images/train/carrot_rotten_01_mild_rotten_frame_000030.jpg,/mnt/d/merged_fruit_36_clean_v2/yolo_fruit_dataset/labels/train/carrot_rotten_01_mild_rotten_frame_000030.txt
train,/mnt/d/merged_fruit_36_clean_v2/yolo_fruit_dataset/_tmp_frames/lemon_rotten_03_hardcase_rotten_frame_000015.jpg,/mnt/d/merged_fruit_36_clean_v2/yolo_fruit_dataset/images/train/lemon_rotten_03_hardcase_rotten_frame_000015.jpg,/mnt/d/merged_fruit_36_clean_v2/yolo_fruit_dataset/labels/train/lemon_rotten_03_hardcase_rotten_frame_000015.txt
train,/mnt/d/merged_fruit_36_clean_v2/yolo_fruit_dataset/_tmp_frames/avocado_rotten_03_hardcase_rotten_frame_000030.jpg,/mnt/d/merged_fruit_36_clean_v2/yolo_fruit_dataset/images/train/avocado_rotten_03_hardcase_rotten_frame_000030.jpg,/mnt/d/merged_fruit_36_clean_v2/yolo_fruit_dataset/labels/train/avocado_rotten_03_hardcase_rotten_frame_000030.txt
train,/mnt/d/merged_fruit_36_clean_v2/yolo_fruit_dataset/_tmp_frames/guava_fresh_01_clear_closeup_frame_000465.jpg,/mnt/d/merged_fruit_36_clean_v2/yolo_fruit_dataset/images/train/guava_fresh_01_clear_closeup_frame_000465.jpg,/mnt/d/merged_fruit_36_clean_v2/yolo_fruit_dataset/labels/train/guava_fresh_01_clear_closeup_frame_000465.txt
train,/mnt/d/merged_fruit_36_clean_v2/yolo_fruit_dataset/_tmp_frames/carambola_rotten_02_mold_bruised_rotten_frame_000180.jpg,/mnt/d/merged_fruit_36_clean_v2/yolo_fruit_dataset/images/train/carambola_rotten_02_mold_bruised_rotten_frame_000180.jpg,/mnt/d/merged_fruit_36_clean_v2/yolo_fruit_dataset/labels/train/carambola_rotten_02_mold_bruised_rotten_frame_000180.txt
train,/mnt/d/merged_fruit_36_clean_v2/yolo_fruit_dataset/_tmp_frames/strawberry_rotten_03_hardcase_rotten_frame_000495.jpg,/mnt/d/merged_fruit_36_clean_v2/yolo_fruit_dataset/images/train/strawberry_rotten_03_hardcase_rotten_frame_000495.jpg,/mnt/d/merged_fruit_36_clean_v2/yolo_fruit_dataset/labels/train/strawberry_rotten_03_hardcase_rotten_frame_000495.txt
train,/mnt/d/merged_fruit_36_clean_v2/yolo_fruit_dataset/_tmp_frames/grape_rotten_01_mild_rotten_frame_000225.jpg,/mnt/d/merged_fruit_36_clean_v2/yolo_fruit_dataset/images/train/grape_rotten_01_mild_rotten_frame_000225.jpg,/mnt/d/merged_fruit_36_clean_v2/yolo_fruit_dataset/labels/train/grape_rotten_01_mild_rotten_frame_000225.txt
train,/mnt/d/merged_fruit_36_clean_v2/yolo_fruit_dataset/_tmp_frames/grape_fresh_03_on_tree_hardcase_frame_000570.jpg,/mnt/d/merged_fruit_36_clean_v2/yolo_fruit_dataset/images/train/grape_fresh_03_on_tree_hardcase_frame_000570.jpg,/mnt/d/merged_fruit_36_clean_v2/yolo_fruit_dataset/labels/train/grape_fresh_03_on_tree_hardcase_frame_000570.txt
train,/mnt/d/merged_fruit_36_clean_v2/yolo_fruit_dataset/_tmp_frames/bellpepper_rotten_03_hardcase_rotten_frame_000240.jpg,/mnt/d/merged_fruit_36_clean_v2/yolo_fruit_dataset/images/train/bellpepper_rotten_03_hardcase_rotten_frame_000240.jpg,/mnt/d/merged_fruit_36_clean_v2/yolo_fruit_dataset/labels/train/bellpepper_rotten_03_hardcase_rotten_frame_000240.txt
train,/mnt/d/merged_fruit_36_clean_v2/yolo_fruit_dataset/_tmp_frames/potato_fresh_01_clear_closeup_frame_000090.jpg,/mnt/d/merged_fruit_36_clean_v2/yolo_fruit_dataset/images/train/potato_fresh_01_clear_closeup_frame_000090.jpg,/mnt/d/merged_fruit_36_clean_v2/yolo_fruit_dataset/labels/train/potato_fresh_01_clear_closeup_frame_000090.txt
train,/mnt/d/merged_fruit_36_clean_v2/yolo_fruit_dataset/_tmp_frames/apple_fresh_02_real_context_frame_000420.jpg,/mnt/d/merged_fruit_36_clean_v2/yolo_fruit_dataset/images/train/apple_fresh_02_real_context_frame_000420.jpg,/mnt/d/merged_fruit_36_clean_v2/yolo_fruit_dataset/labels/train/apple_fresh_02_real_context_frame_000420.txt
train,/mnt/d/merged_fruit_36_clean_v2/yolo_fruit_dataset/_tmp_frames/carrot_rotten_01_mild_rotten_frame_000585.jpg,/mnt/d/merged_fruit_36_clean_v2/yolo_fruit_dataset/images/train/carrot_rotten_01_mild_rotten_frame_000585.jpg,/mnt/d/merged_fruit_36_clean_v2/yolo_fruit_dataset/labels/train/carrot_rotten_01_mild_rotten_frame_000585.txt
train,/mnt/d/merged_fruit_36_clean_v2/yolo_fruit_dataset/_tmp_frames/carrot_fresh_01_clear_closeup_frame_000015.jpg,/mnt/d/merged_fruit_36_clean_v2/yolo_fruit_dataset/images/train/carrot_fresh_01_clear_closeup_frame_000015.jpg,/mnt/d/merged_fruit_36_clean_v2/yolo_fruit_dataset/labels/train/carrot_fresh_01_clear_closeup_frame_000015.txt
train,/mnt/d/merged_fruit_36_clean_v2/yolo_fruit_dataset/_tmp_frames/banana_rotten_02_black_bruised_rotten_frame_000690.jpg,/mnt/d/merged_fruit_36_clean_v2/yolo_fruit_dataset/images/train/banana_rotten_02_black_bruised_rotten_frame_000690.jpg,/mnt/d/merged_fruit_36_clean_v2/yolo_fruit_dataset/labels/train/banana_rotten_02_black_bruised_rotten_frame_000690.txt
train,/mnt/d/merged_fruit_36_clean_v2/yolo_fruit_dataset/_tmp_frames/tomato_fresh_02_real_context_frame_000030.jpg,/mnt/d/merged_fruit_36_clean_v2/yolo_fruit_dataset/images/train/tomato_fresh_02_real_context_frame_000030.jpg,/mnt/d/merged_fruit_36_clean_v2/yolo_fruit_dataset/labels/train/tomato_fresh_02_real_context_frame_000030.txt
train,/mnt/d/merged_fruit_36_clean_v2/yolo_fruit_dataset/_tmp_frames/pomegranate_fresh_02_real_context_frame_000150.jpg,/mnt/d/merged_fruit_36_clean_v2/yolo_fruit_dataset/images/train/pomegranate_fresh_02_real_context_frame_000150.jpg,/mnt/d/merged_fruit_36_clean_v2/yolo_fruit_dataset/labels/train/pomegranate_fresh_02_real_context_frame_000150.txt
train,/mnt/d/merged_fruit_36_clean_v2/yolo_fruit_dataset/_tmp_frames/banana_fresh_03_hardcase_frame_001020.jpg,/mnt/d/merged_fruit_36_clean_v2/yolo_fruit_dataset/images/train/banana_fresh_03_hardcase_frame_001020.jpg,/mnt/d/merged_fruit_36_clean_v2/yolo_fruit_dataset/labels/train/banana_fresh_03_hardcase_frame_001020.txt
train,/mnt/d/merged_fruit_36_clean_v2/yolo_fruit_dataset/_tmp_frames/orange_fresh_03_cut_open_hardcase_frame_000000.jpg,/mnt/d/merged_fruit_36_clean_v2/yolo_fruit_dataset/images/train/orange_fresh_03_cut_open_hardcase_frame_000000.jpg,/mnt/d/merged_fruit_36_clean_v2/yolo_fruit_dataset/labels/train/orange_fresh_03_cut_open_hardcase_frame_000000.txt
train,/mnt/d/merged_fruit_36_clean_v2/yolo_fruit_dataset/_tmp_frames/grape_fresh_02_real_context_frame_000060.jpg,/mnt/d/merged_fruit_36_clean_v2/yolo_fruit_dataset/images/train/grape_fresh_02_real_context_frame_000060.jpg,/mnt/d/merged_fruit_36_clean_v2/yolo_fruit_dataset/labels/train/grape_fresh_02_real_context_frame_000060.txt
train,/mnt/d/merged_fruit_36_clean_v2/yolo_fruit_dataset/_tmp_frames/jujube_fresh_03_on_tree_hardcase_frame_000165.jpg,/mnt/d/merged_fruit_36_clean_v2/yolo_fruit_dataset/images/train/jujube_fresh_03_on_tree_hardcase_frame_000165.jpg,/mnt/d/merged_fruit_36_clean_v2/yolo_fruit_dataset/labels/train/jujube_fresh_03_on_tree_hardcase_frame_000165.txt
train,/mnt/d/merged_fruit_36_clean_v2/yolo_fruit_dataset/_tmp_frames/cucumber_fresh_03_cut_open_hardcase_frame_000180.jpg,/mnt/d/merged_fruit_36_clean_v2/yolo_fruit_dataset/images/train/cucumber_fresh_03_cut_open_hardcase_frame_000180.jpg,/mnt/d/merged_fruit_36_clean_v2/yolo_fruit_dataset/labels/train/cucumber_fresh_03_cut_open_hardcase_frame_000180.txt
train,/mnt/d/merged_fruit_36_clean_v2/yolo_fruit_dataset/_tmp_frames/guava_fresh_02_real_context_frame_000240.jpg,/mnt/d/merged_fruit_36_clean_v2/yolo_fruit_dataset/images/train/guava_fresh_02_real_context_frame_000240.jpg,/mnt/d/merged_fruit_36_clean_v2/yolo_fruit_dataset/labels/train/guava_fresh_02_real_context_frame_000240.txt
train,/mnt/d/merged_fruit_36_clean_v2/yolo_fruit_dataset/_tmp_frames/guava_fresh_03_on_tree_hardcase_frame_000315.jpg,/mnt/d/merged_fruit_36_clean_v2/yolo_fruit_dataset/images/train/guava_fresh_03_on_tree_hardcase_frame_000315.jpg,/mnt/d/merged_fruit_36_clean_v2/yolo_fruit_dataset/labels/train/guava_fresh_03_on_tree_hardcase_frame_000315.txt
train,/mnt/d/merged_fruit_36_clean_v2/yolo_fruit_dataset/_tmp_frames/cucumber_fresh_02_real_context_frame_000135.jpg,/mnt/d/merged_fruit_36_clean_v2/yolo_fruit_dataset/images/train/cucumber_fresh_02_real_context_frame_000135.jpg,/mnt/d/merged_fruit_36_clean_v2/yolo_fruit_dataset/labels/train/cucumber_fresh_02_real_context_frame_000135.txt
train,/mnt/d/merged_fruit_36_clean_v2/yolo_fruit_dataset/_tmp_frames/tomato_rotten_01_mild_rotten_frame_000090.jpg,/mnt/d/merged_fruit_36_clean_v2/yolo_fruit_dataset/images/train/tomato_rotten_01_mild_rotten_frame_000090.jpg,/mnt/d/merged_fruit_36_clean_v2/yolo_fruit_dataset/labels/train/tomato_rotten_01_mild_rotten_frame_000090.txt
train,/mnt/d/merged_fruit_36_clean_v2/yolo_fruit_dataset/_tmp_frames/lemon_rotten_01_mild_rotten_frame_000105.jpg,/mnt/d/merged_fruit_36_clean_v2/yolo_fruit_dataset/images/train/lemon_rotten_01_mild_rotten_frame_000105.jpg,/mnt/d/merged_fruit_36_clean_v2/yolo_fruit_dataset/labels/train/lemon_rotten_01_mild_rotten_frame_000105.txt
train,/mnt/d/merged_fruit_36_clean_v2/yolo_fruit_dataset/_tmp_frames/potato_rotten_02_sprout_green_rotten_frame_000600.jpg,/mnt/d/merged_fruit_36_clean_v2/yolo_fruit_dataset/images/train/potato_rotten_02_sprout_green_rotten_frame_000600.jpg,/mnt/d/merged_fruit_36_clean_v2/yolo_fruit_dataset/labels/train/potato_rotten_02_sprout_green_rotten_frame_000600.txt
train,/mnt/d/merged_fruit_36_clean_v2/yolo_fruit_dataset/_tmp_frames/pomegranate_fresh_01_clear_closeup_frame_000345.jpg,/mnt/d/merged_fruit_36_clean_v2/yolo_fruit_dataset/images/train/pomegranate_fresh_01_clear_closeup_frame_000345.jpg,/mnt/d/merged_fruit_36_clean_v2/yolo_fruit_dataset/labels/train/pomegranate_fresh_01_clear_closeup_frame_000345.txt
train,/mnt/d/merged_fruit_36_clean_v2/yolo_fruit_dataset/_tmp_frames/pomegranate_fresh_01_clear_closeup_frame_000360.jpg,/mnt/d/merged_fruit_36_clean_v2/yolo_fruit_dataset/images/train/pomegranate_fresh_01_clear_closeup_frame_000360.jpg,/mnt/d/merged_fruit_36_clean_v2/yolo_fruit_dataset/labels/train/pomegranate_fresh_01_clear_closeup_frame_000360.txt
train,/mnt/d/merged_fruit_36_clean_v2/yolo_fruit_dataset/_tmp_frames/carambola_fresh_03_on_tree_hardcase_frame_000540.jpg,/mnt/d/merged_fruit_36_clean_v2/yolo_fruit_dataset/images/train/carambola_fresh_03_on_tree_hardcase_frame_000540.jpg,/mnt/d/merged_fruit_36_clean_v2/yolo_fruit_dataset/labels/train/carambola_fresh_03_on_tree_hardcase_frame_000540.txt
train,/mnt/d/merged_fruit_36_clean_v2/yolo_fruit_dataset/_tmp_frames/guava_fresh_03_on_tree_hardcase_frame_000510.jpg,/mnt/d/merged_fruit_36_clean_v2/yolo_fruit_dataset/images/train/guava_fresh_03_on_tree_hardcase_frame_000510.jpg,/mnt/d/merged_fruit_36_clean_v2/yolo_fruit_dataset/labels/train/guava_fresh_03_on_tree_hardcase_frame_000510.txt
train,/mnt/d/merged_fruit_36_clean_v2/yolo_fruit_dataset/_tmp_frames/bellpepper_fresh_02_real_context_frame_000210.jpg,/mnt/d/merged_fruit_36_clean_v2/yolo_fruit_dataset/images/train/bellpepper_fresh_02_real_context_frame_000210.jpg,/mnt/d/merged_fruit_36_clean_v2/yolo_fruit_dataset/labels/train/bellpepper_fresh_02_real_context_frame_000210.txt
train,/mnt/d/merged_fruit_36_clean_v2/yolo_fruit_dataset/_tmp_frames/pomegranate_fresh_02_real_context_frame_000060.jpg,/mnt/d/merged_fruit_36_clean_v2/yolo_fruit_dataset/images/train/pomegranate_fresh_02_real_context_frame_000060.jpg,/mnt/d/merged_fruit_36_clean_v2/yolo_fruit_dataset/labels/train/pomegranate_fresh_02_real_context_frame_000060.txt
train,/mnt/d/merged_fruit_36_clean_v2/yolo_fruit_dataset/_tmp_frames/orange_rotten_03_hardcase_rotten_frame_000105.jpg,/mnt/d/merged_fruit_36_clean_v2/yolo_fruit_dataset/images/train/orange_rotten_03_hardcase_rotten_frame_000105.jpg,/mnt/d/merged_fruit_36_clean_v2/yolo_fruit_dataset/labels/train/orange_rotten_03_hardcase_rotten_frame_000105.txt
train,/mnt/d/merged_fruit_36_clean_v2/raw_assets_from_zip/Cucumber/istockphoto-487121335-1024x1024.jpg,/mnt/d/merged_fruit_36_clean_v2/yolo_fruit_dataset/images/train/istockphoto-487121335-1024x1024.jpg,/mnt/d/merged_fruit_36_clean_v2/yolo_fruit_dataset/labels/train/istockphoto-487121335-1024x1024.txt
train,/mnt/d/merged_fruit_36_clean_v2/yolo_fruit_dataset/_tmp_frames/carrot_rotten_01_mild_rotten_frame_000315.jpg,/mnt/d/merged_fruit_36_clean_v2/yolo_fruit_dataset/images/train/carrot_rotten_01_mild_rotten_frame_000315.jpg,/mnt/d/merged_fruit_36_clean_v2/yolo_fruit_dataset/labels/train/carrot_rotten_01_mild_rotten_frame_000315.txt
train,/mnt/d/merged_fruit_36_clean_v2/yolo_fruit_dataset/_tmp_frames/strawberry_rotten_01_mild_rotten_frame_000030.jpg,/mnt/d/merged_fruit_36_clean_v2/yolo_fruit_dataset/images/train/strawberry_rotten_01_mild_rotten_frame_000030.jpg,/mnt/d/merged_fruit_36_clean_v2/yolo_fruit_dataset/labels/train/strawberry_rotten_01_mild_rotten_frame_000030.txt
train,/mnt/d/merged_fruit_36_clean_v2/yolo_fruit_dataset/_tmp_frames/grape_fresh_01_clear_closeup_frame_000720.jpg,/mnt/d/merged_fruit_36_clean_v2/yolo_fruit_dataset/images/train/grape_fresh_01_clear_closeup_frame_000720.jpg,/mnt/d/merged_fruit_36_clean_v2/yolo_fruit_dataset/labels/train/grape_fresh_01_clear_closeup_frame_000720.txt
train,/mnt/d/merged_fruit_36_clean_v2/yolo_fruit_dataset/_tmp_frames/guava_rotten_01_mild_rotten_frame_000225.jpg,/mnt/d/merged_fruit_36_clean_v2/yolo_fruit_dataset/images/train/guava_rotten_01_mild_rotten_frame_000225.jpg,/mnt/d/merged_fruit_36_clean_v2/yolo_fruit_dataset/labels/train/guava_rotten_01_mild_rotten_frame_000225.txt
train,/mnt/d/merged_fruit_36_clean_v2/yolo_fruit_dataset/_tmp_frames/mango_rotten_03_hardcase_rotten_frame_000165.jpg,/mnt/d/merged_fruit_36_clean_v2/yolo_fruit_dataset/images/train/mango_rotten_03_hardcase_rotten_frame_000165.jpg,/mnt/d/merged_fruit_36_clean_v2/yolo_fruit_dataset/labels/train/mango_rotten_03_hardcase_rotten_frame_000165.txt
train,/mnt/d/merged_fruit_36_clean_v2/yolo_fruit_dataset/_tmp_frames/tomato_fresh_02_real_context_frame_000180.jpg,/mnt/d/merged_fruit_36_clean_v2/yolo_fruit_dataset/images/train/tomato_fresh_02_real_context_frame_000180.jpg,/mnt/d/merged_fruit_36_clean_v2/yolo_fruit_dataset/labels/train/tomato_fresh_02_real_context_frame_000180.txt
train,/mnt/d/merged_fruit_36_clean_v2/yolo_fruit_dataset/_tmp_frames/apple_fresh_02_real_context_frame_000135.jpg,/mnt/d/merged_fruit_36_clean_v2/yolo_fruit_dataset/images/train/apple_fresh_02_real_context_frame_000135.jpg,/mnt/d/merged_fruit_36_clean_v2/yolo_fruit_dataset/labels/train/apple_fresh_02_real_context_frame_000135.txt
train,/mnt/d/merged_fruit_36_clean_v2/yolo_fruit_dataset/_tmp_frames/grape_rotten_02_mold_bruised_rotten_frame_000120.jpg,/mnt/d/merged_fruit_36_clean_v2/yolo_fruit_dataset/images/train/grape_rotten_02_mold_bruised_rotten_frame_000120.jpg,/mnt/d/merged_fruit_36_clean_v2/yolo_fruit_dataset/labels/train/grape_rotten_02_mold_bruised_rotten_frame_000120.txt
train,/mnt/d/merged_fruit_36_clean_v2/yolo_fruit_dataset/_tmp_frames/strawberry_rotten_03_hardcase_rotten_frame_000015.jpg,/mnt/d/merged_fruit_36_clean_v2/yolo_fruit_dataset/images/train/strawberry_rotten_03_hardcase_rotten_frame_000015.jpg,/mnt/d/merged_fruit_36_clean_v2/yolo_fruit_dataset/labels/train/strawberry_rotten_03_hardcase_rotten_frame_000015.txt
train,/mnt/d/merged_fruit_36_clean_v2/yolo_fruit_dataset/_tmp_frames/grape_fresh_01_clear_closeup_frame_000975.jpg,/mnt/d/merged_fruit_36_clean_v2/yolo_fruit_dataset/images/train/grape_fresh_01_clear_closeup_frame_000975.jpg,/mnt/d/merged_fruit_36_clean_v2/yolo_fruit_dataset/labels/train/grape_fresh_01_clear_closeup_frame_000975.txt
train,/mnt/d/merged_fruit_36_clean_v2/yolo_fruit_dataset/_tmp_frames/tomato_fresh_01_clear_closeup_frame_000570.jpg,/mnt/d/merged_fruit_36_clean_v2/yolo_fruit_dataset/images/train/tomato_fresh_01_clear_closeup_frame_000570.jpg,/mnt/d/merged_fruit_36_clean_v2/yolo_fruit_dataset/labels/train/tomato_fresh_01_clear_closeup_frame_000570.txt
train,/mnt/d/merged_fruit_36_clean_v2/yolo_fruit_dataset/_tmp_frames/orange_rotten_01_mild_rotten_frame_000045.jpg,/mnt/d/merged_fruit_36_clean_v2/yolo_fruit_dataset/images/train/orange_rotten_01_mild_rotten_frame_000045.jpg,/mnt/d/merged_fruit_36_clean_v2/yolo_fruit_dataset/labels/train/orange_rotten_01_mild_rotten_frame_000045.txt
train,/mnt/d/merged_fruit_36_clean_v2/yolo_fruit_dataset/_tmp_frames/carambola_fresh_03_on_tree_hardcase_frame_000525.jpg,/mnt/d/merged_fruit_36_clean_v2/yolo_fruit_dataset/images/train/carambola_fresh_03_on_tree_hardcase_frame_000525.jpg,/mnt/d/merged_fruit_36_clean_v2/yolo_fruit_dataset/labels/train/carambola_fresh_03_on_tree_hardcase_frame_000525.txt
train,/mnt/d/merged_fruit_36_clean_v2/yolo_fruit_dataset/_tmp_frames/pomegranate_fresh_03_cut_open_hardcase_frame_000330.jpg,/mnt/d/merged_fruit_36_clean_v2/yolo_fruit_dataset/images/train/pomegranate_fresh_03_cut_open_hardcase_frame_000330.jpg,/mnt/d/merged_fruit_36_clean_v2/yolo_fruit_dataset/labels/train/pomegranate_fresh_03_cut_open_hardcase_frame_000330.txt
train,/mnt/d/merged_fruit_36_clean_v2/yolo_fruit_dataset/_tmp_frames/lemon_rotten_01_mild_rotten_frame_000015.jpg,/mnt/d/merged_fruit_36_clean_v2/yolo_fruit_dataset/images/train/lemon_rotten_01_mild_rotten_frame_000015.jpg,/mnt/d/merged_fruit_36_clean_v2/yolo_fruit_dataset/labels/train/lemon_rotten_01_mild_rotten_frame_000015.txt
train,/mnt/d/merged_fruit_36_clean_v2/yolo_fruit_dataset/_tmp_frames/banana_fresh_03_hardcase_frame_000600.jpg,/mnt/d/merged_fruit_36_clean_v2/yolo_fruit_dataset/images/train/banana_fresh_03_hardcase_frame_000600.jpg,/mnt/d/merged_fruit_36_clean_v2/yolo_fruit_dataset/labels/train/banana_fresh_03_hardcase_frame_000600.txt
train,/mnt/d/merged_fruit_36_clean_v2/yolo_fruit_dataset/_tmp_frames/apple_rotten_01_mild_rotten_frame_000240.jpg,/mnt/d/merged_fruit_36_clean_v2/yolo_fruit_dataset/images/train/apple_rotten_01_mild_rotten_frame_000240.jpg,/mnt/d/merged_fruit_36_clean_v2/yolo_fruit_dataset/labels/train/apple_rotten_01_mild_rotten_frame_000240.txt
train,/mnt/d/merged_fruit_36_clean_v2/yolo_fruit_dataset/_tmp_frames/carambola_rotten_02_mold_bruised_rotten_frame_000525.jpg,/mnt/d/merged_fruit_36_clean_v2/yolo_fruit_dataset/images/train/carambola_rotten_02_mold_bruised_rotten_frame_000525.jpg,/mnt/d/merged_fruit_36_clean_v2/yolo_fruit_dataset/labels/train/carambola_rotten_02_mold_bruised_rotten_frame_000525.txt
train,/mnt/d/merged_fruit_36_clean_v2/yolo_fruit_dataset/_tmp_frames/carrot_fresh_03_hardcase_frame_000225.jpg,/mnt/d/merged_fruit_36_clean_v2/yolo_fruit_dataset/images/train/carrot_fresh_03_hardcase_frame_000225.jpg,/mnt/d/merged_fruit_36_clean_v2/yolo_fruit_dataset/labels/train/carrot_fresh_03_hardcase_frame_000225.txt
train,/mnt/d/merged_fruit_36_clean_v2/yolo_fruit_dataset/_tmp_frames/cucumber_fresh_03_cut_open_hardcase_frame_000075.jpg,/mnt/d/merged_fruit_36_clean_v2/yolo_fruit_dataset/images/train/cucumber_fresh_03_cut_open_hardcase_frame_000075.jpg,/mnt/d/merged_fruit_36_clean_v2/yolo_fruit_dataset/labels/train/cucumber_fresh_03_cut_open_hardcase_frame_000075.txt
train,/mnt/d/merged_fruit_36_clean_v2/yolo_fruit_dataset/_tmp_frames/bellpepper_rotten_03_hardcase_rotten_frame_000075.jpg,/mnt/d/merged_fruit_36_clean_v2/yolo_fruit_dataset/images/train/bellpepper_rotten_03_hardcase_rotten_frame_000075.jpg,/mnt/d/merged_fruit_36_clean_v2/yolo_fruit_dataset/labels/train/bellpepper_rotten_03_hardcase_rotten_frame_000075.txt
train,/mnt/d/merged_fruit_36_clean_v2/yolo_fruit_dataset/_tmp_frames/carambola_rotten_02_mold_bruised_rotten_frame_000270.jpg,/mnt/d/merged_fruit_36_clean_v2/yolo_fruit_dataset/images/train/carambola_rotten_02_mold_bruised_rotten_frame_000270.jpg,/mnt/d/merged_fruit_36_clean_v2/yolo_fruit_dataset/labels/train/carambola_rotten_02_mold_bruised_rotten_frame_000270.txt
train,/mnt/d/merged_fruit_36_clean_v2/yolo_fruit_dataset/_tmp_frames/carambola_rotten_02_mold_bruised_rotten_frame_000495.jpg,/mnt/d/merged_fruit_36_clean_v2/yolo_fruit_dataset/images/train/carambola_rotten_02_mold_bruised_rotten_frame_000495.jpg,/mnt/d/merged_fruit_36_clean_v2/yolo_fruit_dataset/labels/train/carambola_rotten_02_mold_bruised_rotten_frame_000495.txt
train,/mnt/d/merged_fruit_36_clean_v2/yolo_fruit_dataset/_tmp_frames/tomato_fresh_03_cut_open_hardcase_frame_000105.jpg,/mnt/d/merged_fruit_36_clean_v2/yolo_fruit_dataset/images/train/tomato_fresh_03_cut_open_hardcase_frame_000105.jpg,/mnt/d/merged_fruit_36_clean_v2/yolo_fruit_dataset/labels/train/tomato_fresh_03_cut_open_hardcase_frame_000105.txt
train,/mnt/d/merged_fruit_36_clean_v2/yolo_fruit_dataset/_tmp_frames/tomato_rotten_03_hardcase_rotten_frame_000045.jpg,/mnt/d/merged_fruit_36_clean_v2/yolo_fruit_dataset/images/train/tomato_rotten_03_hardcase_rotten_frame_000045.jpg,/mnt/d/merged_fruit_36_clean_v2/yolo_fruit_dataset/labels/train/tomato_rotten_03_hardcase_rotten_frame_000045.txt
train,/mnt/d/merged_fruit_36_clean_v2/yolo_fruit_dataset/_tmp_frames/grape_rotten_03_hardcase_rotten_frame_000135.jpg,/mnt/d/merged_fruit_36_clean_v2/yolo_fruit_dataset/images/train/grape_rotten_03_hardcase_rotten_frame_000135.jpg,/mnt/d/merged_fruit_36_clean_v2/yolo_fruit_dataset/labels/train/grape_rotten_03_hardcase_rotten_frame_000135.txt
train,/mnt/d/merged_fruit_36_clean_v2/yolo_fruit_dataset/_tmp_frames/avocado_rotten_02_black_inside_rotten_frame_000060.jpg,/mnt/d/merged_fruit_36_clean_v2/yolo_fruit_dataset/images/train/avocado_rotten_02_black_inside_rotten_frame_000060.jpg,/mnt/d/merged_fruit_36_clean_v2/yolo_fruit_dataset/labels/train/avocado_rotten_02_black_inside_rotten_frame_000060.txt
train,/mnt/d/merged_fruit_36_clean_v2/yolo_fruit_dataset/_tmp_frames/grape_rotten_02_mold_bruised_rotten_frame_000075.jpg,/mnt/d/merged_fruit_36_clean_v2/yolo_fruit_dataset/images/train/grape_rotten_02_mold_bruised_rotten_frame_000075.jpg,/mnt/d/merged_fruit_36_clean_v2/yolo_fruit_dataset/labels/train/grape_rotten_02_mold_bruised_rotten_frame_000075.txt
train,/mnt/d/merged_fruit_36_clean_v2/yolo_fruit_dataset/_tmp_frames/strawberry_rotten_01_mild_rotten_frame_000045.jpg,/mnt/d/merged_fruit_36_clean_v2/yolo_fruit_dataset/images/train/strawberry_rotten_01_mild_rotten_frame_000045.jpg,/mnt/d/merged_fruit_36_clean_v2/yolo_fruit_dataset/labels/train/strawberry_rotten_01_mild_rotten_frame_000045.txt
train,/mnt/d/merged_fruit_36_clean_v2/yolo_fruit_dataset/_tmp_frames/pomegranate_rotten_02_mold_dark_rotten_frame_000060.jpg,/mnt/d/merged_fruit_36_clean_v2/yolo_fruit_dataset/images/train/pomegranate_rotten_02_mold_dark_rotten_frame_000060.jpg,/mnt/d/merged_fruit_36_clean_v2/yolo_fruit_dataset/labels/train/pomegranate_rotten_02_mold_dark_rotten_frame_000060.txt
train,/mnt/d/merged_fruit_36_clean_v2/yolo_fruit_dataset/_tmp_frames/tomato_fresh_02_real_context_frame_000225.jpg,/mnt/d/merged_fruit_36_clean_v2/yolo_fruit_dataset/images/train/tomato_fresh_02_real_context_frame_000225.jpg,/mnt/d/merged_fruit_36_clean_v2/yolo_fruit_dataset/labels/train/tomato_fresh_02_real_context_frame_000225.txt
train,/mnt/d/merged_fruit_36_clean_v2/yolo_fruit_dataset/_tmp_frames/tomato_fresh_02_real_context_frame_000105.jpg,/mnt/d/merged_fruit_36_clean_v2/yolo_fruit_dataset/images/train/tomato_fresh_02_real_context_frame_000105.jpg,/mnt/d/merged_fruit_36_clean_v2/yolo_fruit_dataset/labels/train/tomato_fresh_02_real_context_frame_000105.txt
train,/mnt/d/merged_fruit_36_clean_v2/yolo_fruit_dataset/_tmp_frames/avocado_rotten_02_black_inside_rotten_frame_000330.jpg,/mnt/d/merged_fruit_36_clean_v2/yolo_fruit_dataset/images/train/avocado_rotten_02_black_inside_rotten_frame_000330.jpg,/mnt/d/merged_fruit_36_clean_v2/yolo_fruit_dataset/labels/train/avocado_rotten_02_black_inside_rotten_frame_000330.txt
train,/mnt/d/merged_fruit_36_clean_v2/yolo_fruit_dataset/_tmp_frames/grape_fresh_02_real_context_frame_001170.jpg,/mnt/d/merged_fruit_36_clean_v2/yolo_fruit_dataset/images/train/grape_fresh_02_real_context_frame_001170.jpg,/mnt/d/merged_fruit_36_clean_v2/yolo_fruit_dataset/labels/train/grape_fresh_02_real_context_frame_001170.txt
train,/mnt/d/merged_fruit_36_clean_v2/yolo_fruit_dataset/_tmp_frames/grape_rotten_01_mild_rotten_frame_000000.jpg,/mnt/d/merged_fruit_36_clean_v2/yolo_fruit_dataset/images/train/grape_rotten_01_mild_rotten_frame_000000.jpg,/mnt/d/merged_fruit_36_clean_v2/yolo_fruit_dataset/labels/train/grape_rotten_01_mild_rotten_frame_000000.txt
train,/mnt/d/merged_fruit_36_clean_v2/yolo_fruit_dataset/_tmp_frames/cucumber_fresh_03_cut_open_hardcase_frame_000090.jpg,/mnt/d/merged_fruit_36_clean_v2/yolo_fruit_dataset/images/train/cucumber_fresh_03_cut_open_hardcase_frame_000090.jpg,/mnt/d/merged_fruit_36_clean_v2/yolo_fruit_dataset/labels/train/cucumber_fresh_03_cut_open_hardcase_frame_000090.txt
train,/mnt/d/merged_fruit_36_clean_v2/yolo_fruit_dataset/_tmp_frames/carrot_rotten_01_mild_rotten_frame_000075.jpg,/mnt/d/merged_fruit_36_clean_v2/yolo_fruit_dataset/images/train/carrot_rotten_01_mild_rotten_frame_000075.jpg,/mnt/d/merged_fruit_36_clean_v2/yolo_fruit_dataset/labels/train/carrot_rotten_01_mild_rotten_frame_000075.txt
train,/mnt/d/merged_fruit_36_clean_v2/yolo_fruit_dataset/_tmp_frames/grape_fresh_01_clear_closeup_frame_000585.jpg,/mnt/d/merged_fruit_36_clean_v2/yolo_fruit_dataset/images/train/grape_fresh_01_clear_closeup_frame_000585.jpg,/mnt/d/merged_fruit_36_clean_v2/yolo_fruit_dataset/labels/train/grape_fresh_01_clear_closeup_frame_000585.txt
train,/mnt/d/merged_fruit_36_clean_v2/yolo_fruit_dataset/_tmp_frames/avocado_rotten_02_black_inside_rotten_frame_000135.jpg,/mnt/d/merged_fruit_36_clean_v2/yolo_fruit_dataset/images/train/avocado_rotten_02_black_inside_rotten_frame_000135.jpg,/mnt/d/merged_fruit_36_clean_v2/yolo_fruit_dataset/labels/train/avocado_rotten_02_black_inside_rotten_frame_000135.txt
train,/mnt/d/merged_fruit_36_clean_v2/yolo_fruit_dataset/_tmp_frames/mango_rotten_03_hardcase_rotten_frame_000135.jpg,/mnt/d/merged_fruit_36_clean_v2/yolo_fruit_dataset/images/train/mango_rotten_03_hardcase_rotten_frame_000135.jpg,/mnt/d/merged_fruit_36_clean_v2/yolo_fruit_dataset/labels/train/mango_rotten_03_hardcase_rotten_frame_000135.txt
train,/mnt/d/merged_fruit_36_clean_v2/yolo_fruit_dataset/_tmp_frames/cucumber_fresh_03_cut_open_hardcase_frame_000270.jpg,/mnt/d/merged_fruit_36_clean_v2/yolo_fruit_dataset/images/train/cucumber_fresh_03_cut_open_hardcase_frame_000270.jpg,/mnt/d/merged_fruit_36_clean_v2/yolo_fruit_dataset/labels/train/cucumber_fresh_03_cut_open_hardcase_frame_000270.txt
train,/mnt/d/merged_fruit_36_clean_v2/yolo_fruit_dataset/_tmp_frames/carrot_rotten_01_mild_rotten_frame_000360.jpg,/mnt/d/merged_fruit_36_clean_v2/yolo_fruit_dataset/images/train/carrot_rotten_01_mild_rotten_frame_000360.jpg,/mnt/d/merged_fruit_36_clean_v2/yolo_fruit_dataset/labels/train/carrot_rotten_01_mild_rotten_frame_000360.txt
train,/mnt/d/merged_fruit_36_clean_v2/yolo_fruit_dataset/_tmp_frames/peach_fresh_01_clear_closeup_frame_000525.jpg,/mnt/d/merged_fruit_36_clean_v2/yolo_fruit_dataset/images/train/peach_fresh_01_clear_closeup_frame_000525.jpg,/mnt/d/merged_fruit_36_clean_v2/yolo_fruit_dataset/labels/train/peach_fresh_01_clear_closeup_frame_000525.txt
train,/mnt/d/merged_fruit_36_clean_v2/yolo_fruit_dataset/_tmp_frames/grape_fresh_01_clear_closeup_frame_000060.jpg,/mnt/d/merged_fruit_36_clean_v2/yolo_fruit_dataset/images/train/grape_fresh_01_clear_closeup_frame_000060.jpg,/mnt/d/merged_fruit_36_clean_v2/yolo_fruit_dataset/labels/train/grape_fresh_01_clear_closeup_frame_000060.txt
train,/mnt/d/merged_fruit_36_clean_v2/yolo_fruit_dataset/_tmp_frames/carrot_rotten_02_mold_soft_rotten_frame_000075.jpg,/mnt/d/merged_fruit_36_clean_v2/yolo_fruit_dataset/images/train/carrot_rotten_02_mold_soft_rotten_frame_000075.jpg,/mnt/d/merged_fruit_36_clean_v2/yolo_fruit_dataset/labels/train/carrot_rotten_02_mold_soft_rotten_frame_000075.txt
train,/mnt/d/merged_fruit_36_clean_v2/yolo_fruit_dataset/_tmp_frames/cucumber_fresh_01_clear_closeup_frame_000015.jpg,/mnt/d/merged_fruit_36_clean_v2/yolo_fruit_dataset/images/train/cucumber_fresh_01_clear_closeup_frame_000015.jpg,/mnt/d/merged_fruit_36_clean_v2/yolo_fruit_dataset/labels/train/cucumber_fresh_01_clear_closeup_frame_000015.txt
train,/mnt/d/merged_fruit_36_clean_v2/yolo_fruit_dataset/_tmp_frames/orange_fresh_03_cut_open_hardcase_frame_000075.jpg,/mnt/d/merged_fruit_36_clean_v2/yolo_fruit_dataset/images/train/orange_fresh_03_cut_open_hardcase_frame_000075.jpg,/mnt/d/merged_fruit_36_clean_v2/yolo_fruit_dataset/labels/train/orange_fresh_03_cut_open_hardcase_frame_000075.txt
train,/mnt/d/merged_fruit_36_clean_v2/yolo_fruit_dataset/_tmp_frames/orange_rotten_03_hardcase_rotten_frame_000315.jpg,/mnt/d/merged_fruit_36_clean_v2/yolo_fruit_dataset/images/train/orange_rotten_03_hardcase_rotten_frame_000315.jpg,/mnt/d/merged_fruit_36_clean_v2/yolo_fruit_dataset/labels/train/orange_rotten_03_hardcase_rotten_frame_000315.txt
train,/mnt/d/merged_fruit_36_clean_v2/yolo_fruit_dataset/_tmp_frames/bellpepper_fresh_03_cut_open_hardcase_frame_000090.jpg,/mnt/d/merged_fruit_36_clean_v2/yolo_fruit_dataset/images/train/bellpepper_fresh_03_cut_open_hardcase_frame_000090.jpg,/mnt/d/merged_fruit_36_clean_v2/yolo_fruit_dataset/labels/train/bellpepper_fresh_03_cut_open_hardcase_frame_000090.txt
train,/mnt/d/merged_fruit_36_clean_v2/yolo_fruit_dataset/_tmp_frames/orange_fresh_01_clear_closeup_frame_000120.jpg,/mnt/d/merged_fruit_36_clean_v2/yolo_fruit_dataset/images/train/orange_fresh_01_clear_closeup_frame_000120.jpg,/mnt/d/merged_fruit_36_clean_v2/yolo_fruit_dataset/labels/train/orange_fresh_01_clear_closeup_frame_000120.txt
train,/mnt/d/merged_fruit_36_clean_v2/yolo_fruit_dataset/_tmp_frames/mango_fresh_01_clear_closeup_frame_000150.jpg,/mnt/d/merged_fruit_36_clean_v2/yolo_fruit_dataset/images/train/mango_fresh_01_clear_closeup_frame_000150.jpg,/mnt/d/merged_fruit_36_clean_v2/yolo_fruit_dataset/labels/train/mango_fresh_01_clear_closeup_frame_000150.txt
train,/mnt/d/merged_fruit_36_clean_v2/yolo_fruit_dataset/_tmp_frames/mango_rotten_03_hardcase_rotten_frame_000300.jpg,/mnt/d/merged_fruit_36_clean_v2/yolo_fruit_dataset/images/train/mango_rotten_03_hardcase_rotten_frame_000300.jpg,/mnt/d/merged_fruit_36_clean_v2/yolo_fruit_dataset/labels/train/mango_rotten_03_hardcase_rotten_frame_000300.txt
train,/mnt/d/merged_fruit_36_clean_v2/yolo_fruit_dataset/_tmp_frames/grape_fresh_02_real_context_frame_001020.jpg,/mnt/d/merged_fruit_36_clean_v2/yolo_fruit_dataset/images/train/grape_fresh_02_real_context_frame_001020.jpg,/mnt/d/merged_fruit_36_clean_v2/yolo_fruit_dataset/labels/train/grape_fresh_02_real_context_frame_001020.txt
train,/mnt/d/merged_fruit_36_clean_v2/yolo_fruit_dataset/_tmp_frames/orange_rotten_02_mold_soft_rotten_frame_000405.jpg,/mnt/d/merged_fruit_36_clean_v2/yolo_fruit_dataset/images/train/orange_rotten_02_mold_soft_rotten_frame_000405.jpg,/mnt/d/merged_fruit_36_clean_v2/yolo_fruit_dataset/labels/train/orange_rotten_02_mold_soft_rotten_frame_000405.txt
train,/mnt/d/merged_fruit_36_clean_v2/yolo_fruit_dataset/_tmp_frames/banana_rotten_02_black_bruised_rotten_frame_000510.jpg,/mnt/d/merged_fruit_36_clean_v2/yolo_fruit_dataset/images/train/banana_rotten_02_black_bruised_rotten_frame_000510.jpg,/mnt/d/merged_fruit_36_clean_v2/yolo_fruit_dataset/labels/train/banana_rotten_02_black_bruised_rotten_frame_000510.txt
train,/mnt/d/merged_fruit_36_clean_v2/yolo_fruit_dataset/_tmp_frames/orange_rotten_01_mild_rotten_frame_000285.jpg,/mnt/d/merged_fruit_36_clean_v2/yolo_fruit_dataset/images/train/orange_rotten_01_mild_rotten_frame_000285.jpg,/mnt/d/merged_fruit_36_clean_v2/yolo_fruit_dataset/labels/train/orange_rotten_01_mild_rotten_frame_000285.txt
train,/mnt/d/merged_fruit_36_clean_v2/yolo_fruit_dataset/_tmp_frames/banana_rotten_01_mild_rotten_frame_000210.jpg,/mnt/d/merged_fruit_36_clean_v2/yolo_fruit_dataset/images/train/banana_rotten_01_mild_rotten_frame_000210.jpg,/mnt/d/merged_fruit_36_clean_v2/yolo_fruit_dataset/labels/train/banana_rotten_01_mild_rotten_frame_000210.txt
train,/mnt/d/merged_fruit_36_clean_v2/yolo_fruit_dataset/_tmp_frames/carrot_rotten_02_mold_soft_rotten_frame_000195.jpg,/mnt/d/merged_fruit_36_clean_v2/yolo_fruit_dataset/images/train/carrot_rotten_02_mold_soft_rotten_frame_000195.jpg,/mnt/d/merged_fruit_36_clean_v2/yolo_fruit_dataset/labels/train/carrot_rotten_02_mold_soft_rotten_frame_000195.txt
train,/mnt/d/merged_fruit_36_clean_v2/yolo_fruit_dataset/_tmp_frames/potato_rotten_02_sprout_green_rotten_frame_000615.jpg,/mnt/d/merged_fruit_36_clean_v2/yolo_fruit_dataset/images/train/potato_rotten_02_sprout_green_rotten_frame_000615.jpg,/mnt/d/merged_fruit_36_clean_v2/yolo_fruit_dataset/labels/train/potato_rotten_02_sprout_green_rotten_frame_000615.txt
train,/mnt/d/merged_fruit_36_clean_v2/yolo_fruit_dataset/_tmp_frames/orange_rotten_02_mold_soft_rotten_frame_000390.jpg,/mnt/d/merged_fruit_36_clean_v2/yolo_fruit_dataset/images/train/orange_rotten_02_mold_soft_rotten_frame_000390.jpg,/mnt/d/merged_fruit_36_clean_v2/yolo_fruit_dataset/labels/train/orange_rotten_02_mold_soft_rotten_frame_000390.txt
train,/mnt/d/merged_fruit_36_clean_v2/yolo_fruit_dataset/_tmp_frames/bellpepper_rotten_03_hardcase_rotten_frame_000720.jpg,/mnt/d/merged_fruit_36_clean_v2/yolo_fruit_dataset/images/train/bellpepper_rotten_03_hardcase_rotten_frame_000720.jpg,/mnt/d/merged_fruit_36_clean_v2/yolo_fruit_dataset/labels/train/bellpepper_rotten_03_hardcase_rotten_frame_000720.txt
train,/mnt/d/merged_fruit_36_clean_v2/yolo_fruit_dataset/_tmp_frames/carrot_fresh_01_clear_closeup_frame_000075.jpg,/mnt/d/merged_fruit_36_clean_v2/yolo_fruit_dataset/images/train/carrot_fresh_01_clear_closeup_frame_000075.jpg,/mnt/d/merged_fruit_36_clean_v2/yolo_fruit_dataset/labels/train/carrot_fresh_01_clear_closeup_frame_000075.txt
train,/mnt/d/merged_fruit_36_clean_v2/yolo_fruit_dataset/_tmp_frames/mango_fresh_01_clear_closeup_frame_000060.jpg,/mnt/d/merged_fruit_36_clean_v2/yolo_fruit_dataset/images/train/mango_fresh_01_clear_closeup_frame_000060.jpg,/mnt/d/merged_fruit_36_clean_v2/yolo_fruit_dataset/labels/train/mango_fresh_01_clear_closeup_frame_000060.txt
train,/mnt/d/merged_fruit_36_clean_v2/yolo_fruit_dataset/_tmp_frames/banana_fresh_03_hardcase_frame_000795.jpg,/mnt/d/merged_fruit_36_clean_v2/yolo_fruit_dataset/images/train/banana_fresh_03_hardcase_frame_000795.jpg,/mnt/d/merged_fruit_36_clean_v2/yolo_fruit_dataset/labels/train/banana_fresh_03_hardcase_frame_000795.txt
train,/mnt/d/merged_fruit_36_clean_v2/yolo_fruit_dataset/_tmp_frames/apple_fresh_01_clear_closeup_frame_000060.jpg,/mnt/d/merged_fruit_36_clean_v2/yolo_fruit_dataset/images/train/apple_fresh_01_clear_closeup_frame_000060.jpg,/mnt/d/merged_fruit_36_clean_v2/yolo_fruit_dataset/labels/train/apple_fresh_01_clear_closeup_frame_000060.txt
train,/mnt/d/merged_fruit_36_clean_v2/yolo_fruit_dataset/_tmp_frames/bellpepper_fresh_02_real_context_frame_000105.jpg,/mnt/d/merged_fruit_36_clean_v2/yolo_fruit_dataset/images/train/bellpepper_fresh_02_real_context_frame_000105.jpg,/mnt/d/merged_fruit_36_clean_v2/yolo_fruit_dataset/labels/train/bellpepper_fresh_02_real_context_frame_000105.txt
train,/mnt/d/merged_fruit_36_clean_v2/yolo_fruit_dataset/_tmp_frames/carrot_rotten_01_mild_rotten_frame_000660.jpg,/mnt/d/merged_fruit_36_clean_v2/yolo_fruit_dataset/images/train/carrot_rotten_01_mild_rotten_frame_000660.jpg,/mnt/d/merged_fruit_36_clean_v2/yolo_fruit_dataset/labels/train/carrot_rotten_01_mild_rotten_frame_000660.txt
train,/mnt/d/merged_fruit_36_clean_v2/yolo_fruit_dataset/_tmp_frames/jujube_fresh_03_on_tree_hardcase_frame_000135.jpg,/mnt/d/merged_fruit_36_clean_v2/yolo_fruit_dataset/images/train/jujube_fresh_03_on_tree_hardcase_frame_000135.jpg,/mnt/d/merged_fruit_36_clean_v2/yolo_fruit_dataset/labels/train/jujube_fresh_03_on_tree_hardcase_frame_000135.txt
train,/mnt/d/merged_fruit_36_clean_v2/yolo_fruit_dataset/_tmp_frames/peach_rotten_02_mold_bruised_rotten_frame_000240.jpg,/mnt/d/merged_fruit_36_clean_v2/yolo_fruit_dataset/images/train/peach_rotten_02_mold_bruised_rotten_frame_000240.jpg,/mnt/d/merged_fruit_36_clean_v2/yolo_fruit_dataset/labels/train/peach_rotten_02_mold_bruised_rotten_frame_000240.txt
train,/mnt/d/merged_fruit_36_clean_v2/yolo_fruit_dataset/_tmp_frames/guava_rotten_01_mild_rotten_frame_000300.jpg,/mnt/d/merged_fruit_36_clean_v2/yolo_fruit_dataset/images/train/guava_rotten_01_mild_rotten_frame_000300.jpg,/mnt/d/merged_fruit_36_clean_v2/yolo_fruit_dataset/labels/train/guava_rotten_01_mild_rotten_frame_000300.txt
train,/mnt/d/merged_fruit_36_clean_v2/yolo_fruit_dataset/_tmp_frames/carambola_fresh_03_on_tree_hardcase_frame_000510.jpg,/mnt/d/merged_fruit_36_clean_v2/yolo_fruit_dataset/images/train/carambola_fresh_03_on_tree_hardcase_frame_000510.jpg,/mnt/d/merged_fruit_36_clean_v2/yolo_fruit_dataset/labels/train/carambola_fresh_03_on_tree_hardcase_frame_000510.txt
train,/mnt/d/merged_fruit_36_clean_v2/yolo_fruit_dataset/_tmp_frames/lemon_fresh_03_cut_open_hardcase_frame_000690.jpg,/mnt/d/merged_fruit_36_clean_v2/yolo_fruit_dataset/images/train/lemon_fresh_03_cut_open_hardcase_frame_000690.jpg,/mnt/d/merged_fruit_36_clean_v2/yolo_fruit_dataset/labels/train/lemon_fresh_03_cut_open_hardcase_frame_000690.txt
train,/mnt/d/merged_fruit_36_clean_v2/yolo_fruit_dataset/_tmp_frames/orange_rotten_01_mild_rotten_frame_000225.jpg,/mnt/d/merged_fruit_36_clean_v2/yolo_fruit_dataset/images/train/orange_rotten_01_mild_rotten_frame_000225.jpg,/mnt/d/merged_fruit_36_clean_v2/yolo_fruit_dataset/labels/train/orange_rotten_01_mild_rotten_frame_000225.txt
train,/mnt/d/merged_fruit_36_clean_v2/yolo_fruit_dataset/_tmp_frames/avocado_rotten_01_mild_rotten_frame_000225.jpg,/mnt/d/merged_fruit_36_clean_v2/yolo_fruit_dataset/images/train/avocado_rotten_01_mild_rotten_frame_000225.jpg,/mnt/d/merged_fruit_36_clean_v2/yolo_fruit_dataset/labels/train/avocado_rotten_01_mild_rotten_frame_000225.txt
train,/mnt/d/merged_fruit_36_clean_v2/yolo_fruit_dataset/_tmp_frames/strawberry_rotten_03_hardcase_rotten_frame_000645.jpg,/mnt/d/merged_fruit_36_clean_v2/yolo_fruit_dataset/images/train/strawberry_rotten_03_hardcase_rotten_frame_000645.jpg,/mnt/d/merged_fruit_36_clean_v2/yolo_fruit_dataset/labels/train/strawberry_rotten_03_hardcase_rotten_frame_000645.txt
train,/mnt/d/merged_fruit_36_clean_v2/yolo_fruit_dataset/_tmp_frames/tomato_rotten_01_mild_rotten_frame_000015.jpg,/mnt/d/merged_fruit_36_clean_v2/yolo_fruit_dataset/images/train/tomato_rotten_01_mild_rotten_frame_000015.jpg,/mnt/d/merged_fruit_36_clean_v2/yolo_fruit_dataset/labels/train/tomato_rotten_01_mild_rotten_frame_000015.txt
train,/mnt/d/merged_fruit_36_clean_v2/yolo_fruit_dataset/_tmp_frames/apple_rotten_03_hardcase_rotten_frame_000210.jpg,/mnt/d/merged_fruit_36_clean_v2/yolo_fruit_dataset/images/train/apple_rotten_03_hardcase_rotten_frame_000210.jpg,/mnt/d/merged_fruit_36_clean_v2/yolo_fruit_dataset/labels/train/apple_rotten_03_hardcase_rotten_frame_000210.txt
train,/mnt/d/merged_fruit_36_clean_v2/yolo_fruit_dataset/_tmp_frames/apple_fresh_03_hardcase_frame_000045.jpg,/mnt/d/merged_fruit_36_clean_v2/yolo_fruit_dataset/images/train/apple_fresh_03_hardcase_frame_000045.jpg,/mnt/d/merged_fruit_36_clean_v2/yolo_fruit_dataset/labels/train/apple_fresh_03_hardcase_frame_000045.txt
train,/mnt/d/merged_fruit_36_clean_v2/yolo_fruit_dataset/_tmp_frames/bellpepper_fresh_02_real_context_frame_000090.jpg,/mnt/d/merged_fruit_36_clean_v2/yolo_fruit_dataset/images/train/bellpepper_fresh_02_real_context_frame_000090.jpg,/mnt/d/merged_fruit_36_clean_v2/yolo_fruit_dataset/labels/train/bellpepper_fresh_02_real_context_frame_000090.txt
train,/mnt/d/merged_fruit_36_clean_v2/yolo_fruit_dataset/_tmp_frames/carambola_rotten_01_mild_rotten_frame_000180.jpg,/mnt/d/merged_fruit_36_clean_v2/yolo_fruit_dataset/images/train/carambola_rotten_01_mild_rotten_frame_000180.jpg,/mnt/d/merged_fruit_36_clean_v2/yolo_fruit_dataset/labels/train/carambola_rotten_01_mild_rotten_frame_000180.txt
train,/mnt/d/merged_fruit_36_clean_v2/yolo_fruit_dataset/_tmp_frames/strawberry_rotten_03_hardcase_rotten_frame_000390.jpg,/mnt/d/merged_fruit_36_clean_v2/yolo_fruit_dataset/images/train/strawberry_rotten_03_hardcase_rotten_frame_000390.jpg,/mnt/d/merged_fruit_36_clean_v2/yolo_fruit_dataset/labels/train/strawberry_rotten_03_hardcase_rotten_frame_000390.txt
train,/mnt/d/merged_fruit_36_clean_v2/yolo_fruit_dataset/_tmp_frames/grape_fresh_02_real_context_frame_000600.jpg,/mnt/d/merged_fruit_36_clean_v2/yolo_fruit_dataset/images/train/grape_fresh_02_real_context_frame_000600.jpg,/mnt/d/merged_fruit_36_clean_v2/yolo_fruit_dataset/labels/train/grape_fresh_02_real_context_frame_000600.txt
train,/mnt/d/merged_fruit_36_clean_v2/yolo_fruit_dataset/_tmp_frames/carrot_rotten_01_mild_rotten_frame_000105.jpg,/mnt/d/merged_fruit_36_clean_v2/yolo_fruit_dataset/images/train/carrot_rotten_01_mild_rotten_frame_000105.jpg,/mnt/d/merged_fruit_36_clean_v2/yolo_fruit_dataset/labels/train/carrot_rotten_01_mild_rotten_frame_000105.txt
train,/mnt/d/merged_fruit_36_clean_v2/yolo_fruit_dataset/_tmp_frames/strawberry_fresh_03_hardcase_frame_000000.jpg,/mnt/d/merged_fruit_36_clean_v2/yolo_fruit_dataset/images/train/strawberry_fresh_03_hardcase_frame_000000.jpg,/mnt/d/merged_fruit_36_clean_v2/yolo_fruit_dataset/labels/train/strawberry_fresh_03_hardcase_frame_000000.txt
train,/mnt/d/merged_fruit_36_clean_v2/yolo_fruit_dataset/_tmp_frames/grape_fresh_03_on_tree_hardcase_frame_000615.jpg,/mnt/d/merged_fruit_36_clean_v2/yolo_fruit_dataset/images/train/grape_fresh_03_on_tree_hardcase_frame_000615.jpg,/mnt/d/merged_fruit_36_clean_v2/yolo_fruit_dataset/labels/train/grape_fresh_03_on_tree_hardcase_frame_000615.txt
train,/mnt/d/merged_fruit_36_clean_v2/yolo_fruit_dataset/_tmp_frames/grape_fresh_01_clear_closeup_frame_000465.jpg,/mnt/d/merged_fruit_36_clean_v2/yolo_fruit_dataset/images/train/grape_fresh_01_clear_closeup_frame_000465.jpg,/mnt/d/merged_fruit_36_clean_v2/yolo_fruit_dataset/labels/train/grape_fresh_01_clear_closeup_frame_000465.txt
train,/mnt/d/merged_fruit_36_clean_v2/yolo_fruit_dataset/_tmp_frames/avocado_rotten_03_hardcase_rotten_frame_000165.jpg,/mnt/d/merged_fruit_36_clean_v2/yolo_fruit_dataset/images/train/avocado_rotten_03_hardcase_rotten_frame_000165.jpg,/mnt/d/merged_fruit_36_clean_v2/yolo_fruit_dataset/labels/train/avocado_rotten_03_hardcase_rotten_frame_000165.txt
train,/mnt/d/merged_fruit_36_clean_v2/yolo_fruit_dataset/_tmp_frames/bellpepper_rotten_03_hardcase_rotten_frame_000345.jpg,/mnt/d/merged_fruit_36_clean_v2/yolo_fruit_dataset/images/train/bellpepper_rotten_03_hardcase_rotten_frame_000345.jpg,/mnt/d/merged_fruit_36_clean_v2/yolo_fruit_dataset/labels/train/bellpepper_rotten_03_hardcase_rotten_frame_000345.txt
train,/mnt/d/merged_fruit_36_clean_v2/yolo_fruit_dataset/_tmp_frames/orange_rotten_03_hardcase_rotten_frame_000225.jpg,/mnt/d/merged_fruit_36_clean_v2/yolo_fruit_dataset/images/train/orange_rotten_03_hardcase_rotten_frame_000225.jpg,/mnt/d/merged_fruit_36_clean_v2/yolo_fruit_dataset/labels/train/orange_rotten_03_hardcase_rotten_frame_000225.txt
train,/mnt/d/merged_fruit_36_clean_v2/yolo_fruit_dataset/_tmp_frames/pomegranate_fresh_03_cut_open_hardcase_frame_000045.jpg,/mnt/d/merged_fruit_36_clean_v2/yolo_fruit_dataset/images/train/pomegranate_fresh_03_cut_open_hardcase_frame_000045.jpg,/mnt/d/merged_fruit_36_clean_v2/yolo_fruit_dataset/labels/train/pomegranate_fresh_03_cut_open_hardcase_frame_000045.txt
train,/mnt/d/merged_fruit_36_clean_v2/yolo_fruit_dataset/_tmp_frames/strawberry_fresh_01_clear_closeup_frame_000195.jpg,/mnt/d/merged_fruit_36_clean_v2/yolo_fruit_dataset/images/train/strawberry_fresh_01_clear_closeup_frame_000195.jpg,/mnt/d/merged_fruit_36_clean_v2/yolo_fruit_dataset/labels/train/strawberry_fresh_01_clear_closeup_frame_000195.txt
train,/mnt/d/merged_fruit_36_clean_v2/yolo_fruit_dataset/_tmp_frames/mango_rotten_03_hardcase_rotten_frame_000285.jpg,/mnt/d/merged_fruit_36_clean_v2/yolo_fruit_dataset/images/train/mango_rotten_03_hardcase_rotten_frame_000285.jpg,/mnt/d/merged_fruit_36_clean_v2/yolo_fruit_dataset/labels/train/mango_rotten_03_hardcase_rotten_frame_000285.txt
train,/mnt/d/merged_fruit_36_clean_v2/yolo_fruit_dataset/_tmp_frames/potato_fresh_02_real_context_frame_000150.jpg,/mnt/d/merged_fruit_36_clean_v2/yolo_fruit_dataset/images/train/potato_fresh_02_real_context_frame_000150.jpg,/mnt/d/merged_fruit_36_clean_v2/yolo_fruit_dataset/labels/train/potato_fresh_02_real_context_frame_000150.txt
train,/mnt/d/merged_fruit_36_clean_v2/yolo_fruit_dataset/_tmp_frames/orange_rotten_02_mold_soft_rotten_frame_000420.jpg,/mnt/d/merged_fruit_36_clean_v2/yolo_fruit_dataset/images/train/orange_rotten_02_mold_soft_rotten_frame_000420.jpg,/mnt/d/merged_fruit_36_clean_v2/yolo_fruit_dataset/labels/train/orange_rotten_02_mold_soft_rotten_frame_000420.txt
train,/mnt/d/merged_fruit_36_clean_v2/yolo_fruit_dataset/_tmp_frames/grape_fresh_02_real_context_frame_001320.jpg,/mnt/d/merged_fruit_36_clean_v2/yolo_fruit_dataset/images/train/grape_fresh_02_real_context_frame_001320.jpg,/mnt/d/merged_fruit_36_clean_v2/yolo_fruit_dataset/labels/train/grape_fresh_02_real_context_frame_001320.txt
train,/mnt/d/merged_fruit_36_clean_v2/yolo_fruit_dataset/_tmp_frames/potato_rotten_02_sprout_green_rotten_frame_000090.jpg,/mnt/d/merged_fruit_36_clean_v2/yolo_fruit_dataset/images/train/potato_rotten_02_sprout_green_rotten_frame_000090.jpg,/mnt/d/merged_fruit_36_clean_v2/yolo_fruit_dataset/labels/train/potato_rotten_02_sprout_green_rotten_frame_000090.txt
train,/mnt/d/merged_fruit_36_clean_v2/yolo_fruit_dataset/_tmp_frames/potato_fresh_01_clear_closeup_frame_000630.jpg,/mnt/d/merged_fruit_36_clean_v2/yolo_fruit_dataset/images/train/potato_fresh_01_clear_closeup_frame_000630.jpg,/mnt/d/merged_fruit_36_clean_v2/yolo_fruit_dataset/labels/train/potato_fresh_01_clear_closeup_frame_000630.txt
train,/mnt/d/merged_fruit_36_clean_v2/yolo_fruit_dataset/_tmp_frames/grape_fresh_01_clear_closeup_frame_000660.jpg,/mnt/d/merged_fruit_36_clean_v2/yolo_fruit_dataset/images/train/grape_fresh_01_clear_closeup_frame_000660.jpg,/mnt/d/merged_fruit_36_clean_v2/yolo_fruit_dataset/labels/train/grape_fresh_01_clear_closeup_frame_000660.txt
train,/mnt/d/merged_fruit_36_clean_v2/yolo_fruit_dataset/_tmp_frames/grape_fresh_02_real_context_frame_000195.jpg,/mnt/d/merged_fruit_36_clean_v2/yolo_fruit_dataset/images/train/grape_fresh_02_real_context_frame_000195.jpg,/mnt/d/merged_fruit_36_clean_v2/yolo_fruit_dataset/labels/train/grape_fresh_02_real_context_frame_000195.txt
train,/mnt/d/merged_fruit_36_clean_v2/raw_assets_from_zip/Cucumber/istockphoto-1157801934-1024x1024.jpg,/mnt/d/merged_fruit_36_clean_v2/yolo_fruit_dataset/images/train/istockphoto-1157801934-1024x1024.jpg,/mnt/d/merged_fruit_36_clean_v2/yolo_fruit_dataset/labels/train/istockphoto-1157801934-1024x1024.txt
train,/mnt/d/merged_fruit_36_clean_v2/yolo_fruit_dataset/_tmp_frames/lemon_fresh_03_cut_open_hardcase_frame_000180.jpg,/mnt/d/merged_fruit_36_clean_v2/yolo_fruit_dataset/images/train/lemon_fresh_03_cut_open_hardcase_frame_000180.jpg,/mnt/d/merged_fruit_36_clean_v2/yolo_fruit_dataset/labels/train/lemon_fresh_03_cut_open_hardcase_frame_000180.txt
train,/mnt/d/merged_fruit_36_clean_v2/yolo_fruit_dataset/_tmp_frames/grape_fresh_02_real_context_frame_000015.jpg,/mnt/d/merged_fruit_36_clean_v2/yolo_fruit_dataset/images/train/grape_fresh_02_real_context_frame_000015.jpg,/mnt/d/merged_fruit_36_clean_v2/yolo_fruit_dataset/labels/train/grape_fresh_02_real_context_frame_000015.txt
train,/mnt/d/merged_fruit_36_clean_v2/yolo_fruit_dataset/_tmp_frames/bellpepper_rotten_03_hardcase_rotten_frame_000600.jpg,/mnt/d/merged_fruit_36_clean_v2/yolo_fruit_dataset/images/train/bellpepper_rotten_03_hardcase_rotten_frame_000600.jpg,/mnt/d/merged_fruit_36_clean_v2/yolo_fruit_dataset/labels/train/bellpepper_rotten_03_hardcase_rotten_frame_000600.txt
train,/mnt/d/merged_fruit_36_clean_v2/yolo_fruit_dataset/_tmp_frames/strawberry_fresh_01_clear_closeup_frame_000135.jpg,/mnt/d/merged_fruit_36_clean_v2/yolo_fruit_dataset/images/train/strawberry_fresh_01_clear_closeup_frame_000135.jpg,/mnt/d/merged_fruit_36_clean_v2/yolo_fruit_dataset/labels/train/strawberry_fresh_01_clear_closeup_frame_000135.txt
train,/mnt/d/merged_fruit_36_clean_v2/yolo_fruit_dataset/_tmp_frames/lemon_rotten_03_hardcase_rotten_frame_000030.jpg,/mnt/d/merged_fruit_36_clean_v2/yolo_fruit_dataset/images/train/lemon_rotten_03_hardcase_rotten_frame_000030.jpg,/mnt/d/merged_fruit_36_clean_v2/yolo_fruit_dataset/labels/train/lemon_rotten_03_hardcase_rotten_frame_000030.txt
train,/mnt/d/merged_fruit_36_clean_v2/yolo_fruit_dataset/_tmp_frames/carambola_fresh_03_on_tree_hardcase_frame_000345.jpg,/mnt/d/merged_fruit_36_clean_v2/yolo_fruit_dataset/images/train/carambola_fresh_03_on_tree_hardcase_frame_000345.jpg,/mnt/d/merged_fruit_36_clean_v2/yolo_fruit_dataset/labels/train/carambola_fresh_03_on_tree_hardcase_frame_000345.txt
train,/mnt/d/merged_fruit_36_clean_v2/yolo_fruit_dataset/_tmp_frames/banana_rotten_02_black_bruised_rotten_frame_000135.jpg,/mnt/d/merged_fruit_36_clean_v2/yolo_fruit_dataset/images/train/banana_rotten_02_black_bruised_rotten_frame_000135.jpg,/mnt/d/merged_fruit_36_clean_v2/yolo_fruit_dataset/labels/train/banana_rotten_02_black_bruised_rotten_frame_000135.txt
train,/mnt/d/merged_fruit_36_clean_v2/yolo_fruit_dataset/_tmp_frames/grape_fresh_01_clear_closeup_frame_001200.jpg,/mnt/d/merged_fruit_36_clean_v2/yolo_fruit_dataset/images/train/grape_fresh_01_clear_closeup_frame_001200.jpg,/mnt/d/merged_fruit_36_clean_v2/yolo_fruit_dataset/labels/train/grape_fresh_01_clear_closeup_frame_001200.txt
train,/mnt/d/merged_fruit_36_clean_v2/yolo_fruit_dataset/_tmp_frames/jujube_fresh_03_on_tree_hardcase_frame_000315.jpg,/mnt/d/merged_fruit_36_clean_v2/yolo_fruit_dataset/images/train/jujube_fresh_03_on_tree_hardcase_frame_000315.jpg,/mnt/d/merged_fruit_36_clean_v2/yolo_fruit_dataset/labels/train/jujube_fresh_03_on_tree_hardcase_frame_000315.txt
train,/mnt/d/merged_fruit_36_clean_v2/yolo_fruit_dataset/_tmp_frames/grape_fresh_03_on_tree_hardcase_frame_000075.jpg,/mnt/d/merged_fruit_36_clean_v2/yolo_fruit_dataset/images/train/grape_fresh_03_on_tree_hardcase_frame_000075.jpg,/mnt/d/merged_fruit_36_clean_v2/yolo_fruit_dataset/labels/train/grape_fresh_03_on_tree_hardcase_frame_000075.txt
train,/mnt/d/merged_fruit_36_clean_v2/yolo_fruit_dataset/_tmp_frames/lemon_fresh_03_cut_open_hardcase_frame_000315.jpg,/mnt/d/merged_fruit_36_clean_v2/yolo_fruit_dataset/images/train/lemon_fresh_03_cut_open_hardcase_frame_000315.jpg,/mnt/d/merged_fruit_36_clean_v2/yolo_fruit_dataset/labels/train/lemon_fresh_03_cut_open_hardcase_frame_000315.txt
train,/mnt/d/merged_fruit_36_clean_v2/yolo_fruit_dataset/_tmp_frames/grape_fresh_02_real_context_frame_000525.jpg,/mnt/d/merged_fruit_36_clean_v2/yolo_fruit_dataset/images/train/grape_fresh_02_real_context_frame_000525.jpg,/mnt/d/merged_fruit_36_clean_v2/yolo_fruit_dataset/labels/train/grape_fresh_02_real_context_frame_000525.txt
train,/mnt/d/merged_fruit_36_clean_v2/yolo_fruit_dataset/_tmp_frames/pomegranate_fresh_02_real_context_frame_000075.jpg,/mnt/d/merged_fruit_36_clean_v2/yolo_fruit_dataset/images/train/pomegranate_fresh_02_real_context_frame_000075.jpg,/mnt/d/merged_fruit_36_clean_v2/yolo_fruit_dataset/labels/train/pomegranate_fresh_02_real_context_frame_000075.txt
train,/mnt/d/merged_fruit_36_clean_v2/yolo_fruit_dataset/_tmp_frames/grape_fresh_01_clear_closeup_frame_001485.jpg,/mnt/d/merged_fruit_36_clean_v2/yolo_fruit_dataset/images/train/grape_fresh_01_clear_closeup_frame_001485.jpg,/mnt/d/merged_fruit_36_clean_v2/yolo_fruit_dataset/labels/train/grape_fresh_01_clear_closeup_frame_001485.txt
train,/mnt/d/merged_fruit_36_clean_v2/yolo_fruit_dataset/_tmp_frames/banana_rotten_01_mild_rotten_frame_000405.jpg,/mnt/d/merged_fruit_36_clean_v2/yolo_fruit_dataset/images/train/banana_rotten_01_mild_rotten_frame_000405.jpg,/mnt/d/merged_fruit_36_clean_v2/yolo_fruit_dataset/labels/train/banana_rotten_01_mild_rotten_frame_000405.txt
train,/mnt/d/merged_fruit_36_clean_v2/yolo_fruit_dataset/_tmp_frames/grape_fresh_02_real_context_frame_000810.jpg,/mnt/d/merged_fruit_36_clean_v2/yolo_fruit_dataset/images/train/grape_fresh_02_real_context_frame_000810.jpg,/mnt/d/merged_fruit_36_clean_v2/yolo_fruit_dataset/labels/train/grape_fresh_02_real_context_frame_000810.txt
train,/mnt/d/merged_fruit_36_clean_v2/yolo_fruit_dataset/_tmp_frames/grape_fresh_03_on_tree_hardcase_frame_000315.jpg,/mnt/d/merged_fruit_36_clean_v2/yolo_fruit_dataset/images/train/grape_fresh_03_on_tree_hardcase_frame_000315.jpg,/mnt/d/merged_fruit_36_clean_v2/yolo_fruit_dataset/labels/train/grape_fresh_03_on_tree_hardcase_frame_000315.txt
train,/mnt/d/merged_fruit_36_clean_v2/yolo_fruit_dataset/_tmp_frames/avocado_rotten_01_mild_rotten_frame_000045.jpg,/mnt/d/merged_fruit_36_clean_v2/yolo_fruit_dataset/images/train/avocado_rotten_01_mild_rotten_frame_000045.jpg,/mnt/d/merged_fruit_36_clean_v2/yolo_fruit_dataset/labels/train/avocado_rotten_01_mild_rotten_frame_000045.txt
train,/mnt/d/merged_fruit_36_clean_v2/yolo_fruit_dataset/_tmp_frames/mango_rotten_02_black_bruised_rotten_frame_000075.jpg,/mnt/d/merged_fruit_36_clean_v2/yolo_fruit_dataset/images/train/mango_rotten_02_black_bruised_rotten_frame_000075.jpg,/mnt/d/merged_fruit_36_clean_v2/yolo_fruit_dataset/labels/train/mango_rotten_02_black_bruised_rotten_frame_000075.txt
train,/mnt/d/merged_fruit_36_clean_v2/yolo_fruit_dataset/_tmp_frames/guava_fresh_02_real_context_frame_000045.jpg,/mnt/d/merged_fruit_36_clean_v2/yolo_fruit_dataset/images/train/guava_fresh_02_real_context_frame_000045.jpg,/mnt/d/merged_fruit_36_clean_v2/yolo_fruit_dataset/labels/train/guava_fresh_02_real_context_frame_000045.txt
train,/mnt/d/merged_fruit_36_clean_v2/yolo_fruit_dataset/_tmp_frames/carambola_rotten_01_mild_rotten_frame_000060.jpg,/mnt/d/merged_fruit_36_clean_v2/yolo_fruit_dataset/images/train/carambola_rotten_01_mild_rotten_frame_000060.jpg,/mnt/d/merged_fruit_36_clean_v2/yolo_fruit_dataset/labels/train/carambola_rotten_01_mild_rotten_frame_000060.txt
train,/mnt/d/merged_fruit_36_clean_v2/yolo_fruit_dataset/_tmp_frames/pomegranate_rotten_01_mild_rotten_frame_000075.jpg,/mnt/d/merged_fruit_36_clean_v2/yolo_fruit_dataset/images/train/pomegranate_rotten_01_mild_rotten_frame_000075.jpg,/mnt/d/merged_fruit_36_clean_v2/yolo_fruit_dataset/labels/train/pomegranate_rotten_01_mild_rotten_frame_000075.txt
train,/mnt/d/merged_fruit_36_clean_v2/raw_assets_from_zip/Cucumber/istockphoto-1353025791-1024x1024.jpg,/mnt/d/merged_fruit_36_clean_v2/yolo_fruit_dataset/images/train/istockphoto-1353025791-1024x1024.jpg,/mnt/d/merged_fruit_36_clean_v2/yolo_fruit_dataset/labels/train/istockphoto-1353025791-1024x1024.txt
train,/mnt/d/merged_fruit_36_clean_v2/yolo_fruit_dataset/_tmp_frames/mango_rotten_02_black_bruised_rotten_frame_000375.jpg,/mnt/d/merged_fruit_36_clean_v2/yolo_fruit_dataset/images/train/mango_rotten_02_black_bruised_rotten_frame_000375.jpg,/mnt/d/merged_fruit_36_clean_v2/yolo_fruit_dataset/labels/train/mango_rotten_02_black_bruised_rotten_frame_000375.txt
train,/mnt/d/merged_fruit_36_clean_v2/yolo_fruit_dataset/_tmp_frames/apple_rotten_03_hardcase_rotten_frame_000090.jpg,/mnt/d/merged_fruit_36_clean_v2/yolo_fruit_dataset/images/train/apple_rotten_03_hardcase_rotten_frame_000090.jpg,/mnt/d/merged_fruit_36_clean_v2/yolo_fruit_dataset/labels/train/apple_rotten_03_hardcase_rotten_frame_000090.txt
train,/mnt/d/merged_fruit_36_clean_v2/yolo_fruit_dataset/_tmp_frames/carrot_rotten_02_mold_soft_rotten_frame_000540.jpg,/mnt/d/merged_fruit_36_clean_v2/yolo_fruit_dataset/images/train/carrot_rotten_02_mold_soft_rotten_frame_000540.jpg,/mnt/d/merged_fruit_36_clean_v2/yolo_fruit_dataset/labels/train/carrot_rotten_02_mold_soft_rotten_frame_000540.txt
train,/mnt/d/merged_fruit_36_clean_v2/yolo_fruit_dataset/_tmp_frames/carambola_fresh_03_on_tree_hardcase_frame_000240.jpg,/mnt/d/merged_fruit_36_clean_v2/yolo_fruit_dataset/images/train/carambola_fresh_03_on_tree_hardcase_frame_000240.jpg,/mnt/d/merged_fruit_36_clean_v2/yolo_fruit_dataset/labels/train/carambola_fresh_03_on_tree_hardcase_frame_000240.txt
train,/mnt/d/merged_fruit_36_clean_v2/yolo_fruit_dataset/_tmp_frames/guava_rotten_02_mold_bruised_rotten_frame_000060.jpg,/mnt/d/merged_fruit_36_clean_v2/yolo_fruit_dataset/images/train/guava_rotten_02_mold_bruised_rotten_frame_000060.jpg,/mnt/d/merged_fruit_36_clean_v2/yolo_fruit_dataset/labels/train/guava_rotten_02_mold_bruised_rotten_frame_000060.txt
train,/mnt/d/merged_fruit_36_clean_v2/yolo_fruit_dataset/_tmp_frames/banana_fresh_03_hardcase_frame_001350.jpg,/mnt/d/merged_fruit_36_clean_v2/yolo_fruit_dataset/images/train/banana_fresh_03_hardcase_frame_001350.jpg,/mnt/d/merged_fruit_36_clean_v2/yolo_fruit_dataset/labels/train/banana_fresh_03_hardcase_frame_001350.txt
train,/mnt/d/merged_fruit_36_clean_v2/yolo_fruit_dataset/_tmp_frames/pomegranate_fresh_03_cut_open_hardcase_frame_000060.jpg,/mnt/d/merged_fruit_36_clean_v2/yolo_fruit_dataset/images/train/pomegranate_fresh_03_cut_open_hardcase_frame_000060.jpg,/mnt/d/merged_fruit_36_clean_v2/yolo_fruit_dataset/labels/train/pomegranate_fresh_03_cut_open_hardcase_frame_000060.txt
train,/mnt/d/merged_fruit_36_clean_v2/yolo_fruit_dataset/_tmp_frames/mango_rotten_02_black_bruised_rotten_frame_000390.jpg,/mnt/d/merged_fruit_36_clean_v2/yolo_fruit_dataset/images/train/mango_rotten_02_black_bruised_rotten_frame_000390.jpg,/mnt/d/merged_fruit_36_clean_v2/yolo_fruit_dataset/labels/train/mango_rotten_02_black_bruised_rotten_frame_000390.txt
train,/mnt/d/merged_fruit_36_clean_v2/yolo_fruit_dataset/_tmp_frames/potato_rotten_02_sprout_green_rotten_frame_000645.jpg,/mnt/d/merged_fruit_36_clean_v2/yolo_fruit_dataset/images/train/potato_rotten_02_sprout_green_rotten_frame_000645.jpg,/mnt/d/merged_fruit_36_clean_v2/yolo_fruit_dataset/labels/train/potato_rotten_02_sprout_green_rotten_frame_000645.txt
train,/mnt/d/merged_fruit_36_clean_v2/yolo_fruit_dataset/_tmp_frames/grape_rotten_01_mild_rotten_frame_000600.jpg,/mnt/d/merged_fruit_36_clean_v2/yolo_fruit_dataset/images/train/grape_rotten_01_mild_rotten_frame_000600.jpg,/mnt/d/merged_fruit_36_clean_v2/yolo_fruit_dataset/labels/train/grape_rotten_01_mild_rotten_frame_000600.txt
train,/mnt/d/merged_fruit_36_clean_v2/yolo_fruit_dataset/_tmp_frames/mango_rotten_02_black_bruised_rotten_frame_000270.jpg,/mnt/d/merged_fruit_36_clean_v2/yolo_fruit_dataset/images/train/mango_rotten_02_black_bruised_rotten_frame_000270.jpg,/mnt/d/merged_fruit_36_clean_v2/yolo_fruit_dataset/labels/train/mango_rotten_02_black_bruised_rotten_frame_000270.txt
train,/mnt/d/merged_fruit_36_clean_v2/yolo_fruit_dataset/_tmp_frames/banana_fresh_03_hardcase_frame_000915.jpg,/mnt/d/merged_fruit_36_clean_v2/yolo_fruit_dataset/images/train/banana_fresh_03_hardcase_frame_000915.jpg,/mnt/d/merged_fruit_36_clean_v2/yolo_fruit_dataset/labels/train/banana_fresh_03_hardcase_frame_000915.txt
train,/mnt/d/merged_fruit_36_clean_v2/yolo_fruit_dataset/_tmp_frames/apple_rotten_01_mild_rotten_frame_000675.jpg,/mnt/d/merged_fruit_36_clean_v2/yolo_fruit_dataset/images/train/apple_rotten_01_mild_rotten_frame_000675.jpg,/mnt/d/merged_fruit_36_clean_v2/yolo_fruit_dataset/labels/train/apple_rotten_01_mild_rotten_frame_000675.txt
train,/mnt/d/merged_fruit_36_clean_v2/yolo_fruit_dataset/_tmp_frames/potato_rotten_02_sprout_green_rotten_frame_000255.jpg,/mnt/d/merged_fruit_36_clean_v2/yolo_fruit_dataset/images/train/potato_rotten_02_sprout_green_rotten_frame_000255.jpg,/mnt/d/merged_fruit_36_clean_v2/yolo_fruit_dataset/labels/train/potato_rotten_02_sprout_green_rotten_frame_000255.txt
train,/mnt/d/merged_fruit_36_clean_v2/yolo_fruit_dataset/_tmp_frames/tomato_fresh_01_clear_closeup_frame_000285.jpg,/mnt/d/merged_fruit_36_clean_v2/yolo_fruit_dataset/images/train/tomato_fresh_01_clear_closeup_frame_000285.jpg,/mnt/d/merged_fruit_36_clean_v2/yolo_fruit_dataset/labels/train/tomato_fresh_01_clear_closeup_frame_000285.txt
train,/mnt/d/merged_fruit_36_clean_v2/yolo_fruit_dataset/_tmp_frames/cucumber_fresh_01_clear_closeup_frame_000135.jpg,/mnt/d/merged_fruit_36_clean_v2/yolo_fruit_dataset/images/train/cucumber_fresh_01_clear_closeup_frame_000135.jpg,/mnt/d/merged_fruit_36_clean_v2/yolo_fruit_dataset/labels/train/cucumber_fresh_01_clear_closeup_frame_000135.txt
train,/mnt/d/merged_fruit_36_clean_v2/yolo_fruit_dataset/_tmp_frames/tomato_rotten_03_hardcase_rotten_frame_000255.jpg,/mnt/d/merged_fruit_36_clean_v2/yolo_fruit_dataset/images/train/tomato_rotten_03_hardcase_rotten_frame_000255.jpg,/mnt/d/merged_fruit_36_clean_v2/yolo_fruit_dataset/labels/train/tomato_rotten_03_hardcase_rotten_frame_000255.txt
train,/mnt/d/merged_fruit_36_clean_v2/yolo_fruit_dataset/_tmp_frames/apple_rotten_01_mild_rotten_frame_000030.jpg,/mnt/d/merged_fruit_36_clean_v2/yolo_fruit_dataset/images/train/apple_rotten_01_mild_rotten_frame_000030.jpg,/mnt/d/merged_fruit_36_clean_v2/yolo_fruit_dataset/labels/train/apple_rotten_01_mild_rotten_frame_000030.txt
train,/mnt/d/merged_fruit_36_clean_v2/yolo_fruit_dataset/_tmp_frames/grape_fresh_03_on_tree_hardcase_frame_000375.jpg,/mnt/d/merged_fruit_36_clean_v2/yolo_fruit_dataset/images/train/grape_fresh_03_on_tree_hardcase_frame_000375.jpg,/mnt/d/merged_fruit_36_clean_v2/yolo_fruit_dataset/labels/train/grape_fresh_03_on_tree_hardcase_frame_000375.txt
train,/mnt/d/merged_fruit_36_clean_v2/yolo_fruit_dataset/_tmp_frames/jujube_fresh_03_on_tree_hardcase_frame_000150.jpg,/mnt/d/merged_fruit_36_clean_v2/yolo_fruit_dataset/images/train/jujube_fresh_03_on_tree_hardcase_frame_000150.jpg,/mnt/d/merged_fruit_36_clean_v2/yolo_fruit_dataset/labels/train/jujube_fresh_03_on_tree_hardcase_frame_000150.txt
train,/mnt/d/merged_fruit_36_clean_v2/yolo_fruit_dataset/_tmp_frames/pomegranate_fresh_02_real_context_frame_000210.jpg,/mnt/d/merged_fruit_36_clean_v2/yolo_fruit_dataset/images/train/pomegranate_fresh_02_real_context_frame_000210.jpg,/mnt/d/merged_fruit_36_clean_v2/yolo_fruit_dataset/labels/train/pomegranate_fresh_02_real_context_frame_000210.txt
train,/mnt/d/merged_fruit_36_clean_v2/yolo_fruit_dataset/_tmp_frames/grape_rotten_03_hardcase_rotten_frame_000015.jpg,/mnt/d/merged_fruit_36_clean_v2/yolo_fruit_dataset/images/train/grape_rotten_03_hardcase_rotten_frame_000015.jpg,/mnt/d/merged_fruit_36_clean_v2/yolo_fruit_dataset/labels/train/grape_rotten_03_hardcase_rotten_frame_000015.txt
train,/mnt/d/merged_fruit_36_clean_v2/yolo_fruit_dataset/_tmp_frames/grape_fresh_01_clear_closeup_frame_000180.jpg,/mnt/d/merged_fruit_36_clean_v2/yolo_fruit_dataset/images/train/grape_fresh_01_clear_closeup_frame_000180.jpg,/mnt/d/merged_fruit_36_clean_v2/yolo_fruit_dataset/labels/train/grape_fresh_01_clear_closeup_frame_000180.txt
train,/mnt/d/merged_fruit_36_clean_v2/yolo_fruit_dataset/_tmp_frames/tomato_rotten_02_soft_mold_rotten_frame_000030.jpg,/mnt/d/merged_fruit_36_clean_v2/yolo_fruit_dataset/images/train/tomato_rotten_02_soft_mold_rotten_frame_000030.jpg,/mnt/d/merged_fruit_36_clean_v2/yolo_fruit_dataset/labels/train/tomato_rotten_02_soft_mold_rotten_frame_000030.txt
train,/mnt/d/merged_fruit_36_clean_v2/yolo_fruit_dataset/_tmp_frames/grape_fresh_01_clear_closeup_frame_000150.jpg,/mnt/d/merged_fruit_36_clean_v2/yolo_fruit_dataset/images/train/grape_fresh_01_clear_closeup_frame_000150.jpg,/mnt/d/merged_fruit_36_clean_v2/yolo_fruit_dataset/labels/train/grape_fresh_01_clear_closeup_frame_000150.txt
train,/mnt/d/merged_fruit_36_clean_v2/yolo_fruit_dataset/_tmp_frames/grape_fresh_03_on_tree_hardcase_frame_000195.jpg,/mnt/d/merged_fruit_36_clean_v2/yolo_fruit_dataset/images/train/grape_fresh_03_on_tree_hardcase_frame_000195.jpg,/mnt/d/merged_fruit_36_clean_v2/yolo_fruit_dataset/labels/train/grape_fresh_03_on_tree_hardcase_frame_000195.txt
train,/mnt/d/merged_fruit_36_clean_v2/yolo_fruit_dataset/_tmp_frames/jujube_fresh_03_on_tree_hardcase_frame_000075.jpg,/mnt/d/merged_fruit_36_clean_v2/yolo_fruit_dataset/images/train/jujube_fresh_03_on_tree_hardcase_frame_000075.jpg,/mnt/d/merged_fruit_36_clean_v2/yolo_fruit_dataset/labels/train/jujube_fresh_03_on_tree_hardcase_frame_000075.txt
train,/mnt/d/merged_fruit_36_clean_v2/yolo_fruit_dataset/_tmp_frames/carambola_fresh_03_on_tree_hardcase_frame_000435.jpg,/mnt/d/merged_fruit_36_clean_v2/yolo_fruit_dataset/images/train/carambola_fresh_03_on_tree_hardcase_frame_000435.jpg,/mnt/d/merged_fruit_36_clean_v2/yolo_fruit_dataset/labels/train/carambola_fresh_03_on_tree_hardcase_frame_000435.txt
train,/mnt/d/merged_fruit_36_clean_v2/yolo_fruit_dataset/_tmp_frames/apple_fresh_02_real_context_frame_000975.jpg,/mnt/d/merged_fruit_36_clean_v2/yolo_fruit_dataset/images/train/apple_fresh_02_real_context_frame_000975.jpg,/mnt/d/merged_fruit_36_clean_v2/yolo_fruit_dataset/labels/train/apple_fresh_02_real_context_frame_000975.txt
train,/mnt/d/merged_fruit_36_clean_v2/yolo_fruit_dataset/_tmp_frames/carrot_fresh_01_clear_closeup_frame_000330.jpg,/mnt/d/merged_fruit_36_clean_v2/yolo_fruit_dataset/images/train/carrot_fresh_01_clear_closeup_frame_000330.jpg,/mnt/d/merged_fruit_36_clean_v2/yolo_fruit_dataset/labels/train/carrot_fresh_01_clear_closeup_frame_000330.txt
train,/mnt/d/merged_fruit_36_clean_v2/yolo_fruit_dataset/_tmp_frames/carrot_fresh_02_real_context_frame_000180.jpg,/mnt/d/merged_fruit_36_clean_v2/yolo_fruit_dataset/images/train/carrot_fresh_02_real_context_frame_000180.jpg,/mnt/d/merged_fruit_36_clean_v2/yolo_fruit_dataset/labels/train/carrot_fresh_02_real_context_frame_000180.txt
train,/mnt/d/merged_fruit_36_clean_v2/yolo_fruit_dataset/_tmp_frames/grape_fresh_02_real_context_frame_000285.jpg,/mnt/d/merged_fruit_36_clean_v2/yolo_fruit_dataset/images/train/grape_fresh_02_real_context_frame_000285.jpg,/mnt/d/merged_fruit_36_clean_v2/yolo_fruit_dataset/labels/train/grape_fresh_02_real_context_frame_000285.txt
train,/mnt/d/merged_fruit_36_clean_v2/yolo_fruit_dataset/_tmp_frames/grape_rotten_02_mold_bruised_rotten_frame_000240.jpg,/mnt/d/merged_fruit_36_clean_v2/yolo_fruit_dataset/images/train/grape_rotten_02_mold_bruised_rotten_frame_000240.jpg,/mnt/d/merged_fruit_36_clean_v2/yolo_fruit_dataset/labels/train/grape_rotten_02_mold_bruised_rotten_frame_000240.txt
train,/mnt/d/merged_fruit_36_clean_v2/yolo_fruit_dataset/_tmp_frames/orange_rotten_02_mold_soft_rotten_frame_000135.jpg,/mnt/d/merged_fruit_36_clean_v2/yolo_fruit_dataset/images/train/orange_rotten_02_mold_soft_rotten_frame_000135.jpg,/mnt/d/merged_fruit_36_clean_v2/yolo_fruit_dataset/labels/train/orange_rotten_02_mold_soft_rotten_frame_000135.txt
train,/mnt/d/merged_fruit_36_clean_v2/yolo_fruit_dataset/_tmp_frames/carambola_rotten_02_mold_bruised_rotten_frame_000015.jpg,/mnt/d/merged_fruit_36_clean_v2/yolo_fruit_dataset/images/train/carambola_rotten_02_mold_bruised_rotten_frame_000015.jpg,/mnt/d/merged_fruit_36_clean_v2/yolo_fruit_dataset/labels/train/carambola_rotten_02_mold_bruised_rotten_frame_000015.txt
train,/mnt/d/merged_fruit_36_clean_v2/yolo_fruit_dataset/_tmp_frames/carrot_fresh_01_clear_closeup_frame_000300.jpg,/mnt/d/merged_fruit_36_clean_v2/yolo_fruit_dataset/images/train/carrot_fresh_01_clear_closeup_frame_000300.jpg,/mnt/d/merged_fruit_36_clean_v2/yolo_fruit_dataset/labels/train/carrot_fresh_01_clear_closeup_frame_000300.txt
train,/mnt/d/merged_fruit_36_clean_v2/yolo_fruit_dataset/_tmp_frames/orange_rotten_03_hardcase_rotten_frame_000060.jpg,/mnt/d/merged_fruit_36_clean_v2/yolo_fruit_dataset/images/train/orange_rotten_03_hardcase_rotten_frame_000060.jpg,/mnt/d/merged_fruit_36_clean_v2/yolo_fruit_dataset/labels/train/orange_rotten_03_hardcase_rotten_frame_000060.txt
train,/mnt/d/merged_fruit_36_clean_v2/yolo_fruit_dataset/_tmp_frames/apple_rotten_01_mild_rotten_frame_000705.jpg,/mnt/d/merged_fruit_36_clean_v2/yolo_fruit_dataset/images/train/apple_rotten_01_mild_rotten_frame_000705.jpg,/mnt/d/merged_fruit_36_clean_v2/yolo_fruit_dataset/labels/train/apple_rotten_01_mild_rotten_frame_000705.txt
train,/mnt/d/merged_fruit_36_clean_v2/yolo_fruit_dataset/_tmp_frames/guava_rotten_01_mild_rotten_frame_000210.jpg,/mnt/d/merged_fruit_36_clean_v2/yolo_fruit_dataset/images/train/guava_rotten_01_mild_rotten_frame_000210.jpg,/mnt/d/merged_fruit_36_clean_v2/yolo_fruit_dataset/labels/train/guava_rotten_01_mild_rotten_frame_000210.txt
train,/mnt/d/merged_fruit_36_clean_v2/yolo_fruit_dataset/_tmp_frames/banana_fresh_03_hardcase_frame_000885.jpg,/mnt/d/merged_fruit_36_clean_v2/yolo_fruit_dataset/images/train/banana_fresh_03_hardcase_frame_000885.jpg,/mnt/d/merged_fruit_36_clean_v2/yolo_fruit_dataset/labels/train/banana_fresh_03_hardcase_frame_000885.txt
train,/mnt/d/merged_fruit_36_clean_v2/yolo_fruit_dataset/_tmp_frames/bellpepper_fresh_03_cut_open_hardcase_frame_000105.jpg,/mnt/d/merged_fruit_36_clean_v2/yolo_fruit_dataset/images/train/bellpepper_fresh_03_cut_open_hardcase_frame_000105.jpg,/mnt/d/merged_fruit_36_clean_v2/yolo_fruit_dataset/labels/train/bellpepper_fresh_03_cut_open_hardcase_frame_000105.txt
train,/mnt/d/merged_fruit_36_clean_v2/yolo_fruit_dataset/_tmp_frames/tomato_fresh_01_clear_closeup_frame_000435.jpg,/mnt/d/merged_fruit_36_clean_v2/yolo_fruit_dataset/images/train/tomato_fresh_01_clear_closeup_frame_000435.jpg,/mnt/d/merged_fruit_36_clean_v2/yolo_fruit_dataset/labels/train/tomato_fresh_01_clear_closeup_frame_000435.txt
train,/mnt/d/merged_fruit_36_clean_v2/yolo_fruit_dataset/_tmp_frames/carrot_rotten_02_mold_soft_rotten_frame_000135.jpg,/mnt/d/merged_fruit_36_clean_v2/yolo_fruit_dataset/images/train/carrot_rotten_02_mold_soft_rotten_frame_000135.jpg,/mnt/d/merged_fruit_36_clean_v2/yolo_fruit_dataset/labels/train/carrot_rotten_02_mold_soft_rotten_frame_000135.txt
train,/mnt/d/merged_fruit_36_clean_v2/yolo_fruit_dataset/_tmp_frames/lemon_fresh_03_cut_open_hardcase_frame_000525.jpg,/mnt/d/merged_fruit_36_clean_v2/yolo_fruit_dataset/images/train/lemon_fresh_03_cut_open_hardcase_frame_000525.jpg,/mnt/d/merged_fruit_36_clean_v2/yolo_fruit_dataset/labels/train/lemon_fresh_03_cut_open_hardcase_frame_000525.txt
train,/mnt/d/merged_fruit_36_clean_v2/yolo_fruit_dataset/_tmp_frames/grape_fresh_03_on_tree_hardcase_frame_000435.jpg,/mnt/d/merged_fruit_36_clean_v2/yolo_fruit_dataset/images/train/grape_fresh_03_on_tree_hardcase_frame_000435.jpg,/mnt/d/merged_fruit_36_clean_v2/yolo_fruit_dataset/labels/train/grape_fresh_03_on_tree_hardcase_frame_000435.txt
train,/mnt/d/merged_fruit_36_clean_v2/yolo_fruit_dataset/_tmp_frames/carambola_fresh_01_clear_closeup_frame_000165.jpg,/mnt/d/merged_fruit_36_clean_v2/yolo_fruit_dataset/images/train/carambola_fresh_01_clear_closeup_frame_000165.jpg,/mnt/d/merged_fruit_36_clean_v2/yolo_fruit_dataset/labels/train/carambola_fresh_01_clear_closeup_frame_000165.txt
train,/mnt/d/merged_fruit_36_clean_v2/yolo_fruit_dataset/_tmp_frames/apple_fresh_03_hardcase_frame_000060.jpg,/mnt/d/merged_fruit_36_clean_v2/yolo_fruit_dataset/images/train/apple_fresh_03_hardcase_frame_000060.jpg,/mnt/d/merged_fruit_36_clean_v2/yolo_fruit_dataset/labels/train/apple_fresh_03_hardcase_frame_000060.txt
train,/mnt/d/merged_fruit_36_clean_v2/yolo_fruit_dataset/_tmp_frames/lemon_fresh_03_cut_open_hardcase_frame_000555.jpg,/mnt/d/merged_fruit_36_clean_v2/yolo_fruit_dataset/images/train/lemon_fresh_03_cut_open_hardcase_frame_000555.jpg,/mnt/d/merged_fruit_36_clean_v2/yolo_fruit_dataset/labels/train/lemon_fresh_03_cut_open_hardcase_frame_000555.txt
train,/mnt/d/merged_fruit_36_clean_v2/yolo_fruit_dataset/_tmp_frames/carambola_fresh_01_clear_closeup_frame_000030.jpg,/mnt/d/merged_fruit_36_clean_v2/yolo_fruit_dataset/images/train/carambola_fresh_01_clear_closeup_frame_000030.jpg,/mnt/d/merged_fruit_36_clean_v2/yolo_fruit_dataset/labels/train/carambola_fresh_01_clear_closeup_frame_000030.txt
train,/mnt/d/merged_fruit_36_clean_v2/yolo_fruit_dataset/_tmp_frames/bellpepper_fresh_03_cut_open_hardcase_frame_000300.jpg,/mnt/d/merged_fruit_36_clean_v2/yolo_fruit_dataset/images/train/bellpepper_fresh_03_cut_open_hardcase_frame_000300.jpg,/mnt/d/merged_fruit_36_clean_v2/yolo_fruit_dataset/labels/train/bellpepper_fresh_03_cut_open_hardcase_frame_000300.txt
train,/mnt/d/merged_fruit_36_clean_v2/yolo_fruit_dataset/_tmp_frames/carrot_rotten_01_mild_rotten_frame_000210.jpg,/mnt/d/merged_fruit_36_clean_v2/yolo_fruit_dataset/images/train/carrot_rotten_01_mild_rotten_frame_000210.jpg,/mnt/d/merged_fruit_36_clean_v2/yolo_fruit_dataset/labels/train/carrot_rotten_01_mild_rotten_frame_000210.txt
train,/mnt/d/merged_fruit_36_clean_v2/yolo_fruit_dataset/_tmp_frames/bellpepper_fresh_02_real_context_frame_000540.jpg,/mnt/d/merged_fruit_36_clean_v2/yolo_fruit_dataset/images/train/bellpepper_fresh_02_real_context_frame_000540.jpg,/mnt/d/merged_fruit_36_clean_v2/yolo_fruit_dataset/labels/train/bellpepper_fresh_02_real_context_frame_000540.txt
train,/mnt/d/merged_fruit_36_clean_v2/yolo_fruit_dataset/_tmp_frames/strawberry_fresh_01_clear_closeup_frame_000240.jpg,/mnt/d/merged_fruit_36_clean_v2/yolo_fruit_dataset/images/train/strawberry_fresh_01_clear_closeup_frame_000240.jpg,/mnt/d/merged_fruit_36_clean_v2/yolo_fruit_dataset/labels/train/strawberry_fresh_01_clear_closeup_frame_000240.txt
train,/mnt/d/merged_fruit_36_clean_v2/yolo_fruit_dataset/_tmp_frames/grape_rotten_03_hardcase_rotten_frame_000165.jpg,/mnt/d/merged_fruit_36_clean_v2/yolo_fruit_dataset/images/train/grape_rotten_03_hardcase_rotten_frame_000165.jpg,/mnt/d/merged_fruit_36_clean_v2/yolo_fruit_dataset/labels/train/grape_rotten_03_hardcase_rotten_frame_000165.txt
train,/mnt/d/merged_fruit_36_clean_v2/yolo_fruit_dataset/_tmp_frames/banana_fresh_03_hardcase_frame_000570.jpg,/mnt/d/merged_fruit_36_clean_v2/yolo_fruit_dataset/images/train/banana_fresh_03_hardcase_frame_000570.jpg,/mnt/d/merged_fruit_36_clean_v2/yolo_fruit_dataset/labels/train/banana_fresh_03_hardcase_frame_000570.txt
train,/mnt/d/merged_fruit_36_clean_v2/yolo_fruit_dataset/_tmp_frames/carrot_rotten_02_mold_soft_rotten_frame_000225.jpg,/mnt/d/merged_fruit_36_clean_v2/yolo_fruit_dataset/images/train/carrot_rotten_02_mold_soft_rotten_frame_000225.jpg,/mnt/d/merged_fruit_36_clean_v2/yolo_fruit_dataset/labels/train/carrot_rotten_02_mold_soft_rotten_frame_000225.txt
train,/mnt/d/merged_fruit_36_clean_v2/yolo_fruit_dataset/_tmp_frames/carambola_rotten_02_mold_bruised_rotten_frame_000660.jpg,/mnt/d/merged_fruit_36_clean_v2/yolo_fruit_dataset/images/train/carambola_rotten_02_mold_bruised_rotten_frame_000660.jpg,/mnt/d/merged_fruit_36_clean_v2/yolo_fruit_dataset/labels/train/carambola_rotten_02_mold_bruised_rotten_frame_000660.txt
train,/mnt/d/merged_fruit_36_clean_v2/yolo_fruit_dataset/_tmp_frames/guava_fresh_01_clear_closeup_frame_000195.jpg,/mnt/d/merged_fruit_36_clean_v2/yolo_fruit_dataset/images/train/guava_fresh_01_clear_closeup_frame_000195.jpg,/mnt/d/merged_fruit_36_clean_v2/yolo_fruit_dataset/labels/train/guava_fresh_01_clear_closeup_frame_000195.txt
train,/mnt/d/merged_fruit_36_clean_v2/yolo_fruit_dataset/_tmp_frames/apple_rotten_02_mold_bruised_rotten_frame_000060.jpg,/mnt/d/merged_fruit_36_clean_v2/yolo_fruit_dataset/images/train/apple_rotten_02_mold_bruised_rotten_frame_000060.jpg,/mnt/d/merged_fruit_36_clean_v2/yolo_fruit_dataset/labels/train/apple_rotten_02_mold_bruised_rotten_frame_000060.txt
train,/mnt/d/merged_fruit_36_clean_v2/yolo_fruit_dataset/_tmp_frames/guava_fresh_02_real_context_frame_000075.jpg,/mnt/d/merged_fruit_36_clean_v2/yolo_fruit_dataset/images/train/guava_fresh_02_real_context_frame_000075.jpg,/mnt/d/merged_fruit_36_clean_v2/yolo_fruit_dataset/labels/train/guava_fresh_02_real_context_frame_000075.txt
train,/mnt/d/merged_fruit_36_clean_v2/yolo_fruit_dataset/_tmp_frames/grape_fresh_02_real_context_frame_000465.jpg,/mnt/d/merged_fruit_36_clean_v2/yolo_fruit_dataset/images/train/grape_fresh_02_real_context_frame_000465.jpg,/mnt/d/merged_fruit_36_clean_v2/yolo_fruit_dataset/labels/train/grape_fresh_02_real_context_frame_000465.txt
train,/mnt/d/merged_fruit_36_clean_v2/yolo_fruit_dataset/_tmp_frames/apple_rotten_02_mold_bruised_rotten_frame_000180.jpg,/mnt/d/merged_fruit_36_clean_v2/yolo_fruit_dataset/images/train/apple_rotten_02_mold_bruised_rotten_frame_000180.jpg,/mnt/d/merged_fruit_36_clean_v2/yolo_fruit_dataset/labels/train/apple_rotten_02_mold_bruised_rotten_frame_000180.txt
train,/mnt/d/merged_fruit_36_clean_v2/yolo_fruit_dataset/_tmp_frames/banana_rotten_02_black_bruised_rotten_frame_000150.jpg,/mnt/d/merged_fruit_36_clean_v2/yolo_fruit_dataset/images/train/banana_rotten_02_black_bruised_rotten_frame_000150.jpg,/mnt/d/merged_fruit_36_clean_v2/yolo_fruit_dataset/labels/train/banana_rotten_02_black_bruised_rotten_frame_000150.txt
train,/mnt/d/merged_fruit_36_clean_v2/yolo_fruit_dataset/_tmp_frames/mango_fresh_01_clear_closeup_frame_000345.jpg,/mnt/d/merged_fruit_36_clean_v2/yolo_fruit_dataset/images/train/mango_fresh_01_clear_closeup_frame_000345.jpg,/mnt/d/merged_fruit_36_clean_v2/yolo_fruit_dataset/labels/train/mango_fresh_01_clear_closeup_frame_000345.txt
train,/mnt/d/merged_fruit_36_clean_v2/yolo_fruit_dataset/_tmp_frames/bellpepper_fresh_02_real_context_frame_000135.jpg,/mnt/d/merged_fruit_36_clean_v2/yolo_fruit_dataset/images/train/bellpepper_fresh_02_real_context_frame_000135.jpg,/mnt/d/merged_fruit_36_clean_v2/yolo_fruit_dataset/labels/train/bellpepper_fresh_02_real_context_frame_000135.txt
train,/mnt/d/merged_fruit_36_clean_v2/yolo_fruit_dataset/_tmp_frames/guava_fresh_03_on_tree_hardcase_frame_000045.jpg,/mnt/d/merged_fruit_36_clean_v2/yolo_fruit_dataset/images/train/guava_fresh_03_on_tree_hardcase_frame_000045.jpg,/mnt/d/merged_fruit_36_clean_v2/yolo_fruit_dataset/labels/train/guava_fresh_03_on_tree_hardcase_frame_000045.txt
train,/mnt/d/merged_fruit_36_clean_v2/yolo_fruit_dataset/_tmp_frames/apple_rotten_01_mild_rotten_frame_000540.jpg,/mnt/d/merged_fruit_36_clean_v2/yolo_fruit_dataset/images/train/apple_rotten_01_mild_rotten_frame_000540.jpg,/mnt/d/merged_fruit_36_clean_v2/yolo_fruit_dataset/labels/train/apple_rotten_01_mild_rotten_frame_000540.txt
train,/mnt/d/merged_fruit_36_clean_v2/yolo_fruit_dataset/_tmp_frames/bellpepper_fresh_02_real_context_frame_000195.jpg,/mnt/d/merged_fruit_36_clean_v2/yolo_fruit_dataset/images/train/bellpepper_fresh_02_real_context_frame_000195.jpg,/mnt/d/merged_fruit_36_clean_v2/yolo_fruit_dataset/labels/train/bellpepper_fresh_02_real_context_frame_000195.txt
train,/mnt/d/merged_fruit_36_clean_v2/yolo_fruit_dataset/_tmp_frames/strawberry_rotten_03_hardcase_rotten_frame_000765.jpg,/mnt/d/merged_fruit_36_clean_v2/yolo_fruit_dataset/images/train/strawberry_rotten_03_hardcase_rotten_frame_000765.jpg,/mnt/d/merged_fruit_36_clean_v2/yolo_fruit_dataset/labels/train/strawberry_rotten_03_hardcase_rotten_frame_000765.txt
train,/mnt/d/merged_fruit_36_clean_v2/yolo_fruit_dataset/_tmp_frames/tomato_fresh_01_clear_closeup_frame_000060.jpg,/mnt/d/merged_fruit_36_clean_v2/yolo_fruit_dataset/images/train/tomato_fresh_01_clear_closeup_frame_000060.jpg,/mnt/d/merged_fruit_36_clean_v2/yolo_fruit_dataset/labels/train/tomato_fresh_01_clear_closeup_frame_000060.txt
train,/mnt/d/merged_fruit_36_clean_v2/yolo_fruit_dataset/_tmp_frames/apple_fresh_02_real_context_frame_000120.jpg,/mnt/d/merged_fruit_36_clean_v2/yolo_fruit_dataset/images/train/apple_fresh_02_real_context_frame_000120.jpg,/mnt/d/merged_fruit_36_clean_v2/yolo_fruit_dataset/labels/train/apple_fresh_02_real_context_frame_000120.txt
train,/mnt/d/merged_fruit_36_clean_v2/yolo_fruit_dataset/_tmp_frames/mango_fresh_01_clear_closeup_frame_000210.jpg,/mnt/d/merged_fruit_36_clean_v2/yolo_fruit_dataset/images/train/mango_fresh_01_clear_closeup_frame_000210.jpg,/mnt/d/merged_fruit_36_clean_v2/yolo_fruit_dataset/labels/train/mango_fresh_01_clear_closeup_frame_000210.txt
train,/mnt/d/merged_fruit_36_clean_v2/yolo_fruit_dataset/_tmp_frames/mango_rotten_03_hardcase_rotten_frame_000255.jpg,/mnt/d/merged_fruit_36_clean_v2/yolo_fruit_dataset/images/train/mango_rotten_03_hardcase_rotten_frame_000255.jpg,/mnt/d/merged_fruit_36_clean_v2/yolo_fruit_dataset/labels/train/mango_rotten_03_hardcase_rotten_frame_000255.txt
train,/mnt/d/merged_fruit_36_clean_v2/yolo_fruit_dataset/_tmp_frames/tomato_rotten_02_soft_mold_rotten_frame_000465.jpg,/mnt/d/merged_fruit_36_clean_v2/yolo_fruit_dataset/images/train/tomato_rotten_02_soft_mold_rotten_frame_000465.jpg,/mnt/d/merged_fruit_36_clean_v2/yolo_fruit_dataset/labels/train/tomato_rotten_02_soft_mold_rotten_frame_000465.txt
train,/mnt/d/merged_fruit_36_clean_v2/yolo_fruit_dataset/_tmp_frames/cucumber_fresh_01_clear_closeup_frame_000180.jpg,/mnt/d/merged_fruit_36_clean_v2/yolo_fruit_dataset/images/train/cucumber_fresh_01_clear_closeup_frame_000180.jpg,/mnt/d/merged_fruit_36_clean_v2/yolo_fruit_dataset/labels/train/cucumber_fresh_01_clear_closeup_frame_000180.txt
train,/mnt/d/merged_fruit_36_clean_v2/yolo_fruit_dataset/_tmp_frames/banana_rotten_02_black_bruised_rotten_frame_000345.jpg,/mnt/d/merged_fruit_36_clean_v2/yolo_fruit_dataset/images/train/banana_rotten_02_black_bruised_rotten_frame_000345.jpg,/mnt/d/merged_fruit_36_clean_v2/yolo_fruit_dataset/labels/train/banana_rotten_02_black_bruised_rotten_frame_000345.txt
train,/mnt/d/merged_fruit_36_clean_v2/yolo_fruit_dataset/_tmp_frames/grape_fresh_03_on_tree_hardcase_frame_000525.jpg,/mnt/d/merged_fruit_36_clean_v2/yolo_fruit_dataset/images/train/grape_fresh_03_on_tree_hardcase_frame_000525.jpg,/mnt/d/merged_fruit_36_clean_v2/yolo_fruit_dataset/labels/train/grape_fresh_03_on_tree_hardcase_frame_000525.txt
train,/mnt/d/merged_fruit_36_clean_v2/raw_assets_from_zip/Cucumber/istockphoto-492674450-1024x1024.jpg,/mnt/d/merged_fruit_36_clean_v2/yolo_fruit_dataset/images/train/istockphoto-492674450-1024x1024.jpg,/mnt/d/merged_fruit_36_clean_v2/yolo_fruit_dataset/labels/train/istockphoto-492674450-1024x1024.txt
train,/mnt/d/merged_fruit_36_clean_v2/yolo_fruit_dataset/_tmp_frames/apple_rotten_03_hardcase_rotten_frame_000075.jpg,/mnt/d/merged_fruit_36_clean_v2/yolo_fruit_dataset/images/train/apple_rotten_03_hardcase_rotten_frame_000075.jpg,/mnt/d/merged_fruit_36_clean_v2/yolo_fruit_dataset/labels/train/apple_rotten_03_hardcase_rotten_frame_000075.txt
train,/mnt/d/merged_fruit_36_clean_v2/yolo_fruit_dataset/_tmp_frames/grape_fresh_01_clear_closeup_frame_000030.jpg,/mnt/d/merged_fruit_36_clean_v2/yolo_fruit_dataset/images/train/grape_fresh_01_clear_closeup_frame_000030.jpg,/mnt/d/merged_fruit_36_clean_v2/yolo_fruit_dataset/labels/train/grape_fresh_01_clear_closeup_frame_000030.txt
train,/mnt/d/merged_fruit_36_clean_v2/yolo_fruit_dataset/_tmp_frames/strawberry_rotten_01_mild_rotten_frame_000195.jpg,/mnt/d/merged_fruit_36_clean_v2/yolo_fruit_dataset/images/train/strawberry_rotten_01_mild_rotten_frame_000195.jpg,/mnt/d/merged_fruit_36_clean_v2/yolo_fruit_dataset/labels/train/strawberry_rotten_01_mild_rotten_frame_000195.txt
train,/mnt/d/merged_fruit_36_clean_v2/yolo_fruit_dataset/_tmp_frames/banana_fresh_02_real_context_frame_000045.jpg,/mnt/d/merged_fruit_36_clean_v2/yolo_fruit_dataset/images/train/banana_fresh_02_real_context_frame_000045.jpg,/mnt/d/merged_fruit_36_clean_v2/yolo_fruit_dataset/labels/train/banana_fresh_02_real_context_frame_000045.txt
train,/mnt/d/merged_fruit_36_clean_v2/yolo_fruit_dataset/_tmp_frames/avocado_fresh_01_clear_closeup_frame_000120.jpg,/mnt/d/merged_fruit_36_clean_v2/yolo_fruit_dataset/images/train/avocado_fresh_01_clear_closeup_frame_000120.jpg,/mnt/d/merged_fruit_36_clean_v2/yolo_fruit_dataset/labels/train/avocado_fresh_01_clear_closeup_frame_000120.txt
train,/mnt/d/merged_fruit_36_clean_v2/yolo_fruit_dataset/_tmp_frames/carrot_rotten_02_mold_soft_rotten_frame_000315.jpg,/mnt/d/merged_fruit_36_clean_v2/yolo_fruit_dataset/images/train/carrot_rotten_02_mold_soft_rotten_frame_000315.jpg,/mnt/d/merged_fruit_36_clean_v2/yolo_fruit_dataset/labels/train/carrot_rotten_02_mold_soft_rotten_frame_000315.txt
train,/mnt/d/merged_fruit_36_clean_v2/yolo_fruit_dataset/_tmp_frames/tomato_fresh_01_clear_closeup_frame_000090.jpg,/mnt/d/merged_fruit_36_clean_v2/yolo_fruit_dataset/images/train/tomato_fresh_01_clear_closeup_frame_000090.jpg,/mnt/d/merged_fruit_36_clean_v2/yolo_fruit_dataset/labels/train/tomato_fresh_01_clear_closeup_frame_000090.txt
train,/mnt/d/merged_fruit_36_clean_v2/yolo_fruit_dataset/_tmp_frames/pomegranate_fresh_01_clear_closeup_frame_000420.jpg,/mnt/d/merged_fruit_36_clean_v2/yolo_fruit_dataset/images/train/pomegranate_fresh_01_clear_closeup_frame_000420.jpg,/mnt/d/merged_fruit_36_clean_v2/yolo_fruit_dataset/labels/train/pomegranate_fresh_01_clear_closeup_frame_000420.txt
train,/mnt/d/merged_fruit_36_clean_v2/yolo_fruit_dataset/_tmp_frames/cucumber_fresh_01_clear_closeup_frame_000315.jpg,/mnt/d/merged_fruit_36_clean_v2/yolo_fruit_dataset/images/train/cucumber_fresh_01_clear_closeup_frame_000315.jpg,/mnt/d/merged_fruit_36_clean_v2/yolo_fruit_dataset/labels/train/cucumber_fresh_01_clear_closeup_frame_000315.txt
train,/mnt/d/merged_fruit_36_clean_v2/yolo_fruit_dataset/_tmp_frames/carambola_rotten_02_mold_bruised_rotten_frame_000255.jpg,/mnt/d/merged_fruit_36_clean_v2/yolo_fruit_dataset/images/train/carambola_rotten_02_mold_bruised_rotten_frame_000255.jpg,/mnt/d/merged_fruit_36_clean_v2/yolo_fruit_dataset/labels/train/carambola_rotten_02_mold_bruised_rotten_frame_000255.txt
train,/mnt/d/merged_fruit_36_clean_v2/yolo_fruit_dataset/_tmp_frames/grape_rotten_01_mild_rotten_frame_000435.jpg,/mnt/d/merged_fruit_36_clean_v2/yolo_fruit_dataset/images/train/grape_rotten_01_mild_rotten_frame_000435.jpg,/mnt/d/merged_fruit_36_clean_v2/yolo_fruit_dataset/labels/train/grape_rotten_01_mild_rotten_frame_000435.txt
train,/mnt/d/merged_fruit_36_clean_v2/yolo_fruit_dataset/_tmp_frames/carambola_rotten_02_mold_bruised_rotten_frame_000690.jpg,/mnt/d/merged_fruit_36_clean_v2/yolo_fruit_dataset/images/train/carambola_rotten_02_mold_bruised_rotten_frame_000690.jpg,/mnt/d/merged_fruit_36_clean_v2/yolo_fruit_dataset/labels/train/carambola_rotten_02_mold_bruised_rotten_frame_000690.txt
train,/mnt/d/merged_fruit_36_clean_v2/yolo_fruit_dataset/_tmp_frames/grape_fresh_01_clear_closeup_frame_000345.jpg,/mnt/d/merged_fruit_36_clean_v2/yolo_fruit_dataset/images/train/grape_fresh_01_clear_closeup_frame_000345.jpg,/mnt/d/merged_fruit_36_clean_v2/yolo_fruit_dataset/labels/train/grape_fresh_01_clear_closeup_frame_000345.txt
train,/mnt/d/merged_fruit_36_clean_v2/yolo_fruit_dataset/_tmp_frames/cucumber_fresh_03_cut_open_hardcase_frame_000135.jpg,/mnt/d/merged_fruit_36_clean_v2/yolo_fruit_dataset/images/train/cucumber_fresh_03_cut_open_hardcase_frame_000135.jpg,/mnt/d/merged_fruit_36_clean_v2/yolo_fruit_dataset/labels/train/cucumber_fresh_03_cut_open_hardcase_frame_000135.txt
train,/mnt/d/merged_fruit_36_clean_v2/yolo_fruit_dataset/_tmp_frames/tomato_rotten_02_soft_mold_rotten_frame_000360.jpg,/mnt/d/merged_fruit_36_clean_v2/yolo_fruit_dataset/images/train/tomato_rotten_02_soft_mold_rotten_frame_000360.jpg,/mnt/d/merged_fruit_36_clean_v2/yolo_fruit_dataset/labels/train/tomato_rotten_02_soft_mold_rotten_frame_000360.txt
train,/mnt/d/merged_fruit_36_clean_v2/yolo_fruit_dataset/_tmp_frames/banana_fresh_03_hardcase_frame_000825.jpg,/mnt/d/merged_fruit_36_clean_v2/yolo_fruit_dataset/images/train/banana_fresh_03_hardcase_frame_000825.jpg,/mnt/d/merged_fruit_36_clean_v2/yolo_fruit_dataset/labels/train/banana_fresh_03_hardcase_frame_000825.txt
train,/mnt/d/merged_fruit_36_clean_v2/yolo_fruit_dataset/_tmp_frames/banana_fresh_03_hardcase_frame_001335.jpg,/mnt/d/merged_fruit_36_clean_v2/yolo_fruit_dataset/images/train/banana_fresh_03_hardcase_frame_001335.jpg,/mnt/d/merged_fruit_36_clean_v2/yolo_fruit_dataset/labels/train/banana_fresh_03_hardcase_frame_001335.txt
train,/mnt/d/merged_fruit_36_clean_v2/yolo_fruit_dataset/_tmp_frames/tomato_rotten_02_soft_mold_rotten_frame_000210.jpg,/mnt/d/merged_fruit_36_clean_v2/yolo_fruit_dataset/images/train/tomato_rotten_02_soft_mold_rotten_frame_000210.jpg,/mnt/d/merged_fruit_36_clean_v2/yolo_fruit_dataset/labels/train/tomato_rotten_02_soft_mold_rotten_frame_000210.txt
train,/mnt/d/merged_fruit_36_clean_v2/yolo_fruit_dataset/_tmp_frames/banana_rotten_02_black_bruised_rotten_frame_000570.jpg,/mnt/d/merged_fruit_36_clean_v2/yolo_fruit_dataset/images/train/banana_rotten_02_black_bruised_rotten_frame_000570.jpg,/mnt/d/merged_fruit_36_clean_v2/yolo_fruit_dataset/labels/train/banana_rotten_02_black_bruised_rotten_frame_000570.txt
train,/mnt/d/merged_fruit_36_clean_v2/yolo_fruit_dataset/_tmp_frames/banana_fresh_03_hardcase_frame_000615.jpg,/mnt/d/merged_fruit_36_clean_v2/yolo_fruit_dataset/images/train/banana_fresh_03_hardcase_frame_000615.jpg,/mnt/d/merged_fruit_36_clean_v2/yolo_fruit_dataset/labels/train/banana_fresh_03_hardcase_frame_000615.txt
train,/mnt/d/merged_fruit_36_clean_v2/yolo_fruit_dataset/_tmp_frames/grape_fresh_01_clear_closeup_frame_001425.jpg,/mnt/d/merged_fruit_36_clean_v2/yolo_fruit_dataset/images/train/grape_fresh_01_clear_closeup_frame_001425.jpg,/mnt/d/merged_fruit_36_clean_v2/yolo_fruit_dataset/labels/train/grape_fresh_01_clear_closeup_frame_001425.txt
train,/mnt/d/merged_fruit_36_clean_v2/yolo_fruit_dataset/_tmp_frames/apple_fresh_02_real_context_frame_000015.jpg,/mnt/d/merged_fruit_36_clean_v2/yolo_fruit_dataset/images/train/apple_fresh_02_real_context_frame_000015.jpg,/mnt/d/merged_fruit_36_clean_v2/yolo_fruit_dataset/labels/train/apple_fresh_02_real_context_frame_000015.txt
train,/mnt/d/merged_fruit_36_clean_v2/yolo_fruit_dataset/_tmp_frames/potato_fresh_01_clear_closeup_frame_000195.jpg,/mnt/d/merged_fruit_36_clean_v2/yolo_fruit_dataset/images/train/potato_fresh_01_clear_closeup_frame_000195.jpg,/mnt/d/merged_fruit_36_clean_v2/yolo_fruit_dataset/labels/train/potato_fresh_01_clear_closeup_frame_000195.txt
train,/mnt/d/merged_fruit_36_clean_v2/yolo_fruit_dataset/_tmp_frames/grape_fresh_02_real_context_frame_000120.jpg,/mnt/d/merged_fruit_36_clean_v2/yolo_fruit_dataset/images/train/grape_fresh_02_real_context_frame_000120.jpg,/mnt/d/merged_fruit_36_clean_v2/yolo_fruit_dataset/labels/train/grape_fresh_02_real_context_frame_000120.txt
train,/mnt/d/merged_fruit_36_clean_v2/yolo_fruit_dataset/_tmp_frames/potato_fresh_03_soil_hardcase_frame_000150.jpg,/mnt/d/merged_fruit_36_clean_v2/yolo_fruit_dataset/images/train/potato_fresh_03_soil_hardcase_frame_000150.jpg,/mnt/d/merged_fruit_36_clean_v2/yolo_fruit_dataset/labels/train/potato_fresh_03_soil_hardcase_frame_000150.txt
train,/mnt/d/merged_fruit_36_clean_v2/yolo_fruit_dataset/_tmp_frames/strawberry_rotten_03_hardcase_rotten_frame_000465.jpg,/mnt/d/merged_fruit_36_clean_v2/yolo_fruit_dataset/images/train/strawberry_rotten_03_hardcase_rotten_frame_000465.jpg,/mnt/d/merged_fruit_36_clean_v2/yolo_fruit_dataset/labels/train/strawberry_rotten_03_hardcase_rotten_frame_000465.txt
train,/mnt/d/merged_fruit_36_clean_v2/yolo_fruit_dataset/_tmp_frames/bellpepper_fresh_03_cut_open_hardcase_frame_000015.jpg,/mnt/d/merged_fruit_36_clean_v2/yolo_fruit_dataset/images/train/bellpepper_fresh_03_cut_open_hardcase_frame_000015.jpg,/mnt/d/merged_fruit_36_clean_v2/yolo_fruit_dataset/labels/train/bellpepper_fresh_03_cut_open_hardcase_frame_000015.txt
train,/mnt/d/merged_fruit_36_clean_v2/yolo_fruit_dataset/_tmp_frames/grape_fresh_01_clear_closeup_frame_000540.jpg,/mnt/d/merged_fruit_36_clean_v2/yolo_fruit_dataset/images/train/grape_fresh_01_clear_closeup_frame_000540.jpg,/mnt/d/merged_fruit_36_clean_v2/yolo_fruit_dataset/labels/train/grape_fresh_01_clear_closeup_frame_000540.txt
train,/mnt/d/merged_fruit_36_clean_v2/yolo_fruit_dataset/_tmp_frames/guava_fresh_03_on_tree_hardcase_frame_000060.jpg,/mnt/d/merged_fruit_36_clean_v2/yolo_fruit_dataset/images/train/guava_fresh_03_on_tree_hardcase_frame_000060.jpg,/mnt/d/merged_fruit_36_clean_v2/yolo_fruit_dataset/labels/train/guava_fresh_03_on_tree_hardcase_frame_000060.txt
train,/mnt/d/merged_fruit_36_clean_v2/yolo_fruit_dataset/_tmp_frames/carrot_rotten_01_mild_rotten_frame_000675.jpg,/mnt/d/merged_fruit_36_clean_v2/yolo_fruit_dataset/images/train/carrot_rotten_01_mild_rotten_frame_000675.jpg,/mnt/d/merged_fruit_36_clean_v2/yolo_fruit_dataset/labels/train/carrot_rotten_01_mild_rotten_frame_000675.txt
train,/mnt/d/merged_fruit_36_clean_v2/yolo_fruit_dataset/_tmp_frames/avocado_fresh_03_cut_open_hardcase_frame_000360.jpg,/mnt/d/merged_fruit_36_clean_v2/yolo_fruit_dataset/images/train/avocado_fresh_03_cut_open_hardcase_frame_000360.jpg,/mnt/d/merged_fruit_36_clean_v2/yolo_fruit_dataset/labels/train/avocado_fresh_03_cut_open_hardcase_frame_000360.txt
train,/mnt/d/merged_fruit_36_clean_v2/yolo_fruit_dataset/_tmp_frames/grape_rotten_02_mold_bruised_rotten_frame_000195.jpg,/mnt/d/merged_fruit_36_clean_v2/yolo_fruit_dataset/images/train/grape_rotten_02_mold_bruised_rotten_frame_000195.jpg,/mnt/d/merged_fruit_36_clean_v2/yolo_fruit_dataset/labels/train/grape_rotten_02_mold_bruised_rotten_frame_000195.txt
train,/mnt/d/merged_fruit_36_clean_v2/yolo_fruit_dataset/_tmp_frames/banana_rotten_02_black_bruised_rotten_frame_000450.jpg,/mnt/d/merged_fruit_36_clean_v2/yolo_fruit_dataset/images/train/banana_rotten_02_black_bruised_rotten_frame_000450.jpg,/mnt/d/merged_fruit_36_clean_v2/yolo_fruit_dataset/labels/train/banana_rotten_02_black_bruised_rotten_frame_000450.txt
train,/mnt/d/merged_fruit_36_clean_v2/yolo_fruit_dataset/_tmp_frames/strawberry_fresh_01_clear_closeup_frame_000090.jpg,/mnt/d/merged_fruit_36_clean_v2/yolo_fruit_dataset/images/train/strawberry_fresh_01_clear_closeup_frame_000090.jpg,/mnt/d/merged_fruit_36_clean_v2/yolo_fruit_dataset/labels/train/strawberry_fresh_01_clear_closeup_frame_000090.txt
train,/mnt/d/merged_fruit_36_clean_v2/yolo_fruit_dataset/_tmp_frames/pomegranate_fresh_02_real_context_frame_000000.jpg,/mnt/d/merged_fruit_36_clean_v2/yolo_fruit_dataset/images/train/pomegranate_fresh_02_real_context_frame_000000.jpg,/mnt/d/merged_fruit_36_clean_v2/yolo_fruit_dataset/labels/train/pomegranate_fresh_02_real_context_frame_000000.txt
train,/mnt/d/merged_fruit_36_clean_v2/yolo_fruit_dataset/_tmp_frames/carambola_rotten_02_mold_bruised_rotten_frame_000855.jpg,/mnt/d/merged_fruit_36_clean_v2/yolo_fruit_dataset/images/train/carambola_rotten_02_mold_bruised_rotten_frame_000855.jpg,/mnt/d/merged_fruit_36_clean_v2/yolo_fruit_dataset/labels/train/carambola_rotten_02_mold_bruised_rotten_frame_000855.txt
train,/mnt/d/merged_fruit_36_clean_v2/yolo_fruit_dataset/_tmp_frames/potato_fresh_02_real_context_frame_000015.jpg,/mnt/d/merged_fruit_36_clean_v2/yolo_fruit_dataset/images/train/potato_fresh_02_real_context_frame_000015.jpg,/mnt/d/merged_fruit_36_clean_v2/yolo_fruit_dataset/labels/train/potato_fresh_02_real_context_frame_000015.txt
train,/mnt/d/merged_fruit_36_clean_v2/yolo_fruit_dataset/_tmp_frames/avocado_rotten_01_mild_rotten_frame_000255.jpg,/mnt/d/merged_fruit_36_clean_v2/yolo_fruit_dataset/images/train/avocado_rotten_01_mild_rotten_frame_000255.jpg,/mnt/d/merged_fruit_36_clean_v2/yolo_fruit_dataset/labels/train/avocado_rotten_01_mild_rotten_frame_000255.txt
train,/mnt/d/merged_fruit_36_clean_v2/yolo_fruit_dataset/_tmp_frames/banana_fresh_03_hardcase_frame_000390.jpg,/mnt/d/merged_fruit_36_clean_v2/yolo_fruit_dataset/images/train/banana_fresh_03_hardcase_frame_000390.jpg,/mnt/d/merged_fruit_36_clean_v2/yolo_fruit_dataset/labels/train/banana_fresh_03_hardcase_frame_000390.txt
train,/mnt/d/merged_fruit_36_clean_v2/yolo_fruit_dataset/_tmp_frames/orange_rotten_02_mold_soft_rotten_frame_000015.jpg,/mnt/d/merged_fruit_36_clean_v2/yolo_fruit_dataset/images/train/orange_rotten_02_mold_soft_rotten_frame_000015.jpg,/mnt/d/merged_fruit_36_clean_v2/yolo_fruit_dataset/labels/train/orange_rotten_02_mold_soft_rotten_frame_000015.txt
train,/mnt/d/merged_fruit_36_clean_v2/yolo_fruit_dataset/_tmp_frames/apple_fresh_02_real_context_frame_000105.jpg,/mnt/d/merged_fruit_36_clean_v2/yolo_fruit_dataset/images/train/apple_fresh_02_real_context_frame_000105.jpg,/mnt/d/merged_fruit_36_clean_v2/yolo_fruit_dataset/labels/train/apple_fresh_02_real_context_frame_000105.txt
train,/mnt/d/merged_fruit_36_clean_v2/yolo_fruit_dataset/_tmp_frames/avocado_rotten_01_mild_rotten_frame_000210.jpg,/mnt/d/merged_fruit_36_clean_v2/yolo_fruit_dataset/images/train/avocado_rotten_01_mild_rotten_frame_000210.jpg,/mnt/d/merged_fruit_36_clean_v2/yolo_fruit_dataset/labels/train/avocado_rotten_01_mild_rotten_frame_000210.txt
train,/mnt/d/merged_fruit_36_clean_v2/yolo_fruit_dataset/_tmp_frames/potato_rotten_02_sprout_green_rotten_frame_000330.jpg,/mnt/d/merged_fruit_36_clean_v2/yolo_fruit_dataset/images/train/potato_rotten_02_sprout_green_rotten_frame_000330.jpg,/mnt/d/merged_fruit_36_clean_v2/yolo_fruit_dataset/labels/train/potato_rotten_02_sprout_green_rotten_frame_000330.txt
train,/mnt/d/merged_fruit_36_clean_v2/yolo_fruit_dataset/_tmp_frames/orange_rotten_01_mild_rotten_frame_000330.jpg,/mnt/d/merged_fruit_36_clean_v2/yolo_fruit_dataset/images/train/orange_rotten_01_mild_rotten_frame_000330.jpg,/mnt/d/merged_fruit_36_clean_v2/yolo_fruit_dataset/labels/train/orange_rotten_01_mild_rotten_frame_000330.txt
train,/mnt/d/merged_fruit_36_clean_v2/yolo_fruit_dataset/_tmp_frames/grape_fresh_01_clear_closeup_frame_001455.jpg,/mnt/d/merged_fruit_36_clean_v2/yolo_fruit_dataset/images/train/grape_fresh_01_clear_closeup_frame_001455.jpg,/mnt/d/merged_fruit_36_clean_v2/yolo_fruit_dataset/labels/train/grape_fresh_01_clear_closeup_frame_001455.txt
train,/mnt/d/merged_fruit_36_clean_v2/yolo_fruit_dataset/_tmp_frames/banana_rotten_02_black_bruised_rotten_frame_000360.jpg,/mnt/d/merged_fruit_36_clean_v2/yolo_fruit_dataset/images/train/banana_rotten_02_black_bruised_rotten_frame_000360.jpg,/mnt/d/merged_fruit_36_clean_v2/yolo_fruit_dataset/labels/train/banana_rotten_02_black_bruised_rotten_frame_000360.txt
train,/mnt/d/merged_fruit_36_clean_v2/yolo_fruit_dataset/_tmp_frames/jujube_fresh_02_real_context_frame_000120.jpg,/mnt/d/merged_fruit_36_clean_v2/yolo_fruit_dataset/images/train/jujube_fresh_02_real_context_frame_000120.jpg,/mnt/d/merged_fruit_36_clean_v2/yolo_fruit_dataset/labels/train/jujube_fresh_02_real_context_frame_000120.txt
train,/mnt/d/merged_fruit_36_clean_v2/yolo_fruit_dataset/_tmp_frames/cucumber_fresh_01_clear_closeup_frame_000405.jpg,/mnt/d/merged_fruit_36_clean_v2/yolo_fruit_dataset/images/train/cucumber_fresh_01_clear_closeup_frame_000405.jpg,/mnt/d/merged_fruit_36_clean_v2/yolo_fruit_dataset/labels/train/cucumber_fresh_01_clear_closeup_frame_000405.txt
train,/mnt/d/merged_fruit_36_clean_v2/yolo_fruit_dataset/_tmp_frames/carrot_rotten_01_mild_rotten_frame_000330.jpg,/mnt/d/merged_fruit_36_clean_v2/yolo_fruit_dataset/images/train/carrot_rotten_01_mild_rotten_frame_000330.jpg,/mnt/d/merged_fruit_36_clean_v2/yolo_fruit_dataset/labels/train/carrot_rotten_01_mild_rotten_frame_000330.txt
train,/mnt/d/merged_fruit_36_clean_v2/yolo_fruit_dataset/_tmp_frames/grape_fresh_02_real_context_frame_000825.jpg,/mnt/d/merged_fruit_36_clean_v2/yolo_fruit_dataset/images/train/grape_fresh_02_real_context_frame_000825.jpg,/mnt/d/merged_fruit_36_clean_v2/yolo_fruit_dataset/labels/train/grape_fresh_02_real_context_frame_000825.txt
train,/mnt/d/merged_fruit_36_clean_v2/yolo_fruit_dataset/_tmp_frames/carambola_rotten_02_mold_bruised_rotten_frame_000300.jpg,/mnt/d/merged_fruit_36_clean_v2/yolo_fruit_dataset/images/train/carambola_rotten_02_mold_bruised_rotten_frame_000300.jpg,/mnt/d/merged_fruit_36_clean_v2/yolo_fruit_dataset/labels/train/carambola_rotten_02_mold_bruised_rotten_frame_000300.txt
train,/mnt/d/merged_fruit_36_clean_v2/yolo_fruit_dataset/_tmp_frames/cucumber_fresh_01_clear_closeup_frame_000120.jpg,/mnt/d/merged_fruit_36_clean_v2/yolo_fruit_dataset/images/train/cucumber_fresh_01_clear_closeup_frame_000120.jpg,/mnt/d/merged_fruit_36_clean_v2/yolo_fruit_dataset/labels/train/cucumber_fresh_01_clear_closeup_frame_000120.txt
train,/mnt/d/merged_fruit_36_clean_v2/yolo_fruit_dataset/_tmp_frames/grape_fresh_02_real_context_frame_000960.jpg,/mnt/d/merged_fruit_36_clean_v2/yolo_fruit_dataset/images/train/grape_fresh_02_real_context_frame_000960.jpg,/mnt/d/merged_fruit_36_clean_v2/yolo_fruit_dataset/labels/train/grape_fresh_02_real_context_frame_000960.txt
train,/mnt/d/merged_fruit_36_clean_v2/yolo_fruit_dataset/_tmp_frames/pomegranate_rotten_02_mold_dark_rotten_frame_000015.jpg,/mnt/d/merged_fruit_36_clean_v2/yolo_fruit_dataset/images/train/pomegranate_rotten_02_mold_dark_rotten_frame_000015.jpg,/mnt/d/merged_fruit_36_clean_v2/yolo_fruit_dataset/labels/train/pomegranate_rotten_02_mold_dark_rotten_frame_000015.txt
train,/mnt/d/merged_fruit_36_clean_v2/yolo_fruit_dataset/_tmp_frames/lemon_rotten_01_mild_rotten_frame_000195.jpg,/mnt/d/merged_fruit_36_clean_v2/yolo_fruit_dataset/images/train/lemon_rotten_01_mild_rotten_frame_000195.jpg,/mnt/d/merged_fruit_36_clean_v2/yolo_fruit_dataset/labels/train/lemon_rotten_01_mild_rotten_frame_000195.txt
train,/mnt/d/merged_fruit_36_clean_v2/yolo_fruit_dataset/_tmp_frames/avocado_rotten_02_black_inside_rotten_frame_000405.jpg,/mnt/d/merged_fruit_36_clean_v2/yolo_fruit_dataset/images/train/avocado_rotten_02_black_inside_rotten_frame_000405.jpg,/mnt/d/merged_fruit_36_clean_v2/yolo_fruit_dataset/labels/train/avocado_rotten_02_black_inside_rotten_frame_000405.txt
train,/mnt/d/merged_fruit_36_clean_v2/yolo_fruit_dataset/_tmp_frames/apple_rotten_02_mold_bruised_rotten_frame_000045.jpg,/mnt/d/merged_fruit_36_clean_v2/yolo_fruit_dataset/images/train/apple_rotten_02_mold_bruised_rotten_frame_000045.jpg,/mnt/d/merged_fruit_36_clean_v2/yolo_fruit_dataset/labels/train/apple_rotten_02_mold_bruised_rotten_frame_000045.txt
train,/mnt/d/merged_fruit_36_clean_v2/yolo_fruit_dataset/_tmp_frames/carrot_rotten_02_mold_soft_rotten_frame_000015.jpg,/mnt/d/merged_fruit_36_clean_v2/yolo_fruit_dataset/images/train/carrot_rotten_02_mold_soft_rotten_frame_000015.jpg,/mnt/d/merged_fruit_36_clean_v2/yolo_fruit_dataset/labels/train/carrot_rotten_02_mold_soft_rotten_frame_000015.txt
train,/mnt/d/merged_fruit_36_clean_v2/yolo_fruit_dataset/_tmp_frames/banana_rotten_01_mild_rotten_frame_000120.jpg,/mnt/d/merged_fruit_36_clean_v2/yolo_fruit_dataset/images/train/banana_rotten_01_mild_rotten_frame_000120.jpg,/mnt/d/merged_fruit_36_clean_v2/yolo_fruit_dataset/labels/train/banana_rotten_01_mild_rotten_frame_000120.txt
train,/mnt/d/merged_fruit_36_clean_v2/yolo_fruit_dataset/_tmp_frames/lemon_fresh_03_cut_open_hardcase_frame_000030.jpg,/mnt/d/merged_fruit_36_clean_v2/yolo_fruit_dataset/images/train/lemon_fresh_03_cut_open_hardcase_frame_000030.jpg,/mnt/d/merged_fruit_36_clean_v2/yolo_fruit_dataset/labels/train/lemon_fresh_03_cut_open_hardcase_frame_000030.txt
train,/mnt/d/merged_fruit_36_clean_v2/yolo_fruit_dataset/_tmp_frames/carrot_rotten_01_mild_rotten_frame_000120.jpg,/mnt/d/merged_fruit_36_clean_v2/yolo_fruit_dataset/images/train/carrot_rotten_01_mild_rotten_frame_000120.jpg,/mnt/d/merged_fruit_36_clean_v2/yolo_fruit_dataset/labels/train/carrot_rotten_01_mild_rotten_frame_000120.txt
train,/mnt/d/merged_fruit_36_clean_v2/yolo_fruit_dataset/_tmp_frames/avocado_fresh_03_cut_open_hardcase_frame_000315.jpg,/mnt/d/merged_fruit_36_clean_v2/yolo_fruit_dataset/images/train/avocado_fresh_03_cut_open_hardcase_frame_000315.jpg,/mnt/d/merged_fruit_36_clean_v2/yolo_fruit_dataset/labels/train/avocado_fresh_03_cut_open_hardcase_frame_000315.txt
train,/mnt/d/merged_fruit_36_clean_v2/yolo_fruit_dataset/_tmp_frames/avocado_fresh_03_cut_open_hardcase_frame_000345.jpg,/mnt/d/merged_fruit_36_clean_v2/yolo_fruit_dataset/images/train/avocado_fresh_03_cut_open_hardcase_frame_000345.jpg,/mnt/d/merged_fruit_36_clean_v2/yolo_fruit_dataset/labels/train/avocado_fresh_03_cut_open_hardcase_frame_000345.txt
train,/mnt/d/merged_fruit_36_clean_v2/yolo_fruit_dataset/_tmp_frames/carambola_fresh_02_real_context_frame_000270.jpg,/mnt/d/merged_fruit_36_clean_v2/yolo_fruit_dataset/images/train/carambola_fresh_02_real_context_frame_000270.jpg,/mnt/d/merged_fruit_36_clean_v2/yolo_fruit_dataset/labels/train/carambola_fresh_02_real_context_frame_000270.txt
train,/mnt/d/merged_fruit_36_clean_v2/yolo_fruit_dataset/_tmp_frames/avocado_rotten_02_black_inside_rotten_frame_000300.jpg,/mnt/d/merged_fruit_36_clean_v2/yolo_fruit_dataset/images/train/avocado_rotten_02_black_inside_rotten_frame_000300.jpg,/mnt/d/merged_fruit_36_clean_v2/yolo_fruit_dataset/labels/train/avocado_rotten_02_black_inside_rotten_frame_000300.txt
train,/mnt/d/merged_fruit_36_clean_v2/yolo_fruit_dataset/_tmp_frames/pomegranate_fresh_02_real_context_frame_000120.jpg,/mnt/d/merged_fruit_36_clean_v2/yolo_fruit_dataset/images/train/pomegranate_fresh_02_real_context_frame_000120.jpg,/mnt/d/merged_fruit_36_clean_v2/yolo_fruit_dataset/labels/train/pomegranate_fresh_02_real_context_frame_000120.txt
train,/mnt/d/merged_fruit_36_clean_v2/yolo_fruit_dataset/_tmp_frames/avocado_fresh_01_clear_closeup_frame_000480.jpg,/mnt/d/merged_fruit_36_clean_v2/yolo_fruit_dataset/images/train/avocado_fresh_01_clear_closeup_frame_000480.jpg,/mnt/d/merged_fruit_36_clean_v2/yolo_fruit_dataset/labels/train/avocado_fresh_01_clear_closeup_frame_000480.txt
train,/mnt/d/merged_fruit_36_clean_v2/yolo_fruit_dataset/_tmp_frames/bellpepper_fresh_02_real_context_frame_000705.jpg,/mnt/d/merged_fruit_36_clean_v2/yolo_fruit_dataset/images/train/bellpepper_fresh_02_real_context_frame_000705.jpg,/mnt/d/merged_fruit_36_clean_v2/yolo_fruit_dataset/labels/train/bellpepper_fresh_02_real_context_frame_000705.txt
train,/mnt/d/merged_fruit_36_clean_v2/yolo_fruit_dataset/_tmp_frames/potato_fresh_01_clear_closeup_frame_000330.jpg,/mnt/d/merged_fruit_36_clean_v2/yolo_fruit_dataset/images/train/potato_fresh_01_clear_closeup_frame_000330.jpg,/mnt/d/merged_fruit_36_clean_v2/yolo_fruit_dataset/labels/train/potato_fresh_01_clear_closeup_frame_000330.txt
train,/mnt/d/merged_fruit_36_clean_v2/yolo_fruit_dataset/_tmp_frames/pomegranate_fresh_01_clear_closeup_frame_000255.jpg,/mnt/d/merged_fruit_36_clean_v2/yolo_fruit_dataset/images/train/pomegranate_fresh_01_clear_closeup_frame_000255.jpg,/mnt/d/merged_fruit_36_clean_v2/yolo_fruit_dataset/labels/train/pomegranate_fresh_01_clear_closeup_frame_000255.txt
train,/mnt/d/merged_fruit_36_clean_v2/yolo_fruit_dataset/_tmp_frames/peach_fresh_01_clear_closeup_frame_000045.jpg,/mnt/d/merged_fruit_36_clean_v2/yolo_fruit_dataset/images/train/peach_fresh_01_clear_closeup_frame_000045.jpg,/mnt/d/merged_fruit_36_clean_v2/yolo_fruit_dataset/labels/train/peach_fresh_01_clear_closeup_frame_000045.txt
train,/mnt/d/merged_fruit_36_clean_v2/yolo_fruit_dataset/_tmp_frames/avocado_fresh_01_clear_closeup_frame_000075.jpg,/mnt/d/merged_fruit_36_clean_v2/yolo_fruit_dataset/images/train/avocado_fresh_01_clear_closeup_frame_000075.jpg,/mnt/d/merged_fruit_36_clean_v2/yolo_fruit_dataset/labels/train/avocado_fresh_01_clear_closeup_frame_000075.txt
train,/mnt/d/merged_fruit_36_clean_v2/yolo_fruit_dataset/_tmp_frames/avocado_fresh_01_clear_closeup_frame_000510.jpg,/mnt/d/merged_fruit_36_clean_v2/yolo_fruit_dataset/images/train/avocado_fresh_01_clear_closeup_frame_000510.jpg,/mnt/d/merged_fruit_36_clean_v2/yolo_fruit_dataset/labels/train/avocado_fresh_01_clear_closeup_frame_000510.txt
train,/mnt/d/merged_fruit_36_clean_v2/yolo_fruit_dataset/_tmp_frames/grape_fresh_02_real_context_frame_000795.jpg,/mnt/d/merged_fruit_36_clean_v2/yolo_fruit_dataset/images/train/grape_fresh_02_real_context_frame_000795.jpg,/mnt/d/merged_fruit_36_clean_v2/yolo_fruit_dataset/labels/train/grape_fresh_02_real_context_frame_000795.txt
train,/mnt/d/merged_fruit_36_clean_v2/yolo_fruit_dataset/_tmp_frames/avocado_fresh_02_real_context_frame_000210.jpg,/mnt/d/merged_fruit_36_clean_v2/yolo_fruit_dataset/images/train/avocado_fresh_02_real_context_frame_000210.jpg,/mnt/d/merged_fruit_36_clean_v2/yolo_fruit_dataset/labels/train/avocado_fresh_02_real_context_frame_000210.txt
train,/mnt/d/merged_fruit_36_clean_v2/yolo_fruit_dataset/_tmp_frames/potato_fresh_03_soil_hardcase_frame_000075.jpg,/mnt/d/merged_fruit_36_clean_v2/yolo_fruit_dataset/images/train/potato_fresh_03_soil_hardcase_frame_000075.jpg,/mnt/d/merged_fruit_36_clean_v2/yolo_fruit_dataset/labels/train/potato_fresh_03_soil_hardcase_frame_000075.txt
train,/mnt/d/merged_fruit_36_clean_v2/yolo_fruit_dataset/_tmp_frames/avocado_fresh_02_real_context_frame_000060.jpg,/mnt/d/merged_fruit_36_clean_v2/yolo_fruit_dataset/images/train/avocado_fresh_02_real_context_frame_000060.jpg,/mnt/d/merged_fruit_36_clean_v2/yolo_fruit_dataset/labels/train/avocado_fresh_02_real_context_frame_000060.txt
train,/mnt/d/merged_fruit_36_clean_v2/yolo_fruit_dataset/_tmp_frames/carrot_fresh_01_clear_closeup_frame_000000.jpg,/mnt/d/merged_fruit_36_clean_v2/yolo_fruit_dataset/images/train/carrot_fresh_01_clear_closeup_frame_000000.jpg,/mnt/d/merged_fruit_36_clean_v2/yolo_fruit_dataset/labels/train/carrot_fresh_01_clear_closeup_frame_000000.txt
train,/mnt/d/merged_fruit_36_clean_v2/yolo_fruit_dataset/_tmp_frames/grape_fresh_01_clear_closeup_frame_001260.jpg,/mnt/d/merged_fruit_36_clean_v2/yolo_fruit_dataset/images/train/grape_fresh_01_clear_closeup_frame_001260.jpg,/mnt/d/merged_fruit_36_clean_v2/yolo_fruit_dataset/labels/train/grape_fresh_01_clear_closeup_frame_001260.txt
train,/mnt/d/merged_fruit_36_clean_v2/yolo_fruit_dataset/_tmp_frames/carambola_fresh_03_on_tree_hardcase_frame_000225.jpg,/mnt/d/merged_fruit_36_clean_v2/yolo_fruit_dataset/images/train/carambola_fresh_03_on_tree_hardcase_frame_000225.jpg,/mnt/d/merged_fruit_36_clean_v2/yolo_fruit_dataset/labels/train/carambola_fresh_03_on_tree_hardcase_frame_000225.txt
train,/mnt/d/merged_fruit_36_clean_v2/yolo_fruit_dataset/_tmp_frames/bellpepper_fresh_02_real_context_frame_000555.jpg,/mnt/d/merged_fruit_36_clean_v2/yolo_fruit_dataset/images/train/bellpepper_fresh_02_real_context_frame_000555.jpg,/mnt/d/merged_fruit_36_clean_v2/yolo_fruit_dataset/labels/train/bellpepper_fresh_02_real_context_frame_000555.txt
train,/mnt/d/merged_fruit_36_clean_v2/yolo_fruit_dataset/_tmp_frames/peach_fresh_01_clear_closeup_frame_000660.jpg,/mnt/d/merged_fruit_36_clean_v2/yolo_fruit_dataset/images/train/peach_fresh_01_clear_closeup_frame_000660.jpg,/mnt/d/merged_fruit_36_clean_v2/yolo_fruit_dataset/labels/train/peach_fresh_01_clear_closeup_frame_000660.txt
train,/mnt/d/merged_fruit_36_clean_v2/yolo_fruit_dataset/_tmp_frames/potato_rotten_02_sprout_green_rotten_frame_000435.jpg,/mnt/d/merged_fruit_36_clean_v2/yolo_fruit_dataset/images/train/potato_rotten_02_sprout_green_rotten_frame_000435.jpg,/mnt/d/merged_fruit_36_clean_v2/yolo_fruit_dataset/labels/train/potato_rotten_02_sprout_green_rotten_frame_000435.txt
train,/mnt/d/merged_fruit_36_clean_v2/yolo_fruit_dataset/_tmp_frames/lemon_rotten_03_hardcase_rotten_frame_000180.jpg,/mnt/d/merged_fruit_36_clean_v2/yolo_fruit_dataset/images/train/lemon_rotten_03_hardcase_rotten_frame_000180.jpg,/mnt/d/merged_fruit_36_clean_v2/yolo_fruit_dataset/labels/train/lemon_rotten_03_hardcase_rotten_frame_000180.txt
train,/mnt/d/merged_fruit_36_clean_v2/yolo_fruit_dataset/_tmp_frames/grape_fresh_01_clear_closeup_frame_000555.jpg,/mnt/d/merged_fruit_36_clean_v2/yolo_fruit_dataset/images/train/grape_fresh_01_clear_closeup_frame_000555.jpg,/mnt/d/merged_fruit_36_clean_v2/yolo_fruit_dataset/labels/train/grape_fresh_01_clear_closeup_frame_000555.txt
train,/mnt/d/merged_fruit_36_clean_v2/yolo_fruit_dataset/_tmp_frames/orange_rotten_01_mild_rotten_frame_000195.jpg,/mnt/d/merged_fruit_36_clean_v2/yolo_fruit_dataset/images/train/orange_rotten_01_mild_rotten_frame_000195.jpg,/mnt/d/merged_fruit_36_clean_v2/yolo_fruit_dataset/labels/train/orange_rotten_01_mild_rotten_frame_000195.txt
train,/mnt/d/merged_fruit_36_clean_v2/yolo_fruit_dataset/_tmp_frames/cucumber_fresh_01_clear_closeup_frame_000390.jpg,/mnt/d/merged_fruit_36_clean_v2/yolo_fruit_dataset/images/train/cucumber_fresh_01_clear_closeup_frame_000390.jpg,/mnt/d/merged_fruit_36_clean_v2/yolo_fruit_dataset/labels/train/cucumber_fresh_01_clear_closeup_frame_000390.txt
train,/mnt/d/merged_fruit_36_clean_v2/yolo_fruit_dataset/_tmp_frames/jujube_fresh_01_clear_closeup_frame_000090.jpg,/mnt/d/merged_fruit_36_clean_v2/yolo_fruit_dataset/images/train/jujube_fresh_01_clear_closeup_frame_000090.jpg,/mnt/d/merged_fruit_36_clean_v2/yolo_fruit_dataset/labels/train/jujube_fresh_01_clear_closeup_frame_000090.txt
train,/mnt/d/merged_fruit_36_clean_v2/raw_assets_from_zip/Cucumber/istockphoto-1435240034-1024x1024.jpg,/mnt/d/merged_fruit_36_clean_v2/yolo_fruit_dataset/images/train/istockphoto-1435240034-1024x1024.jpg,/mnt/d/merged_fruit_36_clean_v2/yolo_fruit_dataset/labels/train/istockphoto-1435240034-1024x1024.txt
train,/mnt/d/merged_fruit_36_clean_v2/yolo_fruit_dataset/_tmp_frames/guava_rotten_01_mild_rotten_frame_000000.jpg,/mnt/d/merged_fruit_36_clean_v2/yolo_fruit_dataset/images/train/guava_rotten_01_mild_rotten_frame_000000.jpg,/mnt/d/merged_fruit_36_clean_v2/yolo_fruit_dataset/labels/train/guava_rotten_01_mild_rotten_frame_000000.txt
train,/mnt/d/merged_fruit_36_clean_v2/yolo_fruit_dataset/_tmp_frames/bellpepper_rotten_03_hardcase_rotten_frame_000030.jpg,/mnt/d/merged_fruit_36_clean_v2/yolo_fruit_dataset/images/train/bellpepper_rotten_03_hardcase_rotten_frame_000030.jpg,/mnt/d/merged_fruit_36_clean_v2/yolo_fruit_dataset/labels/train/bellpepper_rotten_03_hardcase_rotten_frame_000030.txt
train,/mnt/d/merged_fruit_36_clean_v2/yolo_fruit_dataset/_tmp_frames/avocado_fresh_02_real_context_frame_000075.jpg,/mnt/d/merged_fruit_36_clean_v2/yolo_fruit_dataset/images/train/avocado_fresh_02_real_context_frame_000075.jpg,/mnt/d/merged_fruit_36_clean_v2/yolo_fruit_dataset/labels/train/avocado_fresh_02_real_context_frame_000075.txt
train,/mnt/d/merged_fruit_36_clean_v2/yolo_fruit_dataset/_tmp_frames/jujube_fresh_03_on_tree_hardcase_frame_000225.jpg,/mnt/d/merged_fruit_36_clean_v2/yolo_fruit_dataset/images/train/jujube_fresh_03_on_tree_hardcase_frame_000225.jpg,/mnt/d/merged_fruit_36_clean_v2/yolo_fruit_dataset/labels/train/jujube_fresh_03_on_tree_hardcase_frame_000225.txt
train,/mnt/d/merged_fruit_36_clean_v2/yolo_fruit_dataset/_tmp_frames/carambola_rotten_02_mold_bruised_rotten_frame_000885.jpg,/mnt/d/merged_fruit_36_clean_v2/yolo_fruit_dataset/images/train/carambola_rotten_02_mold_bruised_rotten_frame_000885.jpg,/mnt/d/merged_fruit_36_clean_v2/yolo_fruit_dataset/labels/train/carambola_rotten_02_mold_bruised_rotten_frame_000885.txt
train,/mnt/d/merged_fruit_36_clean_v2/yolo_fruit_dataset/_tmp_frames/peach_fresh_01_clear_closeup_frame_000330.jpg,/mnt/d/merged_fruit_36_clean_v2/yolo_fruit_dataset/images/train/peach_fresh_01_clear_closeup_frame_000330.jpg,/mnt/d/merged_fruit_36_clean_v2/yolo_fruit_dataset/labels/train/peach_fresh_01_clear_closeup_frame_000330.txt
train,/mnt/d/merged_fruit_36_clean_v2/yolo_fruit_dataset/_tmp_frames/peach_fresh_01_clear_closeup_frame_000600.jpg,/mnt/d/merged_fruit_36_clean_v2/yolo_fruit_dataset/images/train/peach_fresh_01_clear_closeup_frame_000600.jpg,/mnt/d/merged_fruit_36_clean_v2/yolo_fruit_dataset/labels/train/peach_fresh_01_clear_closeup_frame_000600.txt
train,/mnt/d/merged_fruit_36_clean_v2/yolo_fruit_dataset/_tmp_frames/lemon_fresh_03_cut_open_hardcase_frame_000195.jpg,/mnt/d/merged_fruit_36_clean_v2/yolo_fruit_dataset/images/train/lemon_fresh_03_cut_open_hardcase_frame_000195.jpg,/mnt/d/merged_fruit_36_clean_v2/yolo_fruit_dataset/labels/train/lemon_fresh_03_cut_open_hardcase_frame_000195.txt
train,/mnt/d/merged_fruit_36_clean_v2/yolo_fruit_dataset/_tmp_frames/bellpepper_rotten_03_hardcase_rotten_frame_000135.jpg,/mnt/d/merged_fruit_36_clean_v2/yolo_fruit_dataset/images/train/bellpepper_rotten_03_hardcase_rotten_frame_000135.jpg,/mnt/d/merged_fruit_36_clean_v2/yolo_fruit_dataset/labels/train/bellpepper_rotten_03_hardcase_rotten_frame_000135.txt
train,/mnt/d/merged_fruit_36_clean_v2/yolo_fruit_dataset/_tmp_frames/carrot_rotten_01_mild_rotten_frame_000195.jpg,/mnt/d/merged_fruit_36_clean_v2/yolo_fruit_dataset/images/train/carrot_rotten_01_mild_rotten_frame_000195.jpg,/mnt/d/merged_fruit_36_clean_v2/yolo_fruit_dataset/labels/train/carrot_rotten_01_mild_rotten_frame_000195.txt
train,/mnt/d/merged_fruit_36_clean_v2/yolo_fruit_dataset/_tmp_frames/banana_fresh_02_real_context_frame_000105.jpg,/mnt/d/merged_fruit_36_clean_v2/yolo_fruit_dataset/images/train/banana_fresh_02_real_context_frame_000105.jpg,/mnt/d/merged_fruit_36_clean_v2/yolo_fruit_dataset/labels/train/banana_fresh_02_real_context_frame_000105.txt
train,/mnt/d/merged_fruit_36_clean_v2/yolo_fruit_dataset/_tmp_frames/apple_fresh_02_real_context_frame_000435.jpg,/mnt/d/merged_fruit_36_clean_v2/yolo_fruit_dataset/images/train/apple_fresh_02_real_context_frame_000435.jpg,/mnt/d/merged_fruit_36_clean_v2/yolo_fruit_dataset/labels/train/apple_fresh_02_real_context_frame_000435.txt
train,/mnt/d/merged_fruit_36_clean_v2/yolo_fruit_dataset/_tmp_frames/potato_fresh_02_real_context_frame_000195.jpg,/mnt/d/merged_fruit_36_clean_v2/yolo_fruit_dataset/images/train/potato_fresh_02_real_context_frame_000195.jpg,/mnt/d/merged_fruit_36_clean_v2/yolo_fruit_dataset/labels/train/potato_fresh_02_real_context_frame_000195.txt
train,/mnt/d/merged_fruit_36_clean_v2/yolo_fruit_dataset/_tmp_frames/avocado_fresh_01_clear_closeup_frame_000105.jpg,/mnt/d/merged_fruit_36_clean_v2/yolo_fruit_dataset/images/train/avocado_fresh_01_clear_closeup_frame_000105.jpg,/mnt/d/merged_fruit_36_clean_v2/yolo_fruit_dataset/labels/train/avocado_fresh_01_clear_closeup_frame_000105.txt
train,/mnt/d/merged_fruit_36_clean_v2/yolo_fruit_dataset/_tmp_frames/banana_fresh_03_hardcase_frame_000270.jpg,/mnt/d/merged_fruit_36_clean_v2/yolo_fruit_dataset/images/train/banana_fresh_03_hardcase_frame_000270.jpg,/mnt/d/merged_fruit_36_clean_v2/yolo_fruit_dataset/labels/train/banana_fresh_03_hardcase_frame_000270.txt
train,/mnt/d/merged_fruit_36_clean_v2/yolo_fruit_dataset/_tmp_frames/potato_rotten_02_sprout_green_rotten_frame_000105.jpg,/mnt/d/merged_fruit_36_clean_v2/yolo_fruit_dataset/images/train/potato_rotten_02_sprout_green_rotten_frame_000105.jpg,/mnt/d/merged_fruit_36_clean_v2/yolo_fruit_dataset/labels/train/potato_rotten_02_sprout_green_rotten_frame_000105.txt
train,/mnt/d/merged_fruit_36_clean_v2/yolo_fruit_dataset/_tmp_frames/mango_rotten_03_hardcase_rotten_frame_000345.jpg,/mnt/d/merged_fruit_36_clean_v2/yolo_fruit_dataset/images/train/mango_rotten_03_hardcase_rotten_frame_000345.jpg,/mnt/d/merged_fruit_36_clean_v2/yolo_fruit_dataset/labels/train/mango_rotten_03_hardcase_rotten_frame_000345.txt
train,/mnt/d/merged_fruit_36_clean_v2/yolo_fruit_dataset/_tmp_frames/avocado_rotten_02_black_inside_rotten_frame_000000.jpg,/mnt/d/merged_fruit_36_clean_v2/yolo_fruit_dataset/images/train/avocado_rotten_02_black_inside_rotten_frame_000000.jpg,/mnt/d/merged_fruit_36_clean_v2/yolo_fruit_dataset/labels/train/avocado_rotten_02_black_inside_rotten_frame_000000.txt
train,/mnt/d/merged_fruit_36_clean_v2/yolo_fruit_dataset/_tmp_frames/carrot_rotten_02_mold_soft_rotten_frame_000240.jpg,/mnt/d/merged_fruit_36_clean_v2/yolo_fruit_dataset/images/train/carrot_rotten_02_mold_soft_rotten_frame_000240.jpg,/mnt/d/merged_fruit_36_clean_v2/yolo_fruit_dataset/labels/train/carrot_rotten_02_mold_soft_rotten_frame_000240.txt
train,/mnt/d/merged_fruit_36_clean_v2/yolo_fruit_dataset/_tmp_frames/orange_rotten_02_mold_soft_rotten_frame_000270.jpg,/mnt/d/merged_fruit_36_clean_v2/yolo_fruit_dataset/images/train/orange_rotten_02_mold_soft_rotten_frame_000270.jpg,/mnt/d/merged_fruit_36_clean_v2/yolo_fruit_dataset/labels/train/orange_rotten_02_mold_soft_rotten_frame_000270.txt
train,/mnt/d/merged_fruit_36_clean_v2/yolo_fruit_dataset/_tmp_frames/strawberry_rotten_03_hardcase_rotten_frame_000135.jpg,/mnt/d/merged_fruit_36_clean_v2/yolo_fruit_dataset/images/train/strawberry_rotten_03_hardcase_rotten_frame_000135.jpg,/mnt/d/merged_fruit_36_clean_v2/yolo_fruit_dataset/labels/train/strawberry_rotten_03_hardcase_rotten_frame_000135.txt
train,/mnt/d/merged_fruit_36_clean_v2/yolo_fruit_dataset/_tmp_frames/carambola_fresh_02_real_context_frame_000120.jpg,/mnt/d/merged_fruit_36_clean_v2/yolo_fruit_dataset/images/train/carambola_fresh_02_real_context_frame_000120.jpg,/mnt/d/merged_fruit_36_clean_v2/yolo_fruit_dataset/labels/train/carambola_fresh_02_real_context_frame_000120.txt
train,/mnt/d/merged_fruit_36_clean_v2/yolo_fruit_dataset/_tmp_frames/tomato_rotten_03_hardcase_rotten_frame_000210.jpg,/mnt/d/merged_fruit_36_clean_v2/yolo_fruit_dataset/images/train/tomato_rotten_03_hardcase_rotten_frame_000210.jpg,/mnt/d/merged_fruit_36_clean_v2/yolo_fruit_dataset/labels/train/tomato_rotten_03_hardcase_rotten_frame_000210.txt
train,/mnt/d/merged_fruit_36_clean_v2/yolo_fruit_dataset/_tmp_frames/banana_rotten_03_hardcase_rotten_frame_000210.jpg,/mnt/d/merged_fruit_36_clean_v2/yolo_fruit_dataset/images/train/banana_rotten_03_hardcase_rotten_frame_000210.jpg,/mnt/d/merged_fruit_36_clean_v2/yolo_fruit_dataset/labels/train/banana_rotten_03_hardcase_rotten_frame_000210.txt
train,/mnt/d/merged_fruit_36_clean_v2/yolo_fruit_dataset/_tmp_frames/orange_fresh_01_clear_closeup_frame_000285.jpg,/mnt/d/merged_fruit_36_clean_v2/yolo_fruit_dataset/images/train/orange_fresh_01_clear_closeup_frame_000285.jpg,/mnt/d/merged_fruit_36_clean_v2/yolo_fruit_dataset/labels/train/orange_fresh_01_clear_closeup_frame_000285.txt
train,/mnt/d/merged_fruit_36_clean_v2/yolo_fruit_dataset/_tmp_frames/tomato_rotten_02_soft_mold_rotten_frame_000165.jpg,/mnt/d/merged_fruit_36_clean_v2/yolo_fruit_dataset/images/train/tomato_rotten_02_soft_mold_rotten_frame_000165.jpg,/mnt/d/merged_fruit_36_clean_v2/yolo_fruit_dataset/labels/train/tomato_rotten_02_soft_mold_rotten_frame_000165.txt
train,/mnt/d/merged_fruit_36_clean_v2/yolo_fruit_dataset/_tmp_frames/strawberry_rotten_01_mild_rotten_frame_000270.jpg,/mnt/d/merged_fruit_36_clean_v2/yolo_fruit_dataset/images/train/strawberry_rotten_01_mild_rotten_frame_000270.jpg,/mnt/d/merged_fruit_36_clean_v2/yolo_fruit_dataset/labels/train/strawberry_rotten_01_mild_rotten_frame_000270.txt
train,/mnt/d/merged_fruit_36_clean_v2/yolo_fruit_dataset/_tmp_frames/carambola_fresh_03_on_tree_hardcase_frame_000330.jpg,/mnt/d/merged_fruit_36_clean_v2/yolo_fruit_dataset/images/train/carambola_fresh_03_on_tree_hardcase_frame_000330.jpg,/mnt/d/merged_fruit_36_clean_v2/yolo_fruit_dataset/labels/train/carambola_fresh_03_on_tree_hardcase_frame_000330.txt
train,/mnt/d/merged_fruit_36_clean_v2/yolo_fruit_dataset/_tmp_frames/carrot_rotten_02_mold_soft_rotten_frame_000165.jpg,/mnt/d/merged_fruit_36_clean_v2/yolo_fruit_dataset/images/train/carrot_rotten_02_mold_soft_rotten_frame_000165.jpg,/mnt/d/merged_fruit_36_clean_v2/yolo_fruit_dataset/labels/train/carrot_rotten_02_mold_soft_rotten_frame_000165.txt
train,/mnt/d/merged_fruit_36_clean_v2/yolo_fruit_dataset/_tmp_frames/banana_fresh_03_hardcase_frame_000960.jpg,/mnt/d/merged_fruit_36_clean_v2/yolo_fruit_dataset/images/train/banana_fresh_03_hardcase_frame_000960.jpg,/mnt/d/merged_fruit_36_clean_v2/yolo_fruit_dataset/labels/train/banana_fresh_03_hardcase_frame_000960.txt
train,/mnt/d/merged_fruit_36_clean_v2/yolo_fruit_dataset/_tmp_frames/grape_rotten_01_mild_rotten_frame_000210.jpg,/mnt/d/merged_fruit_36_clean_v2/yolo_fruit_dataset/images/train/grape_rotten_01_mild_rotten_frame_000210.jpg,/mnt/d/merged_fruit_36_clean_v2/yolo_fruit_dataset/labels/train/grape_rotten_01_mild_rotten_frame_000210.txt
train,/mnt/d/merged_fruit_36_clean_v2/yolo_fruit_dataset/_tmp_frames/jujube_fresh_03_on_tree_hardcase_frame_000330.jpg,/mnt/d/merged_fruit_36_clean_v2/yolo_fruit_dataset/images/train/jujube_fresh_03_on_tree_hardcase_frame_000330.jpg,/mnt/d/merged_fruit_36_clean_v2/yolo_fruit_dataset/labels/train/jujube_fresh_03_on_tree_hardcase_frame_000330.txt
train,/mnt/d/merged_fruit_36_clean_v2/yolo_fruit_dataset/_tmp_frames/avocado_fresh_02_real_context_frame_000195.jpg,/mnt/d/merged_fruit_36_clean_v2/yolo_fruit_dataset/images/train/avocado_fresh_02_real_context_frame_000195.jpg,/mnt/d/merged_fruit_36_clean_v2/yolo_fruit_dataset/labels/train/avocado_fresh_02_real_context_frame_000195.txt
train,/mnt/d/merged_fruit_36_clean_v2/yolo_fruit_dataset/_tmp_frames/banana_fresh_03_hardcase_frame_000300.jpg,/mnt/d/merged_fruit_36_clean_v2/yolo_fruit_dataset/images/train/banana_fresh_03_hardcase_frame_000300.jpg,/mnt/d/merged_fruit_36_clean_v2/yolo_fruit_dataset/labels/train/banana_fresh_03_hardcase_frame_000300.txt
train,/mnt/d/merged_fruit_36_clean_v2/yolo_fruit_dataset/_tmp_frames/avocado_fresh_01_clear_closeup_frame_000315.jpg,/mnt/d/merged_fruit_36_clean_v2/yolo_fruit_dataset/images/train/avocado_fresh_01_clear_closeup_frame_000315.jpg,/mnt/d/merged_fruit_36_clean_v2/yolo_fruit_dataset/labels/train/avocado_fresh_01_clear_closeup_frame_000315.txt
train,/mnt/d/merged_fruit_36_clean_v2/yolo_fruit_dataset/_tmp_frames/orange_rotten_02_mold_soft_rotten_frame_000540.jpg,/mnt/d/merged_fruit_36_clean_v2/yolo_fruit_dataset/images/train/orange_rotten_02_mold_soft_rotten_frame_000540.jpg,/mnt/d/merged_fruit_36_clean_v2/yolo_fruit_dataset/labels/train/orange_rotten_02_mold_soft_rotten_frame_000540.txt
train,/mnt/d/merged_fruit_36_clean_v2/yolo_fruit_dataset/_tmp_frames/lemon_fresh_03_cut_open_hardcase_frame_000480.jpg,/mnt/d/merged_fruit_36_clean_v2/yolo_fruit_dataset/images/train/lemon_fresh_03_cut_open_hardcase_frame_000480.jpg,/mnt/d/merged_fruit_36_clean_v2/yolo_fruit_dataset/labels/train/lemon_fresh_03_cut_open_hardcase_frame_000480.txt
train,/mnt/d/merged_fruit_36_clean_v2/yolo_fruit_dataset/_tmp_frames/lemon_rotten_03_hardcase_rotten_frame_000210.jpg,/mnt/d/merged_fruit_36_clean_v2/yolo_fruit_dataset/images/train/lemon_rotten_03_hardcase_rotten_frame_000210.jpg,/mnt/d/merged_fruit_36_clean_v2/yolo_fruit_dataset/labels/train/lemon_rotten_03_hardcase_rotten_frame_000210.txt
train,/mnt/d/merged_fruit_36_clean_v2/yolo_fruit_dataset/_tmp_frames/grape_rotten_03_hardcase_rotten_frame_000210.jpg,/mnt/d/merged_fruit_36_clean_v2/yolo_fruit_dataset/images/train/grape_rotten_03_hardcase_rotten_frame_000210.jpg,/mnt/d/merged_fruit_36_clean_v2/yolo_fruit_dataset/labels/train/grape_rotten_03_hardcase_rotten_frame_000210.txt
train,/mnt/d/merged_fruit_36_clean_v2/yolo_fruit_dataset/_tmp_frames/mango_rotten_02_black_bruised_rotten_frame_000060.jpg,/mnt/d/merged_fruit_36_clean_v2/yolo_fruit_dataset/images/train/mango_rotten_02_black_bruised_rotten_frame_000060.jpg,/mnt/d/merged_fruit_36_clean_v2/yolo_fruit_dataset/labels/train/mango_rotten_02_black_bruised_rotten_frame_000060.txt
train,/mnt/d/merged_fruit_36_clean_v2/yolo_fruit_dataset/_tmp_frames/banana_fresh_03_hardcase_frame_000210.jpg,/mnt/d/merged_fruit_36_clean_v2/yolo_fruit_dataset/images/train/banana_fresh_03_hardcase_frame_000210.jpg,/mnt/d/merged_fruit_36_clean_v2/yolo_fruit_dataset/labels/train/banana_fresh_03_hardcase_frame_000210.txt
train,/mnt/d/merged_fruit_36_clean_v2/yolo_fruit_dataset/_tmp_frames/banana_fresh_03_hardcase_frame_000045.jpg,/mnt/d/merged_fruit_36_clean_v2/yolo_fruit_dataset/images/train/banana_fresh_03_hardcase_frame_000045.jpg,/mnt/d/merged_fruit_36_clean_v2/yolo_fruit_dataset/labels/train/banana_fresh_03_hardcase_frame_000045.txt
train,/mnt/d/merged_fruit_36_clean_v2/yolo_fruit_dataset/_tmp_frames/carambola_fresh_03_on_tree_hardcase_frame_000255.jpg,/mnt/d/merged_fruit_36_clean_v2/yolo_fruit_dataset/images/train/carambola_fresh_03_on_tree_hardcase_frame_000255.jpg,/mnt/d/merged_fruit_36_clean_v2/yolo_fruit_dataset/labels/train/carambola_fresh_03_on_tree_hardcase_frame_000255.txt
train,/mnt/d/merged_fruit_36_clean_v2/yolo_fruit_dataset/_tmp_frames/lemon_fresh_03_cut_open_hardcase_frame_000240.jpg,/mnt/d/merged_fruit_36_clean_v2/yolo_fruit_dataset/images/train/lemon_fresh_03_cut_open_hardcase_frame_000240.jpg,/mnt/d/merged_fruit_36_clean_v2/yolo_fruit_dataset/labels/train/lemon_fresh_03_cut_open_hardcase_frame_000240.txt
train,/mnt/d/merged_fruit_36_clean_v2/yolo_fruit_dataset/_tmp_frames/orange_rotten_03_hardcase_rotten_frame_000210.jpg,/mnt/d/merged_fruit_36_clean_v2/yolo_fruit_dataset/images/train/orange_rotten_03_hardcase_rotten_frame_000210.jpg,/mnt/d/merged_fruit_36_clean_v2/yolo_fruit_dataset/labels/train/orange_rotten_03_hardcase_rotten_frame_000210.txt
train,/mnt/d/merged_fruit_36_clean_v2/yolo_fruit_dataset/_tmp_frames/carrot_rotten_01_mild_rotten_frame_000600.jpg,/mnt/d/merged_fruit_36_clean_v2/yolo_fruit_dataset/images/train/carrot_rotten_01_mild_rotten_frame_000600.jpg,/mnt/d/merged_fruit_36_clean_v2/yolo_fruit_dataset/labels/train/carrot_rotten_01_mild_rotten_frame_000600.txt
train,/mnt/d/merged_fruit_36_clean_v2/yolo_fruit_dataset/_tmp_frames/orange_rotten_03_hardcase_rotten_frame_000195.jpg,/mnt/d/merged_fruit_36_clean_v2/yolo_fruit_dataset/images/train/orange_rotten_03_hardcase_rotten_frame_000195.jpg,/mnt/d/merged_fruit_36_clean_v2/yolo_fruit_dataset/labels/train/orange_rotten_03_hardcase_rotten_frame_000195.txt
train,/mnt/d/merged_fruit_36_clean_v2/yolo_fruit_dataset/_tmp_frames/strawberry_rotten_01_mild_rotten_frame_000120.jpg,/mnt/d/merged_fruit_36_clean_v2/yolo_fruit_dataset/images/train/strawberry_rotten_01_mild_rotten_frame_000120.jpg,/mnt/d/merged_fruit_36_clean_v2/yolo_fruit_dataset/labels/train/strawberry_rotten_01_mild_rotten_frame_000120.txt
train,/mnt/d/merged_fruit_36_clean_v2/yolo_fruit_dataset/_tmp_frames/banana_rotten_02_black_bruised_rotten_frame_000435.jpg,/mnt/d/merged_fruit_36_clean_v2/yolo_fruit_dataset/images/train/banana_rotten_02_black_bruised_rotten_frame_000435.jpg,/mnt/d/merged_fruit_36_clean_v2/yolo_fruit_dataset/labels/train/banana_rotten_02_black_bruised_rotten_frame_000435.txt
train,/mnt/d/merged_fruit_36_clean_v2/yolo_fruit_dataset/_tmp_frames/strawberry_rotten_03_hardcase_rotten_frame_000540.jpg,/mnt/d/merged_fruit_36_clean_v2/yolo_fruit_dataset/images/train/strawberry_rotten_03_hardcase_rotten_frame_000540.jpg,/mnt/d/merged_fruit_36_clean_v2/yolo_fruit_dataset/labels/train/strawberry_rotten_03_hardcase_rotten_frame_000540.txt
train,/mnt/d/merged_fruit_36_clean_v2/yolo_fruit_dataset/_tmp_frames/carambola_rotten_02_mold_bruised_rotten_frame_000915.jpg,/mnt/d/merged_fruit_36_clean_v2/yolo_fruit_dataset/images/train/carambola_rotten_02_mold_bruised_rotten_frame_000915.jpg,/mnt/d/merged_fruit_36_clean_v2/yolo_fruit_dataset/labels/train/carambola_rotten_02_mold_bruised_rotten_frame_000915.txt
train,/mnt/d/merged_fruit_36_clean_v2/yolo_fruit_dataset/_tmp_frames/peach_fresh_01_clear_closeup_frame_000585.jpg,/mnt/d/merged_fruit_36_clean_v2/yolo_fruit_dataset/images/train/peach_fresh_01_clear_closeup_frame_000585.jpg,/mnt/d/merged_fruit_36_clean_v2/yolo_fruit_dataset/labels/train/peach_fresh_01_clear_closeup_frame_000585.txt
train,/mnt/d/merged_fruit_36_clean_v2/yolo_fruit_dataset/_tmp_frames/grape_fresh_01_clear_closeup_frame_000135.jpg,/mnt/d/merged_fruit_36_clean_v2/yolo_fruit_dataset/images/train/grape_fresh_01_clear_closeup_frame_000135.jpg,/mnt/d/merged_fruit_36_clean_v2/yolo_fruit_dataset/labels/train/grape_fresh_01_clear_closeup_frame_000135.txt
train,/mnt/d/merged_fruit_36_clean_v2/yolo_fruit_dataset/_tmp_frames/carrot_rotten_01_mild_rotten_frame_000285.jpg,/mnt/d/merged_fruit_36_clean_v2/yolo_fruit_dataset/images/train/carrot_rotten_01_mild_rotten_frame_000285.jpg,/mnt/d/merged_fruit_36_clean_v2/yolo_fruit_dataset/labels/train/carrot_rotten_01_mild_rotten_frame_000285.txt
train,/mnt/d/merged_fruit_36_clean_v2/yolo_fruit_dataset/_tmp_frames/pomegranate_fresh_03_cut_open_hardcase_frame_000225.jpg,/mnt/d/merged_fruit_36_clean_v2/yolo_fruit_dataset/images/train/pomegranate_fresh_03_cut_open_hardcase_frame_000225.jpg,/mnt/d/merged_fruit_36_clean_v2/yolo_fruit_dataset/labels/train/pomegranate_fresh_03_cut_open_hardcase_frame_000225.txt
train,/mnt/d/merged_fruit_36_clean_v2/yolo_fruit_dataset/_tmp_frames/strawberry_rotten_03_hardcase_rotten_frame_000270.jpg,/mnt/d/merged_fruit_36_clean_v2/yolo_fruit_dataset/images/train/strawberry_rotten_03_hardcase_rotten_frame_000270.jpg,/mnt/d/merged_fruit_36_clean_v2/yolo_fruit_dataset/labels/train/strawberry_rotten_03_hardcase_rotten_frame_000270.txt
train,/mnt/d/merged_fruit_36_clean_v2/yolo_fruit_dataset/_tmp_frames/grape_fresh_03_on_tree_hardcase_frame_000330.jpg,/mnt/d/merged_fruit_36_clean_v2/yolo_fruit_dataset/images/train/grape_fresh_03_on_tree_hardcase_frame_000330.jpg,/mnt/d/merged_fruit_36_clean_v2/yolo_fruit_dataset/labels/train/grape_fresh_03_on_tree_hardcase_frame_000330.txt
train,/mnt/d/merged_fruit_36_clean_v2/yolo_fruit_dataset/_tmp_frames/apple_rotten_01_mild_rotten_frame_000255.jpg,/mnt/d/merged_fruit_36_clean_v2/yolo_fruit_dataset/images/train/apple_rotten_01_mild_rotten_frame_000255.jpg,/mnt/d/merged_fruit_36_clean_v2/yolo_fruit_dataset/labels/train/apple_rotten_01_mild_rotten_frame_000255.txt
train,/mnt/d/merged_fruit_36_clean_v2/yolo_fruit_dataset/_tmp_frames/avocado_fresh_03_cut_open_hardcase_frame_000285.jpg,/mnt/d/merged_fruit_36_clean_v2/yolo_fruit_dataset/images/train/avocado_fresh_03_cut_open_hardcase_frame_000285.jpg,/mnt/d/merged_fruit_36_clean_v2/yolo_fruit_dataset/labels/train/avocado_fresh_03_cut_open_hardcase_frame_000285.txt
train,/mnt/d/merged_fruit_36_clean_v2/yolo_fruit_dataset/_tmp_frames/carrot_fresh_02_real_context_frame_000255.jpg,/mnt/d/merged_fruit_36_clean_v2/yolo_fruit_dataset/images/train/carrot_fresh_02_real_context_frame_000255.jpg,/mnt/d/merged_fruit_36_clean_v2/yolo_fruit_dataset/labels/train/carrot_fresh_02_real_context_frame_000255.txt
train,/mnt/d/merged_fruit_36_clean_v2/yolo_fruit_dataset/_tmp_frames/avocado_fresh_02_real_context_frame_000090.jpg,/mnt/d/merged_fruit_36_clean_v2/yolo_fruit_dataset/images/train/avocado_fresh_02_real_context_frame_000090.jpg,/mnt/d/merged_fruit_36_clean_v2/yolo_fruit_dataset/labels/train/avocado_fresh_02_real_context_frame_000090.txt
train,/mnt/d/merged_fruit_36_clean_v2/yolo_fruit_dataset/_tmp_frames/avocado_rotten_01_mild_rotten_frame_000105.jpg,/mnt/d/merged_fruit_36_clean_v2/yolo_fruit_dataset/images/train/avocado_rotten_01_mild_rotten_frame_000105.jpg,/mnt/d/merged_fruit_36_clean_v2/yolo_fruit_dataset/labels/train/avocado_rotten_01_mild_rotten_frame_000105.txt
train,/mnt/d/merged_fruit_36_clean_v2/yolo_fruit_dataset/_tmp_frames/apple_fresh_01_clear_closeup_frame_000165.jpg,/mnt/d/merged_fruit_36_clean_v2/yolo_fruit_dataset/images/train/apple_fresh_01_clear_closeup_frame_000165.jpg,/mnt/d/merged_fruit_36_clean_v2/yolo_fruit_dataset/labels/train/apple_fresh_01_clear_closeup_frame_000165.txt
train,/mnt/d/merged_fruit_36_clean_v2/yolo_fruit_dataset/_tmp_frames/tomato_rotten_03_hardcase_rotten_frame_000015.jpg,/mnt/d/merged_fruit_36_clean_v2/yolo_fruit_dataset/images/train/tomato_rotten_03_hardcase_rotten_frame_000015.jpg,/mnt/d/merged_fruit_36_clean_v2/yolo_fruit_dataset/labels/train/tomato_rotten_03_hardcase_rotten_frame_000015.txt
train,/mnt/d/merged_fruit_36_clean_v2/yolo_fruit_dataset/_tmp_frames/carrot_fresh_03_hardcase_frame_000045.jpg,/mnt/d/merged_fruit_36_clean_v2/yolo_fruit_dataset/images/train/carrot_fresh_03_hardcase_frame_000045.jpg,/mnt/d/merged_fruit_36_clean_v2/yolo_fruit_dataset/labels/train/carrot_fresh_03_hardcase_frame_000045.txt
train,/mnt/d/merged_fruit_36_clean_v2/yolo_fruit_dataset/_tmp_frames/potato_rotten_02_sprout_green_rotten_frame_000315.jpg,/mnt/d/merged_fruit_36_clean_v2/yolo_fruit_dataset/images/train/potato_rotten_02_sprout_green_rotten_frame_000315.jpg,/mnt/d/merged_fruit_36_clean_v2/yolo_fruit_dataset/labels/train/potato_rotten_02_sprout_green_rotten_frame_000315.txt
train,/mnt/d/merged_fruit_36_clean_v2/yolo_fruit_dataset/_tmp_frames/apple_fresh_02_real_context_frame_000825.jpg,/mnt/d/merged_fruit_36_clean_v2/yolo_fruit_dataset/images/train/apple_fresh_02_real_context_frame_000825.jpg,/mnt/d/merged_fruit_36_clean_v2/yolo_fruit_dataset/labels/train/apple_fresh_02_real_context_frame_000825.txt
train,/mnt/d/merged_fruit_36_clean_v2/yolo_fruit_dataset/_tmp_frames/grape_rotten_01_mild_rotten_frame_000135.jpg,/mnt/d/merged_fruit_36_clean_v2/yolo_fruit_dataset/images/train/grape_rotten_01_mild_rotten_frame_000135.jpg,/mnt/d/merged_fruit_36_clean_v2/yolo_fruit_dataset/labels/train/grape_rotten_01_mild_rotten_frame_000135.txt
train,/mnt/d/merged_fruit_36_clean_v2/yolo_fruit_dataset/_tmp_frames/avocado_fresh_03_cut_open_hardcase_frame_000075.jpg,/mnt/d/merged_fruit_36_clean_v2/yolo_fruit_dataset/images/train/avocado_fresh_03_cut_open_hardcase_frame_000075.jpg,/mnt/d/merged_fruit_36_clean_v2/yolo_fruit_dataset/labels/train/avocado_fresh_03_cut_open_hardcase_frame_000075.txt
train,/mnt/d/merged_fruit_36_clean_v2/yolo_fruit_dataset/_tmp_frames/carrot_fresh_02_real_context_frame_000000.jpg,/mnt/d/merged_fruit_36_clean_v2/yolo_fruit_dataset/images/train/carrot_fresh_02_real_context_frame_000000.jpg,/mnt/d/merged_fruit_36_clean_v2/yolo_fruit_dataset/labels/train/carrot_fresh_02_real_context_frame_000000.txt
train,/mnt/d/merged_fruit_36_clean_v2/yolo_fruit_dataset/_tmp_frames/carrot_rotten_02_mold_soft_rotten_frame_000120.jpg,/mnt/d/merged_fruit_36_clean_v2/yolo_fruit_dataset/images/train/carrot_rotten_02_mold_soft_rotten_frame_000120.jpg,/mnt/d/merged_fruit_36_clean_v2/yolo_fruit_dataset/labels/train/carrot_rotten_02_mold_soft_rotten_frame_000120.txt
train,/mnt/d/merged_fruit_36_clean_v2/yolo_fruit_dataset/_tmp_frames/banana_rotten_01_mild_rotten_frame_000180.jpg,/mnt/d/merged_fruit_36_clean_v2/yolo_fruit_dataset/images/train/banana_rotten_01_mild_rotten_frame_000180.jpg,/mnt/d/merged_fruit_36_clean_v2/yolo_fruit_dataset/labels/train/banana_rotten_01_mild_rotten_frame_000180.txt
train,/mnt/d/merged_fruit_36_clean_v2/yolo_fruit_dataset/_tmp_frames/orange_fresh_03_cut_open_hardcase_frame_000165.jpg,/mnt/d/merged_fruit_36_clean_v2/yolo_fruit_dataset/images/train/orange_fresh_03_cut_open_hardcase_frame_000165.jpg,/mnt/d/merged_fruit_36_clean_v2/yolo_fruit_dataset/labels/train/orange_fresh_03_cut_open_hardcase_frame_000165.txt
train,/mnt/d/merged_fruit_36_clean_v2/yolo_fruit_dataset/_tmp_frames/pomegranate_fresh_03_cut_open_hardcase_frame_000435.jpg,/mnt/d/merged_fruit_36_clean_v2/yolo_fruit_dataset/images/train/pomegranate_fresh_03_cut_open_hardcase_frame_000435.jpg,/mnt/d/merged_fruit_36_clean_v2/yolo_fruit_dataset/labels/train/pomegranate_fresh_03_cut_open_hardcase_frame_000435.txt
train,/mnt/d/merged_fruit_36_clean_v2/yolo_fruit_dataset/_tmp_frames/mango_rotten_03_hardcase_rotten_frame_000030.jpg,/mnt/d/merged_fruit_36_clean_v2/yolo_fruit_dataset/images/train/mango_rotten_03_hardcase_rotten_frame_000030.jpg,/mnt/d/merged_fruit_36_clean_v2/yolo_fruit_dataset/labels/train/mango_rotten_03_hardcase_rotten_frame_000030.txt
train,/mnt/d/merged_fruit_36_clean_v2/yolo_fruit_dataset/_tmp_frames/guava_fresh_03_on_tree_hardcase_frame_000300.jpg,/mnt/d/merged_fruit_36_clean_v2/yolo_fruit_dataset/images/train/guava_fresh_03_on_tree_hardcase_frame_000300.jpg,/mnt/d/merged_fruit_36_clean_v2/yolo_fruit_dataset/labels/train/guava_fresh_03_on_tree_hardcase_frame_000300.txt
train,/mnt/d/merged_fruit_36_clean_v2/yolo_fruit_dataset/_tmp_frames/jujube_fresh_03_on_tree_hardcase_frame_000105.jpg,/mnt/d/merged_fruit_36_clean_v2/yolo_fruit_dataset/images/train/jujube_fresh_03_on_tree_hardcase_frame_000105.jpg,/mnt/d/merged_fruit_36_clean_v2/yolo_fruit_dataset/labels/train/jujube_fresh_03_on_tree_hardcase_frame_000105.txt
train,/mnt/d/merged_fruit_36_clean_v2/yolo_fruit_dataset/_tmp_frames/grape_fresh_02_real_context_frame_000675.jpg,/mnt/d/merged_fruit_36_clean_v2/yolo_fruit_dataset/images/train/grape_fresh_02_real_context_frame_000675.jpg,/mnt/d/merged_fruit_36_clean_v2/yolo_fruit_dataset/labels/train/grape_fresh_02_real_context_frame_000675.txt
train,/mnt/d/merged_fruit_36_clean_v2/yolo_fruit_dataset/_tmp_frames/carambola_rotten_02_mold_bruised_rotten_frame_000105.jpg,/mnt/d/merged_fruit_36_clean_v2/yolo_fruit_dataset/images/train/carambola_rotten_02_mold_bruised_rotten_frame_000105.jpg,/mnt/d/merged_fruit_36_clean_v2/yolo_fruit_dataset/labels/train/carambola_rotten_02_mold_bruised_rotten_frame_000105.txt
train,/mnt/d/merged_fruit_36_clean_v2/yolo_fruit_dataset/_tmp_frames/potato_fresh_02_real_context_frame_000105.jpg,/mnt/d/merged_fruit_36_clean_v2/yolo_fruit_dataset/images/train/potato_fresh_02_real_context_frame_000105.jpg,/mnt/d/merged_fruit_36_clean_v2/yolo_fruit_dataset/labels/train/potato_fresh_02_real_context_frame_000105.txt
train,/mnt/d/merged_fruit_36_clean_v2/yolo_fruit_dataset/_tmp_frames/carambola_rotten_02_mold_bruised_rotten_frame_000765.jpg,/mnt/d/merged_fruit_36_clean_v2/yolo_fruit_dataset/images/train/carambola_rotten_02_mold_bruised_rotten_frame_000765.jpg,/mnt/d/merged_fruit_36_clean_v2/yolo_fruit_dataset/labels/train/carambola_rotten_02_mold_bruised_rotten_frame_000765.txt
train,/mnt/d/merged_fruit_36_clean_v2/yolo_fruit_dataset/_tmp_frames/lemon_rotten_03_hardcase_rotten_frame_000195.jpg,/mnt/d/merged_fruit_36_clean_v2/yolo_fruit_dataset/images/train/lemon_rotten_03_hardcase_rotten_frame_000195.jpg,/mnt/d/merged_fruit_36_clean_v2/yolo_fruit_dataset/labels/train/lemon_rotten_03_hardcase_rotten_frame_000195.txt
train,/mnt/d/merged_fruit_36_clean_v2/yolo_fruit_dataset/_tmp_frames/potato_fresh_01_clear_closeup_frame_000120.jpg,/mnt/d/merged_fruit_36_clean_v2/yolo_fruit_dataset/images/train/potato_fresh_01_clear_closeup_frame_000120.jpg,/mnt/d/merged_fruit_36_clean_v2/yolo_fruit_dataset/labels/train/potato_fresh_01_clear_closeup_frame_000120.txt
train,/mnt/d/merged_fruit_36_clean_v2/yolo_fruit_dataset/_tmp_frames/cucumber_fresh_01_clear_closeup_frame_000375.jpg,/mnt/d/merged_fruit_36_clean_v2/yolo_fruit_dataset/images/train/cucumber_fresh_01_clear_closeup_frame_000375.jpg,/mnt/d/merged_fruit_36_clean_v2/yolo_fruit_dataset/labels/train/cucumber_fresh_01_clear_closeup_frame_000375.txt
train,/mnt/d/merged_fruit_36_clean_v2/yolo_fruit_dataset/_tmp_frames/bellpepper_rotten_03_hardcase_rotten_frame_000060.jpg,/mnt/d/merged_fruit_36_clean_v2/yolo_fruit_dataset/images/train/bellpepper_rotten_03_hardcase_rotten_frame_000060.jpg,/mnt/d/merged_fruit_36_clean_v2/yolo_fruit_dataset/labels/train/bellpepper_rotten_03_hardcase_rotten_frame_000060.txt
train,/mnt/d/merged_fruit_36_clean_v2/yolo_fruit_dataset/_tmp_frames/potato_rotten_02_sprout_green_rotten_frame_000060.jpg,/mnt/d/merged_fruit_36_clean_v2/yolo_fruit_dataset/images/train/potato_rotten_02_sprout_green_rotten_frame_000060.jpg,/mnt/d/merged_fruit_36_clean_v2/yolo_fruit_dataset/labels/train/potato_rotten_02_sprout_green_rotten_frame_000060.txt
train,/mnt/d/merged_fruit_36_clean_v2/yolo_fruit_dataset/_tmp_frames/orange_rotten_03_hardcase_rotten_frame_000345.jpg,/mnt/d/merged_fruit_36_clean_v2/yolo_fruit_dataset/images/train/orange_rotten_03_hardcase_rotten_frame_000345.jpg,/mnt/d/merged_fruit_36_clean_v2/yolo_fruit_dataset/labels/train/orange_rotten_03_hardcase_rotten_frame_000345.txt
train,/mnt/d/merged_fruit_36_clean_v2/yolo_fruit_dataset/_tmp_frames/banana_rotten_02_black_bruised_rotten_frame_000195.jpg,/mnt/d/merged_fruit_36_clean_v2/yolo_fruit_dataset/images/train/banana_rotten_02_black_bruised_rotten_frame_000195.jpg,/mnt/d/merged_fruit_36_clean_v2/yolo_fruit_dataset/labels/train/banana_rotten_02_black_bruised_rotten_frame_000195.txt
train,/mnt/d/merged_fruit_36_clean_v2/yolo_fruit_dataset/_tmp_frames/banana_rotten_02_black_bruised_rotten_frame_000045.jpg,/mnt/d/merged_fruit_36_clean_v2/yolo_fruit_dataset/images/train/banana_rotten_02_black_bruised_rotten_frame_000045.jpg,/mnt/d/merged_fruit_36_clean_v2/yolo_fruit_dataset/labels/train/banana_rotten_02_black_bruised_rotten_frame_000045.txt
train,/mnt/d/merged_fruit_36_clean_v2/yolo_fruit_dataset/_tmp_frames/potato_fresh_01_clear_closeup_frame_000420.jpg,/mnt/d/merged_fruit_36_clean_v2/yolo_fruit_dataset/images/train/potato_fresh_01_clear_closeup_frame_000420.jpg,/mnt/d/merged_fruit_36_clean_v2/yolo_fruit_dataset/labels/train/potato_fresh_01_clear_closeup_frame_000420.txt
train,/mnt/d/merged_fruit_36_clean_v2/yolo_fruit_dataset/_tmp_frames/avocado_rotten_01_mild_rotten_frame_000000.jpg,/mnt/d/merged_fruit_36_clean_v2/yolo_fruit_dataset/images/train/avocado_rotten_01_mild_rotten_frame_000000.jpg,/mnt/d/merged_fruit_36_clean_v2/yolo_fruit_dataset/labels/train/avocado_rotten_01_mild_rotten_frame_000000.txt
train,/mnt/d/merged_fruit_36_clean_v2/yolo_fruit_dataset/_tmp_frames/peach_fresh_01_clear_closeup_frame_000615.jpg,/mnt/d/merged_fruit_36_clean_v2/yolo_fruit_dataset/images/train/peach_fresh_01_clear_closeup_frame_000615.jpg,/mnt/d/merged_fruit_36_clean_v2/yolo_fruit_dataset/labels/train/peach_fresh_01_clear_closeup_frame_000615.txt
train,/mnt/d/merged_fruit_36_clean_v2/yolo_fruit_dataset/_tmp_frames/avocado_rotten_03_hardcase_rotten_frame_000210.jpg,/mnt/d/merged_fruit_36_clean_v2/yolo_fruit_dataset/images/train/avocado_rotten_03_hardcase_rotten_frame_000210.jpg,/mnt/d/merged_fruit_36_clean_v2/yolo_fruit_dataset/labels/train/avocado_rotten_03_hardcase_rotten_frame_000210.txt
train,/mnt/d/merged_fruit_36_clean_v2/yolo_fruit_dataset/_tmp_frames/tomato_rotten_02_soft_mold_rotten_frame_000120.jpg,/mnt/d/merged_fruit_36_clean_v2/yolo_fruit_dataset/images/train/tomato_rotten_02_soft_mold_rotten_frame_000120.jpg,/mnt/d/merged_fruit_36_clean_v2/yolo_fruit_dataset/labels/train/tomato_rotten_02_soft_mold_rotten_frame_000120.txt
train,/mnt/d/merged_fruit_36_clean_v2/yolo_fruit_dataset/_tmp_frames/tomato_fresh_03_cut_open_hardcase_frame_000015.jpg,/mnt/d/merged_fruit_36_clean_v2/yolo_fruit_dataset/images/train/tomato_fresh_03_cut_open_hardcase_frame_000015.jpg,/mnt/d/merged_fruit_36_clean_v2/yolo_fruit_dataset/labels/train/tomato_fresh_03_cut_open_hardcase_frame_000015.txt
train,/mnt/d/merged_fruit_36_clean_v2/yolo_fruit_dataset/_tmp_frames/carrot_rotten_01_mild_rotten_frame_000465.jpg,/mnt/d/merged_fruit_36_clean_v2/yolo_fruit_dataset/images/train/carrot_rotten_01_mild_rotten_frame_000465.jpg,/mnt/d/merged_fruit_36_clean_v2/yolo_fruit_dataset/labels/train/carrot_rotten_01_mild_rotten_frame_000465.txt
train,/mnt/d/merged_fruit_36_clean_v2/yolo_fruit_dataset/_tmp_frames/avocado_fresh_02_real_context_frame_000030.jpg,/mnt/d/merged_fruit_36_clean_v2/yolo_fruit_dataset/images/train/avocado_fresh_02_real_context_frame_000030.jpg,/mnt/d/merged_fruit_36_clean_v2/yolo_fruit_dataset/labels/train/avocado_fresh_02_real_context_frame_000030.txt
train,/mnt/d/merged_fruit_36_clean_v2/yolo_fruit_dataset/_tmp_frames/carrot_rotten_01_mild_rotten_frame_000375.jpg,/mnt/d/merged_fruit_36_clean_v2/yolo_fruit_dataset/images/train/carrot_rotten_01_mild_rotten_frame_000375.jpg,/mnt/d/merged_fruit_36_clean_v2/yolo_fruit_dataset/labels/train/carrot_rotten_01_mild_rotten_frame_000375.txt
train,/mnt/d/merged_fruit_36_clean_v2/yolo_fruit_dataset/_tmp_frames/grape_fresh_02_real_context_frame_000420.jpg,/mnt/d/merged_fruit_36_clean_v2/yolo_fruit_dataset/images/train/grape_fresh_02_real_context_frame_000420.jpg,/mnt/d/merged_fruit_36_clean_v2/yolo_fruit_dataset/labels/train/grape_fresh_02_real_context_frame_000420.txt
train,/mnt/d/merged_fruit_36_clean_v2/yolo_fruit_dataset/_tmp_frames/guava_fresh_01_clear_closeup_frame_000510.jpg,/mnt/d/merged_fruit_36_clean_v2/yolo_fruit_dataset/images/train/guava_fresh_01_clear_closeup_frame_000510.jpg,/mnt/d/merged_fruit_36_clean_v2/yolo_fruit_dataset/labels/train/guava_fresh_01_clear_closeup_frame_000510.txt
train,/mnt/d/merged_fruit_36_clean_v2/yolo_fruit_dataset/_tmp_frames/banana_fresh_03_hardcase_frame_001125.jpg,/mnt/d/merged_fruit_36_clean_v2/yolo_fruit_dataset/images/train/banana_fresh_03_hardcase_frame_001125.jpg,/mnt/d/merged_fruit_36_clean_v2/yolo_fruit_dataset/labels/train/banana_fresh_03_hardcase_frame_001125.txt
train,/mnt/d/merged_fruit_36_clean_v2/yolo_fruit_dataset/_tmp_frames/apple_fresh_02_real_context_frame_000720.jpg,/mnt/d/merged_fruit_36_clean_v2/yolo_fruit_dataset/images/train/apple_fresh_02_real_context_frame_000720.jpg,/mnt/d/merged_fruit_36_clean_v2/yolo_fruit_dataset/labels/train/apple_fresh_02_real_context_frame_000720.txt
train,/mnt/d/merged_fruit_36_clean_v2/yolo_fruit_dataset/_tmp_frames/peach_fresh_01_clear_closeup_frame_000780.jpg,/mnt/d/merged_fruit_36_clean_v2/yolo_fruit_dataset/images/train/peach_fresh_01_clear_closeup_frame_000780.jpg,/mnt/d/merged_fruit_36_clean_v2/yolo_fruit_dataset/labels/train/peach_fresh_01_clear_closeup_frame_000780.txt
train,/mnt/d/merged_fruit_36_clean_v2/yolo_fruit_dataset/_tmp_frames/grape_fresh_02_real_context_frame_001440.jpg,/mnt/d/merged_fruit_36_clean_v2/yolo_fruit_dataset/images/train/grape_fresh_02_real_context_frame_001440.jpg,/mnt/d/merged_fruit_36_clean_v2/yolo_fruit_dataset/labels/train/grape_fresh_02_real_context_frame_001440.txt
train,/mnt/d/merged_fruit_36_clean_v2/raw_assets_from_zip/Cucumber/istockphoto-1270542510-1024x1024.jpg,/mnt/d/merged_fruit_36_clean_v2/yolo_fruit_dataset/images/train/istockphoto-1270542510-1024x1024.jpg,/mnt/d/merged_fruit_36_clean_v2/yolo_fruit_dataset/labels/train/istockphoto-1270542510-1024x1024.txt
train,/mnt/d/merged_fruit_36_clean_v2/yolo_fruit_dataset/_tmp_frames/potato_fresh_01_clear_closeup_frame_000285.jpg,/mnt/d/merged_fruit_36_clean_v2/yolo_fruit_dataset/images/train/potato_fresh_01_clear_closeup_frame_000285.jpg,/mnt/d/merged_fruit_36_clean_v2/yolo_fruit_dataset/labels/train/potato_fresh_01_clear_closeup_frame_000285.txt
train,/mnt/d/merged_fruit_36_clean_v2/yolo_fruit_dataset/_tmp_frames/potato_fresh_02_real_context_frame_000120.jpg,/mnt/d/merged_fruit_36_clean_v2/yolo_fruit_dataset/images/train/potato_fresh_02_real_context_frame_000120.jpg,/mnt/d/merged_fruit_36_clean_v2/yolo_fruit_dataset/labels/train/potato_fresh_02_real_context_frame_000120.txt
train,/mnt/d/merged_fruit_36_clean_v2/yolo_fruit_dataset/_tmp_frames/bellpepper_fresh_03_cut_open_hardcase_frame_000240.jpg,/mnt/d/merged_fruit_36_clean_v2/yolo_fruit_dataset/images/train/bellpepper_fresh_03_cut_open_hardcase_frame_000240.jpg,/mnt/d/merged_fruit_36_clean_v2/yolo_fruit_dataset/labels/train/bellpepper_fresh_03_cut_open_hardcase_frame_000240.txt
train,/mnt/d/merged_fruit_36_clean_v2/yolo_fruit_dataset/_tmp_frames/guava_fresh_03_on_tree_hardcase_frame_000330.jpg,/mnt/d/merged_fruit_36_clean_v2/yolo_fruit_dataset/images/train/guava_fresh_03_on_tree_hardcase_frame_000330.jpg,/mnt/d/merged_fruit_36_clean_v2/yolo_fruit_dataset/labels/train/guava_fresh_03_on_tree_hardcase_frame_000330.txt
train,/mnt/d/merged_fruit_36_clean_v2/yolo_fruit_dataset/_tmp_frames/tomato_fresh_02_real_context_frame_000015.jpg,/mnt/d/merged_fruit_36_clean_v2/yolo_fruit_dataset/images/train/tomato_fresh_02_real_context_frame_000015.jpg,/mnt/d/merged_fruit_36_clean_v2/yolo_fruit_dataset/labels/train/tomato_fresh_02_real_context_frame_000015.txt
train,/mnt/d/merged_fruit_36_clean_v2/yolo_fruit_dataset/_tmp_frames/tomato_rotten_03_hardcase_rotten_frame_000060.jpg,/mnt/d/merged_fruit_36_clean_v2/yolo_fruit_dataset/images/train/tomato_rotten_03_hardcase_rotten_frame_000060.jpg,/mnt/d/merged_fruit_36_clean_v2/yolo_fruit_dataset/labels/train/tomato_rotten_03_hardcase_rotten_frame_000060.txt
train,/mnt/d/merged_fruit_36_clean_v2/yolo_fruit_dataset/_tmp_frames/tomato_fresh_01_clear_closeup_frame_000270.jpg,/mnt/d/merged_fruit_36_clean_v2/yolo_fruit_dataset/images/train/tomato_fresh_01_clear_closeup_frame_000270.jpg,/mnt/d/merged_fruit_36_clean_v2/yolo_fruit_dataset/labels/train/tomato_fresh_01_clear_closeup_frame_000270.txt
train,/mnt/d/merged_fruit_36_clean_v2/yolo_fruit_dataset/_tmp_frames/grape_fresh_01_clear_closeup_frame_001365.jpg,/mnt/d/merged_fruit_36_clean_v2/yolo_fruit_dataset/images/train/grape_fresh_01_clear_closeup_frame_001365.jpg,/mnt/d/merged_fruit_36_clean_v2/yolo_fruit_dataset/labels/train/grape_fresh_01_clear_closeup_frame_001365.txt
train,/mnt/d/merged_fruit_36_clean_v2/yolo_fruit_dataset/_tmp_frames/banana_fresh_03_hardcase_frame_000780.jpg,/mnt/d/merged_fruit_36_clean_v2/yolo_fruit_dataset/images/train/banana_fresh_03_hardcase_frame_000780.jpg,/mnt/d/merged_fruit_36_clean_v2/yolo_fruit_dataset/labels/train/banana_fresh_03_hardcase_frame_000780.txt
train,/mnt/d/merged_fruit_36_clean_v2/yolo_fruit_dataset/_tmp_frames/pomegranate_fresh_02_real_context_frame_000105.jpg,/mnt/d/merged_fruit_36_clean_v2/yolo_fruit_dataset/images/train/pomegranate_fresh_02_real_context_frame_000105.jpg,/mnt/d/merged_fruit_36_clean_v2/yolo_fruit_dataset/labels/train/pomegranate_fresh_02_real_context_frame_000105.txt
train,/mnt/d/merged_fruit_36_clean_v2/yolo_fruit_dataset/_tmp_frames/carambola_fresh_01_clear_closeup_frame_000120.jpg,/mnt/d/merged_fruit_36_clean_v2/yolo_fruit_dataset/images/train/carambola_fresh_01_clear_closeup_frame_000120.jpg,/mnt/d/merged_fruit_36_clean_v2/yolo_fruit_dataset/labels/train/carambola_fresh_01_clear_closeup_frame_000120.txt
train,/mnt/d/merged_fruit_36_clean_v2/yolo_fruit_dataset/_tmp_frames/pomegranate_fresh_01_clear_closeup_frame_000120.jpg,/mnt/d/merged_fruit_36_clean_v2/yolo_fruit_dataset/images/train/pomegranate_fresh_01_clear_closeup_frame_000120.jpg,/mnt/d/merged_fruit_36_clean_v2/yolo_fruit_dataset/labels/train/pomegranate_fresh_01_clear_closeup_frame_000120.txt
train,/mnt/d/merged_fruit_36_clean_v2/yolo_fruit_dataset/_tmp_frames/cucumber_fresh_01_clear_closeup_frame_000270.jpg,/mnt/d/merged_fruit_36_clean_v2/yolo_fruit_dataset/images/train/cucumber_fresh_01_clear_closeup_frame_000270.jpg,/mnt/d/merged_fruit_36_clean_v2/yolo_fruit_dataset/labels/train/cucumber_fresh_01_clear_closeup_frame_000270.txt
train,/mnt/d/merged_fruit_36_clean_v2/raw_assets_from_zip/Cucumber/istockphoto-487121339-1024x1024.jpg,/mnt/d/merged_fruit_36_clean_v2/yolo_fruit_dataset/images/train/istockphoto-487121339-1024x1024.jpg,/mnt/d/merged_fruit_36_clean_v2/yolo_fruit_dataset/labels/train/istockphoto-487121339-1024x1024.txt
train,/mnt/d/merged_fruit_36_clean_v2/yolo_fruit_dataset/_tmp_frames/orange_rotten_01_mild_rotten_frame_000120.jpg,/mnt/d/merged_fruit_36_clean_v2/yolo_fruit_dataset/images/train/orange_rotten_01_mild_rotten_frame_000120.jpg,/mnt/d/merged_fruit_36_clean_v2/yolo_fruit_dataset/labels/train/orange_rotten_01_mild_rotten_frame_000120.txt
train,/mnt/d/merged_fruit_36_clean_v2/yolo_fruit_dataset/_tmp_frames/bellpepper_fresh_03_cut_open_hardcase_frame_000030.jpg,/mnt/d/merged_fruit_36_clean_v2/yolo_fruit_dataset/images/train/bellpepper_fresh_03_cut_open_hardcase_frame_000030.jpg,/mnt/d/merged_fruit_36_clean_v2/yolo_fruit_dataset/labels/train/bellpepper_fresh_03_cut_open_hardcase_frame_000030.txt
train,/mnt/d/merged_fruit_36_clean_v2/yolo_fruit_dataset/_tmp_frames/mango_rotten_02_black_bruised_rotten_frame_000285.jpg,/mnt/d/merged_fruit_36_clean_v2/yolo_fruit_dataset/images/train/mango_rotten_02_black_bruised_rotten_frame_000285.jpg,/mnt/d/merged_fruit_36_clean_v2/yolo_fruit_dataset/labels/train/mango_rotten_02_black_bruised_rotten_frame_000285.txt
train,/mnt/d/merged_fruit_36_clean_v2/yolo_fruit_dataset/_tmp_frames/grape_fresh_01_clear_closeup_frame_001065.jpg,/mnt/d/merged_fruit_36_clean_v2/yolo_fruit_dataset/images/train/grape_fresh_01_clear_closeup_frame_001065.jpg,/mnt/d/merged_fruit_36_clean_v2/yolo_fruit_dataset/labels/train/grape_fresh_01_clear_closeup_frame_001065.txt
train,/mnt/d/merged_fruit_36_clean_v2/yolo_fruit_dataset/_tmp_frames/tomato_rotten_03_hardcase_rotten_frame_000360.jpg,/mnt/d/merged_fruit_36_clean_v2/yolo_fruit_dataset/images/train/tomato_rotten_03_hardcase_rotten_frame_000360.jpg,/mnt/d/merged_fruit_36_clean_v2/yolo_fruit_dataset/labels/train/tomato_rotten_03_hardcase_rotten_frame_000360.txt
train,/mnt/d/merged_fruit_36_clean_v2/yolo_fruit_dataset/_tmp_frames/tomato_rotten_02_soft_mold_rotten_frame_000390.jpg,/mnt/d/merged_fruit_36_clean_v2/yolo_fruit_dataset/images/train/tomato_rotten_02_soft_mold_rotten_frame_000390.jpg,/mnt/d/merged_fruit_36_clean_v2/yolo_fruit_dataset/labels/train/tomato_rotten_02_soft_mold_rotten_frame_000390.txt
train,/mnt/d/merged_fruit_36_clean_v2/yolo_fruit_dataset/_tmp_frames/cucumber_fresh_01_clear_closeup_frame_000480.jpg,/mnt/d/merged_fruit_36_clean_v2/yolo_fruit_dataset/images/train/cucumber_fresh_01_clear_closeup_frame_000480.jpg,/mnt/d/merged_fruit_36_clean_v2/yolo_fruit_dataset/labels/train/cucumber_fresh_01_clear_closeup_frame_000480.txt
train,/mnt/d/merged_fruit_36_clean_v2/yolo_fruit_dataset/_tmp_frames/potato_fresh_01_clear_closeup_frame_000690.jpg,/mnt/d/merged_fruit_36_clean_v2/yolo_fruit_dataset/images/train/potato_fresh_01_clear_closeup_frame_000690.jpg,/mnt/d/merged_fruit_36_clean_v2/yolo_fruit_dataset/labels/train/potato_fresh_01_clear_closeup_frame_000690.txt
train,/mnt/d/merged_fruit_36_clean_v2/yolo_fruit_dataset/_tmp_frames/banana_fresh_03_hardcase_frame_001290.jpg,/mnt/d/merged_fruit_36_clean_v2/yolo_fruit_dataset/images/train/banana_fresh_03_hardcase_frame_001290.jpg,/mnt/d/merged_fruit_36_clean_v2/yolo_fruit_dataset/labels/train/banana_fresh_03_hardcase_frame_001290.txt
train,/mnt/d/merged_fruit_36_clean_v2/yolo_fruit_dataset/_tmp_frames/apple_fresh_02_real_context_frame_000240.jpg,/mnt/d/merged_fruit_36_clean_v2/yolo_fruit_dataset/images/train/apple_fresh_02_real_context_frame_000240.jpg,/mnt/d/merged_fruit_36_clean_v2/yolo_fruit_dataset/labels/train/apple_fresh_02_real_context_frame_000240.txt
train,/mnt/d/merged_fruit_36_clean_v2/yolo_fruit_dataset/_tmp_frames/potato_rotten_02_sprout_green_rotten_frame_000285.jpg,/mnt/d/merged_fruit_36_clean_v2/yolo_fruit_dataset/images/train/potato_rotten_02_sprout_green_rotten_frame_000285.jpg,/mnt/d/merged_fruit_36_clean_v2/yolo_fruit_dataset/labels/train/potato_rotten_02_sprout_green_rotten_frame_000285.txt
train,/mnt/d/merged_fruit_36_clean_v2/yolo_fruit_dataset/_tmp_frames/carrot_rotten_02_mold_soft_rotten_frame_000330.jpg,/mnt/d/merged_fruit_36_clean_v2/yolo_fruit_dataset/images/train/carrot_rotten_02_mold_soft_rotten_frame_000330.jpg,/mnt/d/merged_fruit_36_clean_v2/yolo_fruit_dataset/labels/train/carrot_rotten_02_mold_soft_rotten_frame_000330.txt
train,/mnt/d/merged_fruit_36_clean_v2/yolo_fruit_dataset/_tmp_frames/potato_fresh_01_clear_closeup_frame_000210.jpg,/mnt/d/merged_fruit_36_clean_v2/yolo_fruit_dataset/images/train/potato_fresh_01_clear_closeup_frame_000210.jpg,/mnt/d/merged_fruit_36_clean_v2/yolo_fruit_dataset/labels/train/potato_fresh_01_clear_closeup_frame_000210.txt
train,/mnt/d/merged_fruit_36_clean_v2/yolo_fruit_dataset/_tmp_frames/orange_rotten_02_mold_soft_rotten_frame_000615.jpg,/mnt/d/merged_fruit_36_clean_v2/yolo_fruit_dataset/images/train/orange_rotten_02_mold_soft_rotten_frame_000615.jpg,/mnt/d/merged_fruit_36_clean_v2/yolo_fruit_dataset/labels/train/orange_rotten_02_mold_soft_rotten_frame_000615.txt
train,/mnt/d/merged_fruit_36_clean_v2/yolo_fruit_dataset/_tmp_frames/guava_rotten_01_mild_rotten_frame_000165.jpg,/mnt/d/merged_fruit_36_clean_v2/yolo_fruit_dataset/images/train/guava_rotten_01_mild_rotten_frame_000165.jpg,/mnt/d/merged_fruit_36_clean_v2/yolo_fruit_dataset/labels/train/guava_rotten_01_mild_rotten_frame_000165.txt
train,/mnt/d/merged_fruit_36_clean_v2/yolo_fruit_dataset/_tmp_frames/guava_rotten_02_mold_bruised_rotten_frame_000045.jpg,/mnt/d/merged_fruit_36_clean_v2/yolo_fruit_dataset/images/train/guava_rotten_02_mold_bruised_rotten_frame_000045.jpg,/mnt/d/merged_fruit_36_clean_v2/yolo_fruit_dataset/labels/train/guava_rotten_02_mold_bruised_rotten_frame_000045.txt
train,/mnt/d/merged_fruit_36_clean_v2/yolo_fruit_dataset/_tmp_frames/avocado_fresh_03_cut_open_hardcase_frame_000045.jpg,/mnt/d/merged_fruit_36_clean_v2/yolo_fruit_dataset/images/train/avocado_fresh_03_cut_open_hardcase_frame_000045.jpg,/mnt/d/merged_fruit_36_clean_v2/yolo_fruit_dataset/labels/train/avocado_fresh_03_cut_open_hardcase_frame_000045.txt
train,/mnt/d/merged_fruit_36_clean_v2/yolo_fruit_dataset/_tmp_frames/lemon_rotten_03_hardcase_rotten_frame_000135.jpg,/mnt/d/merged_fruit_36_clean_v2/yolo_fruit_dataset/images/train/lemon_rotten_03_hardcase_rotten_frame_000135.jpg,/mnt/d/merged_fruit_36_clean_v2/yolo_fruit_dataset/labels/train/lemon_rotten_03_hardcase_rotten_frame_000135.txt
train,/mnt/d/merged_fruit_36_clean_v2/yolo_fruit_dataset/_tmp_frames/bellpepper_fresh_03_cut_open_hardcase_frame_000150.jpg,/mnt/d/merged_fruit_36_clean_v2/yolo_fruit_dataset/images/train/bellpepper_fresh_03_cut_open_hardcase_frame_000150.jpg,/mnt/d/merged_fruit_36_clean_v2/yolo_fruit_dataset/labels/train/bellpepper_fresh_03_cut_open_hardcase_frame_000150.txt
train,/mnt/d/merged_fruit_36_clean_v2/yolo_fruit_dataset/_tmp_frames/bellpepper_fresh_02_real_context_frame_000435.jpg,/mnt/d/merged_fruit_36_clean_v2/yolo_fruit_dataset/images/train/bellpepper_fresh_02_real_context_frame_000435.jpg,/mnt/d/merged_fruit_36_clean_v2/yolo_fruit_dataset/labels/train/bellpepper_fresh_02_real_context_frame_000435.txt
train,/mnt/d/merged_fruit_36_clean_v2/yolo_fruit_dataset/_tmp_frames/banana_fresh_03_hardcase_frame_000990.jpg,/mnt/d/merged_fruit_36_clean_v2/yolo_fruit_dataset/images/train/banana_fresh_03_hardcase_frame_000990.jpg,/mnt/d/merged_fruit_36_clean_v2/yolo_fruit_dataset/labels/train/banana_fresh_03_hardcase_frame_000990.txt
train,/mnt/d/merged_fruit_36_clean_v2/yolo_fruit_dataset/_tmp_frames/apple_rotten_03_hardcase_rotten_frame_000255.jpg,/mnt/d/merged_fruit_36_clean_v2/yolo_fruit_dataset/images/train/apple_rotten_03_hardcase_rotten_frame_000255.jpg,/mnt/d/merged_fruit_36_clean_v2/yolo_fruit_dataset/labels/train/apple_rotten_03_hardcase_rotten_frame_000255.txt
train,/mnt/d/merged_fruit_36_clean_v2/yolo_fruit_dataset/_tmp_frames/banana_fresh_01_clear_closeup_frame_000195.jpg,/mnt/d/merged_fruit_36_clean_v2/yolo_fruit_dataset/images/train/banana_fresh_01_clear_closeup_frame_000195.jpg,/mnt/d/merged_fruit_36_clean_v2/yolo_fruit_dataset/labels/train/banana_fresh_01_clear_closeup_frame_000195.txt
train,/mnt/d/merged_fruit_36_clean_v2/yolo_fruit_dataset/_tmp_frames/peach_rotten_02_mold_bruised_rotten_frame_000195.jpg,/mnt/d/merged_fruit_36_clean_v2/yolo_fruit_dataset/images/train/peach_rotten_02_mold_bruised_rotten_frame_000195.jpg,/mnt/d/merged_fruit_36_clean_v2/yolo_fruit_dataset/labels/train/peach_rotten_02_mold_bruised_rotten_frame_000195.txt
train,/mnt/d/merged_fruit_36_clean_v2/yolo_fruit_dataset/_tmp_frames/pomegranate_fresh_02_real_context_frame_000225.jpg,/mnt/d/merged_fruit_36_clean_v2/yolo_fruit_dataset/images/train/pomegranate_fresh_02_real_context_frame_000225.jpg,/mnt/d/merged_fruit_36_clean_v2/yolo_fruit_dataset/labels/train/pomegranate_fresh_02_real_context_frame_000225.txt
train,/mnt/d/merged_fruit_36_clean_v2/yolo_fruit_dataset/_tmp_frames/banana_rotten_03_hardcase_rotten_frame_000090.jpg,/mnt/d/merged_fruit_36_clean_v2/yolo_fruit_dataset/images/train/banana_rotten_03_hardcase_rotten_frame_000090.jpg,/mnt/d/merged_fruit_36_clean_v2/yolo_fruit_dataset/labels/train/banana_rotten_03_hardcase_rotten_frame_000090.txt
train,/mnt/d/merged_fruit_36_clean_v2/yolo_fruit_dataset/_tmp_frames/carrot_fresh_01_clear_closeup_frame_000105.jpg,/mnt/d/merged_fruit_36_clean_v2/yolo_fruit_dataset/images/train/carrot_fresh_01_clear_closeup_frame_000105.jpg,/mnt/d/merged_fruit_36_clean_v2/yolo_fruit_dataset/labels/train/carrot_fresh_01_clear_closeup_frame_000105.txt
train,/mnt/d/merged_fruit_36_clean_v2/yolo_fruit_dataset/_tmp_frames/guava_fresh_01_clear_closeup_frame_000450.jpg,/mnt/d/merged_fruit_36_clean_v2/yolo_fruit_dataset/images/train/guava_fresh_01_clear_closeup_frame_000450.jpg,/mnt/d/merged_fruit_36_clean_v2/yolo_fruit_dataset/labels/train/guava_fresh_01_clear_closeup_frame_000450.txt
train,/mnt/d/merged_fruit_36_clean_v2/yolo_fruit_dataset/_tmp_frames/jujube_fresh_03_on_tree_hardcase_frame_000120.jpg,/mnt/d/merged_fruit_36_clean_v2/yolo_fruit_dataset/images/train/jujube_fresh_03_on_tree_hardcase_frame_000120.jpg,/mnt/d/merged_fruit_36_clean_v2/yolo_fruit_dataset/labels/train/jujube_fresh_03_on_tree_hardcase_frame_000120.txt
train,/mnt/d/merged_fruit_36_clean_v2/yolo_fruit_dataset/_tmp_frames/strawberry_rotten_03_hardcase_rotten_frame_000615.jpg,/mnt/d/merged_fruit_36_clean_v2/yolo_fruit_dataset/images/train/strawberry_rotten_03_hardcase_rotten_frame_000615.jpg,/mnt/d/merged_fruit_36_clean_v2/yolo_fruit_dataset/labels/train/strawberry_rotten_03_hardcase_rotten_frame_000615.txt
train,/mnt/d/merged_fruit_36_clean_v2/yolo_fruit_dataset/_tmp_frames/mango_fresh_01_clear_closeup_frame_000255.jpg,/mnt/d/merged_fruit_36_clean_v2/yolo_fruit_dataset/images/train/mango_fresh_01_clear_closeup_frame_000255.jpg,/mnt/d/merged_fruit_36_clean_v2/yolo_fruit_dataset/labels/train/mango_fresh_01_clear_closeup_frame_000255.txt
train,/mnt/d/merged_fruit_36_clean_v2/yolo_fruit_dataset/_tmp_frames/strawberry_rotten_03_hardcase_rotten_frame_000675.jpg,/mnt/d/merged_fruit_36_clean_v2/yolo_fruit_dataset/images/train/strawberry_rotten_03_hardcase_rotten_frame_000675.jpg,/mnt/d/merged_fruit_36_clean_v2/yolo_fruit_dataset/labels/train/strawberry_rotten_03_hardcase_rotten_frame_000675.txt
train,/mnt/d/merged_fruit_36_clean_v2/yolo_fruit_dataset/_tmp_frames/cucumber_fresh_01_clear_closeup_frame_000240.jpg,/mnt/d/merged_fruit_36_clean_v2/yolo_fruit_dataset/images/train/cucumber_fresh_01_clear_closeup_frame_000240.jpg,/mnt/d/merged_fruit_36_clean_v2/yolo_fruit_dataset/labels/train/cucumber_fresh_01_clear_closeup_frame_000240.txt
train,/mnt/d/merged_fruit_36_clean_v2/yolo_fruit_dataset/_tmp_frames/potato_fresh_02_real_context_frame_000090.jpg,/mnt/d/merged_fruit_36_clean_v2/yolo_fruit_dataset/images/train/potato_fresh_02_real_context_frame_000090.jpg,/mnt/d/merged_fruit_36_clean_v2/yolo_fruit_dataset/labels/train/potato_fresh_02_real_context_frame_000090.txt
train,/mnt/d/merged_fruit_36_clean_v2/yolo_fruit_dataset/_tmp_frames/strawberry_fresh_01_clear_closeup_frame_000030.jpg,/mnt/d/merged_fruit_36_clean_v2/yolo_fruit_dataset/images/train/strawberry_fresh_01_clear_closeup_frame_000030.jpg,/mnt/d/merged_fruit_36_clean_v2/yolo_fruit_dataset/labels/train/strawberry_fresh_01_clear_closeup_frame_000030.txt
train,/mnt/d/merged_fruit_36_clean_v2/yolo_fruit_dataset/_tmp_frames/carrot_rotten_02_mold_soft_rotten_frame_000045.jpg,/mnt/d/merged_fruit_36_clean_v2/yolo_fruit_dataset/images/train/carrot_rotten_02_mold_soft_rotten_frame_000045.jpg,/mnt/d/merged_fruit_36_clean_v2/yolo_fruit_dataset/labels/train/carrot_rotten_02_mold_soft_rotten_frame_000045.txt
train,/mnt/d/merged_fruit_36_clean_v2/yolo_fruit_dataset/_tmp_frames/tomato_rotten_03_hardcase_rotten_frame_000285.jpg,/mnt/d/merged_fruit_36_clean_v2/yolo_fruit_dataset/images/train/tomato_rotten_03_hardcase_rotten_frame_000285.jpg,/mnt/d/merged_fruit_36_clean_v2/yolo_fruit_dataset/labels/train/tomato_rotten_03_hardcase_rotten_frame_000285.txt
train,/mnt/d/merged_fruit_36_clean_v2/yolo_fruit_dataset/_tmp_frames/cucumber_fresh_01_clear_closeup_frame_000360.jpg,/mnt/d/merged_fruit_36_clean_v2/yolo_fruit_dataset/images/train/cucumber_fresh_01_clear_closeup_frame_000360.jpg,/mnt/d/merged_fruit_36_clean_v2/yolo_fruit_dataset/labels/train/cucumber_fresh_01_clear_closeup_frame_000360.txt
train,/mnt/d/merged_fruit_36_clean_v2/yolo_fruit_dataset/_tmp_frames/bellpepper_fresh_01_clear_closeup_frame_000015.jpg,/mnt/d/merged_fruit_36_clean_v2/yolo_fruit_dataset/images/train/bellpepper_fresh_01_clear_closeup_frame_000015.jpg,/mnt/d/merged_fruit_36_clean_v2/yolo_fruit_dataset/labels/train/bellpepper_fresh_01_clear_closeup_frame_000015.txt
train,/mnt/d/merged_fruit_36_clean_v2/yolo_fruit_dataset/_tmp_frames/orange_rotten_02_mold_soft_rotten_frame_000045.jpg,/mnt/d/merged_fruit_36_clean_v2/yolo_fruit_dataset/images/train/orange_rotten_02_mold_soft_rotten_frame_000045.jpg,/mnt/d/merged_fruit_36_clean_v2/yolo_fruit_dataset/labels/train/orange_rotten_02_mold_soft_rotten_frame_000045.txt
train,/mnt/d/merged_fruit_36_clean_v2/yolo_fruit_dataset/_tmp_frames/jujube_fresh_02_real_context_frame_000105.jpg,/mnt/d/merged_fruit_36_clean_v2/yolo_fruit_dataset/images/train/jujube_fresh_02_real_context_frame_000105.jpg,/mnt/d/merged_fruit_36_clean_v2/yolo_fruit_dataset/labels/train/jujube_fresh_02_real_context_frame_000105.txt
train,/mnt/d/merged_fruit_36_clean_v2/yolo_fruit_dataset/_tmp_frames/pomegranate_fresh_01_clear_closeup_frame_000030.jpg,/mnt/d/merged_fruit_36_clean_v2/yolo_fruit_dataset/images/train/pomegranate_fresh_01_clear_closeup_frame_000030.jpg,/mnt/d/merged_fruit_36_clean_v2/yolo_fruit_dataset/labels/train/pomegranate_fresh_01_clear_closeup_frame_000030.txt
train,/mnt/d/merged_fruit_36_clean_v2/yolo_fruit_dataset/_tmp_frames/carambola_rotten_02_mold_bruised_rotten_frame_000810.jpg,/mnt/d/merged_fruit_36_clean_v2/yolo_fruit_dataset/images/train/carambola_rotten_02_mold_bruised_rotten_frame_000810.jpg,/mnt/d/merged_fruit_36_clean_v2/yolo_fruit_dataset/labels/train/carambola_rotten_02_mold_bruised_rotten_frame_000810.txt
train,/mnt/d/merged_fruit_36_clean_v2/yolo_fruit_dataset/_tmp_frames/grape_fresh_02_real_context_frame_000855.jpg,/mnt/d/merged_fruit_36_clean_v2/yolo_fruit_dataset/images/train/grape_fresh_02_real_context_frame_000855.jpg,/mnt/d/merged_fruit_36_clean_v2/yolo_fruit_dataset/labels/train/grape_fresh_02_real_context_frame_000855.txt
train,/mnt/d/merged_fruit_36_clean_v2/yolo_fruit_dataset/_tmp_frames/strawberry_fresh_03_hardcase_frame_000105.jpg,/mnt/d/merged_fruit_36_clean_v2/yolo_fruit_dataset/images/train/strawberry_fresh_03_hardcase_frame_000105.jpg,/mnt/d/merged_fruit_36_clean_v2/yolo_fruit_dataset/labels/train/strawberry_fresh_03_hardcase_frame_000105.txt
train,/mnt/d/merged_fruit_36_clean_v2/yolo_fruit_dataset/_tmp_frames/carambola_rotten_02_mold_bruised_rotten_frame_000720.jpg,/mnt/d/merged_fruit_36_clean_v2/yolo_fruit_dataset/images/train/carambola_rotten_02_mold_bruised_rotten_frame_000720.jpg,/mnt/d/merged_fruit_36_clean_v2/yolo_fruit_dataset/labels/train/carambola_rotten_02_mold_bruised_rotten_frame_000720.txt
train,/mnt/d/merged_fruit_36_clean_v2/yolo_fruit_dataset/_tmp_frames/avocado_fresh_03_cut_open_hardcase_frame_000210.jpg,/mnt/d/merged_fruit_36_clean_v2/yolo_fruit_dataset/images/train/avocado_fresh_03_cut_open_hardcase_frame_000210.jpg,/mnt/d/merged_fruit_36_clean_v2/yolo_fruit_dataset/labels/train/avocado_fresh_03_cut_open_hardcase_frame_000210.txt
train,/mnt/d/merged_fruit_36_clean_v2/yolo_fruit_dataset/_tmp_frames/cucumber_fresh_02_real_context_frame_000045.jpg,/mnt/d/merged_fruit_36_clean_v2/yolo_fruit_dataset/images/train/cucumber_fresh_02_real_context_frame_000045.jpg,/mnt/d/merged_fruit_36_clean_v2/yolo_fruit_dataset/labels/train/cucumber_fresh_02_real_context_frame_000045.txt
train,/mnt/d/merged_fruit_36_clean_v2/yolo_fruit_dataset/_tmp_frames/jujube_fresh_03_on_tree_hardcase_frame_000240.jpg,/mnt/d/merged_fruit_36_clean_v2/yolo_fruit_dataset/images/train/jujube_fresh_03_on_tree_hardcase_frame_000240.jpg,/mnt/d/merged_fruit_36_clean_v2/yolo_fruit_dataset/labels/train/jujube_fresh_03_on_tree_hardcase_frame_000240.txt
train,/mnt/d/merged_fruit_36_clean_v2/yolo_fruit_dataset/_tmp_frames/grape_fresh_02_real_context_frame_000915.jpg,/mnt/d/merged_fruit_36_clean_v2/yolo_fruit_dataset/images/train/grape_fresh_02_real_context_frame_000915.jpg,/mnt/d/merged_fruit_36_clean_v2/yolo_fruit_dataset/labels/train/grape_fresh_02_real_context_frame_000915.txt
train,/mnt/d/merged_fruit_36_clean_v2/yolo_fruit_dataset/_tmp_frames/apple_rotten_01_mild_rotten_frame_000300.jpg,/mnt/d/merged_fruit_36_clean_v2/yolo_fruit_dataset/images/train/apple_rotten_01_mild_rotten_frame_000300.jpg,/mnt/d/merged_fruit_36_clean_v2/yolo_fruit_dataset/labels/train/apple_rotten_01_mild_rotten_frame_000300.txt
train,/mnt/d/merged_fruit_36_clean_v2/yolo_fruit_dataset/_tmp_frames/carrot_fresh_02_real_context_frame_000270.jpg,/mnt/d/merged_fruit_36_clean_v2/yolo_fruit_dataset/images/train/carrot_fresh_02_real_context_frame_000270.jpg,/mnt/d/merged_fruit_36_clean_v2/yolo_fruit_dataset/labels/train/carrot_fresh_02_real_context_frame_000270.txt
train,/mnt/d/merged_fruit_36_clean_v2/yolo_fruit_dataset/_tmp_frames/avocado_fresh_01_clear_closeup_frame_000435.jpg,/mnt/d/merged_fruit_36_clean_v2/yolo_fruit_dataset/images/train/avocado_fresh_01_clear_closeup_frame_000435.jpg,/mnt/d/merged_fruit_36_clean_v2/yolo_fruit_dataset/labels/train/avocado_fresh_01_clear_closeup_frame_000435.txt
train,/mnt/d/merged_fruit_36_clean_v2/yolo_fruit_dataset/_tmp_frames/grape_fresh_02_real_context_frame_001455.jpg,/mnt/d/merged_fruit_36_clean_v2/yolo_fruit_dataset/images/train/grape_fresh_02_real_context_frame_001455.jpg,/mnt/d/merged_fruit_36_clean_v2/yolo_fruit_dataset/labels/train/grape_fresh_02_real_context_frame_001455.txt
train,/mnt/d/merged_fruit_36_clean_v2/yolo_fruit_dataset/_tmp_frames/carrot_fresh_01_clear_closeup_frame_000120.jpg,/mnt/d/merged_fruit_36_clean_v2/yolo_fruit_dataset/images/train/carrot_fresh_01_clear_closeup_frame_000120.jpg,/mnt/d/merged_fruit_36_clean_v2/yolo_fruit_dataset/labels/train/carrot_fresh_01_clear_closeup_frame_000120.txt
train,/mnt/d/merged_fruit_36_clean_v2/yolo_fruit_dataset/_tmp_frames/potato_rotten_02_sprout_green_rotten_frame_000510.jpg,/mnt/d/merged_fruit_36_clean_v2/yolo_fruit_dataset/images/train/potato_rotten_02_sprout_green_rotten_frame_000510.jpg,/mnt/d/merged_fruit_36_clean_v2/yolo_fruit_dataset/labels/train/potato_rotten_02_sprout_green_rotten_frame_000510.txt
train,/mnt/d/merged_fruit_36_clean_v2/yolo_fruit_dataset/_tmp_frames/cucumber_fresh_02_real_context_frame_000180.jpg,/mnt/d/merged_fruit_36_clean_v2/yolo_fruit_dataset/images/train/cucumber_fresh_02_real_context_frame_000180.jpg,/mnt/d/merged_fruit_36_clean_v2/yolo_fruit_dataset/labels/train/cucumber_fresh_02_real_context_frame_000180.txt
train,/mnt/d/merged_fruit_36_clean_v2/yolo_fruit_dataset/_tmp_frames/guava_rotten_01_mild_rotten_frame_000030.jpg,/mnt/d/merged_fruit_36_clean_v2/yolo_fruit_dataset/images/train/guava_rotten_01_mild_rotten_frame_000030.jpg,/mnt/d/merged_fruit_36_clean_v2/yolo_fruit_dataset/labels/train/guava_rotten_01_mild_rotten_frame_000030.txt
train,/mnt/d/merged_fruit_36_clean_v2/yolo_fruit_dataset/_tmp_frames/orange_rotten_02_mold_soft_rotten_frame_000255.jpg,/mnt/d/merged_fruit_36_clean_v2/yolo_fruit_dataset/images/train/orange_rotten_02_mold_soft_rotten_frame_000255.jpg,/mnt/d/merged_fruit_36_clean_v2/yolo_fruit_dataset/labels/train/orange_rotten_02_mold_soft_rotten_frame_000255.txt
train,/mnt/d/merged_fruit_36_clean_v2/yolo_fruit_dataset/_tmp_frames/bellpepper_fresh_03_cut_open_hardcase_frame_000360.jpg,/mnt/d/merged_fruit_36_clean_v2/yolo_fruit_dataset/images/train/bellpepper_fresh_03_cut_open_hardcase_frame_000360.jpg,/mnt/d/merged_fruit_36_clean_v2/yolo_fruit_dataset/labels/train/bellpepper_fresh_03_cut_open_hardcase_frame_000360.txt
train,/mnt/d/merged_fruit_36_clean_v2/yolo_fruit_dataset/_tmp_frames/carrot_rotten_01_mild_rotten_frame_000705.jpg,/mnt/d/merged_fruit_36_clean_v2/yolo_fruit_dataset/images/train/carrot_rotten_01_mild_rotten_frame_000705.jpg,/mnt/d/merged_fruit_36_clean_v2/yolo_fruit_dataset/labels/train/carrot_rotten_01_mild_rotten_frame_000705.txt
train,/mnt/d/merged_fruit_36_clean_v2/yolo_fruit_dataset/_tmp_frames/potato_fresh_01_clear_closeup_frame_000510.jpg,/mnt/d/merged_fruit_36_clean_v2/yolo_fruit_dataset/images/train/potato_fresh_01_clear_closeup_frame_000510.jpg,/mnt/d/merged_fruit_36_clean_v2/yolo_fruit_dataset/labels/train/potato_fresh_01_clear_closeup_frame_000510.txt
train,/mnt/d/merged_fruit_36_clean_v2/yolo_fruit_dataset/_tmp_frames/bellpepper_rotten_03_hardcase_rotten_frame_000420.jpg,/mnt/d/merged_fruit_36_clean_v2/yolo_fruit_dataset/images/train/bellpepper_rotten_03_hardcase_rotten_frame_000420.jpg,/mnt/d/merged_fruit_36_clean_v2/yolo_fruit_dataset/labels/train/bellpepper_rotten_03_hardcase_rotten_frame_000420.txt
train,/mnt/d/merged_fruit_36_clean_v2/yolo_fruit_dataset/_tmp_frames/avocado_rotten_01_mild_rotten_frame_000135.jpg,/mnt/d/merged_fruit_36_clean_v2/yolo_fruit_dataset/images/train/avocado_rotten_01_mild_rotten_frame_000135.jpg,/mnt/d/merged_fruit_36_clean_v2/yolo_fruit_dataset/labels/train/avocado_rotten_01_mild_rotten_frame_000135.txt
train,/mnt/d/merged_fruit_36_clean_v2/yolo_fruit_dataset/_tmp_frames/cucumber_fresh_02_real_context_frame_000000.jpg,/mnt/d/merged_fruit_36_clean_v2/yolo_fruit_dataset/images/train/cucumber_fresh_02_real_context_frame_000000.jpg,/mnt/d/merged_fruit_36_clean_v2/yolo_fruit_dataset/labels/train/cucumber_fresh_02_real_context_frame_000000.txt
train,/mnt/d/merged_fruit_36_clean_v2/yolo_fruit_dataset/_tmp_frames/carambola_rotten_02_mold_bruised_rotten_frame_000630.jpg,/mnt/d/merged_fruit_36_clean_v2/yolo_fruit_dataset/images/train/carambola_rotten_02_mold_bruised_rotten_frame_000630.jpg,/mnt/d/merged_fruit_36_clean_v2/yolo_fruit_dataset/labels/train/carambola_rotten_02_mold_bruised_rotten_frame_000630.txt
train,/mnt/d/merged_fruit_36_clean_v2/yolo_fruit_dataset/_tmp_frames/guava_fresh_01_clear_closeup_frame_000045.jpg,/mnt/d/merged_fruit_36_clean_v2/yolo_fruit_dataset/images/train/guava_fresh_01_clear_closeup_frame_000045.jpg,/mnt/d/merged_fruit_36_clean_v2/yolo_fruit_dataset/labels/train/guava_fresh_01_clear_closeup_frame_000045.txt
train,/mnt/d/merged_fruit_36_clean_v2/yolo_fruit_dataset/_tmp_frames/guava_fresh_03_on_tree_hardcase_frame_000105.jpg,/mnt/d/merged_fruit_36_clean_v2/yolo_fruit_dataset/images/train/guava_fresh_03_on_tree_hardcase_frame_000105.jpg,/mnt/d/merged_fruit_36_clean_v2/yolo_fruit_dataset/labels/train/guava_fresh_03_on_tree_hardcase_frame_000105.txt
train,/mnt/d/merged_fruit_36_clean_v2/yolo_fruit_dataset/_tmp_frames/bellpepper_fresh_03_cut_open_hardcase_frame_000315.jpg,/mnt/d/merged_fruit_36_clean_v2/yolo_fruit_dataset/images/train/bellpepper_fresh_03_cut_open_hardcase_frame_000315.jpg,/mnt/d/merged_fruit_36_clean_v2/yolo_fruit_dataset/labels/train/bellpepper_fresh_03_cut_open_hardcase_frame_000315.txt
train,/mnt/d/merged_fruit_36_clean_v2/yolo_fruit_dataset/_tmp_frames/guava_fresh_02_real_context_frame_000090.jpg,/mnt/d/merged_fruit_36_clean_v2/yolo_fruit_dataset/images/train/guava_fresh_02_real_context_frame_000090.jpg,/mnt/d/merged_fruit_36_clean_v2/yolo_fruit_dataset/labels/train/guava_fresh_02_real_context_frame_000090.txt
train,/mnt/d/merged_fruit_36_clean_v2/yolo_fruit_dataset/_tmp_frames/orange_rotten_01_mild_rotten_frame_000105.jpg,/mnt/d/merged_fruit_36_clean_v2/yolo_fruit_dataset/images/train/orange_rotten_01_mild_rotten_frame_000105.jpg,/mnt/d/merged_fruit_36_clean_v2/yolo_fruit_dataset/labels/train/orange_rotten_01_mild_rotten_frame_000105.txt
train,/mnt/d/merged_fruit_36_clean_v2/yolo_fruit_dataset/_tmp_frames/tomato_rotten_02_soft_mold_rotten_frame_000375.jpg,/mnt/d/merged_fruit_36_clean_v2/yolo_fruit_dataset/images/train/tomato_rotten_02_soft_mold_rotten_frame_000375.jpg,/mnt/d/merged_fruit_36_clean_v2/yolo_fruit_dataset/labels/train/tomato_rotten_02_soft_mold_rotten_frame_000375.txt
train,/mnt/d/merged_fruit_36_clean_v2/yolo_fruit_dataset/_tmp_frames/tomato_rotten_02_soft_mold_rotten_frame_000285.jpg,/mnt/d/merged_fruit_36_clean_v2/yolo_fruit_dataset/images/train/tomato_rotten_02_soft_mold_rotten_frame_000285.jpg,/mnt/d/merged_fruit_36_clean_v2/yolo_fruit_dataset/labels/train/tomato_rotten_02_soft_mold_rotten_frame_000285.txt
train,/mnt/d/merged_fruit_36_clean_v2/yolo_fruit_dataset/_tmp_frames/banana_fresh_03_hardcase_frame_000450.jpg,/mnt/d/merged_fruit_36_clean_v2/yolo_fruit_dataset/images/train/banana_fresh_03_hardcase_frame_000450.jpg,/mnt/d/merged_fruit_36_clean_v2/yolo_fruit_dataset/labels/train/banana_fresh_03_hardcase_frame_000450.txt
train,/mnt/d/merged_fruit_36_clean_v2/yolo_fruit_dataset/_tmp_frames/carrot_fresh_03_hardcase_frame_000210.jpg,/mnt/d/merged_fruit_36_clean_v2/yolo_fruit_dataset/images/train/carrot_fresh_03_hardcase_frame_000210.jpg,/mnt/d/merged_fruit_36_clean_v2/yolo_fruit_dataset/labels/train/carrot_fresh_03_hardcase_frame_000210.txt
train,/mnt/d/merged_fruit_36_clean_v2/yolo_fruit_dataset/_tmp_frames/avocado_rotten_02_black_inside_rotten_frame_000270.jpg,/mnt/d/merged_fruit_36_clean_v2/yolo_fruit_dataset/images/train/avocado_rotten_02_black_inside_rotten_frame_000270.jpg,/mnt/d/merged_fruit_36_clean_v2/yolo_fruit_dataset/labels/train/avocado_rotten_02_black_inside_rotten_frame_000270.txt
train,/mnt/d/merged_fruit_36_clean_v2/yolo_fruit_dataset/_tmp_frames/grape_fresh_01_clear_closeup_frame_000810.jpg,/mnt/d/merged_fruit_36_clean_v2/yolo_fruit_dataset/images/train/grape_fresh_01_clear_closeup_frame_000810.jpg,/mnt/d/merged_fruit_36_clean_v2/yolo_fruit_dataset/labels/train/grape_fresh_01_clear_closeup_frame_000810.txt
train,/mnt/d/merged_fruit_36_clean_v2/yolo_fruit_dataset/_tmp_frames/carrot_fresh_02_real_context_frame_000195.jpg,/mnt/d/merged_fruit_36_clean_v2/yolo_fruit_dataset/images/train/carrot_fresh_02_real_context_frame_000195.jpg,/mnt/d/merged_fruit_36_clean_v2/yolo_fruit_dataset/labels/train/carrot_fresh_02_real_context_frame_000195.txt
train,/mnt/d/merged_fruit_36_clean_v2/yolo_fruit_dataset/_tmp_frames/apple_rotten_03_hardcase_rotten_frame_000180.jpg,/mnt/d/merged_fruit_36_clean_v2/yolo_fruit_dataset/images/train/apple_rotten_03_hardcase_rotten_frame_000180.jpg,/mnt/d/merged_fruit_36_clean_v2/yolo_fruit_dataset/labels/train/apple_rotten_03_hardcase_rotten_frame_000180.txt
train,/mnt/d/merged_fruit_36_clean_v2/yolo_fruit_dataset/_tmp_frames/avocado_rotten_01_mild_rotten_frame_000015.jpg,/mnt/d/merged_fruit_36_clean_v2/yolo_fruit_dataset/images/train/avocado_rotten_01_mild_rotten_frame_000015.jpg,/mnt/d/merged_fruit_36_clean_v2/yolo_fruit_dataset/labels/train/avocado_rotten_01_mild_rotten_frame_000015.txt
train,/mnt/d/merged_fruit_36_clean_v2/yolo_fruit_dataset/_tmp_frames/carambola_fresh_03_on_tree_hardcase_frame_000375.jpg,/mnt/d/merged_fruit_36_clean_v2/yolo_fruit_dataset/images/train/carambola_fresh_03_on_tree_hardcase_frame_000375.jpg,/mnt/d/merged_fruit_36_clean_v2/yolo_fruit_dataset/labels/train/carambola_fresh_03_on_tree_hardcase_frame_000375.txt
train,/mnt/d/merged_fruit_36_clean_v2/yolo_fruit_dataset/_tmp_frames/strawberry_rotten_03_hardcase_rotten_frame_000225.jpg,/mnt/d/merged_fruit_36_clean_v2/yolo_fruit_dataset/images/train/strawberry_rotten_03_hardcase_rotten_frame_000225.jpg,/mnt/d/merged_fruit_36_clean_v2/yolo_fruit_dataset/labels/train/strawberry_rotten_03_hardcase_rotten_frame_000225.txt
train,/mnt/d/merged_fruit_36_clean_v2/yolo_fruit_dataset/_tmp_frames/guava_fresh_01_clear_closeup_frame_000435.jpg,/mnt/d/merged_fruit_36_clean_v2/yolo_fruit_dataset/images/train/guava_fresh_01_clear_closeup_frame_000435.jpg,/mnt/d/merged_fruit_36_clean_v2/yolo_fruit_dataset/labels/train/guava_fresh_01_clear_closeup_frame_000435.txt
train,/mnt/d/merged_fruit_36_clean_v2/yolo_fruit_dataset/_tmp_frames/grape_fresh_01_clear_closeup_frame_001035.jpg,/mnt/d/merged_fruit_36_clean_v2/yolo_fruit_dataset/images/train/grape_fresh_01_clear_closeup_frame_001035.jpg,/mnt/d/merged_fruit_36_clean_v2/yolo_fruit_dataset/labels/train/grape_fresh_01_clear_closeup_frame_001035.txt
train,/mnt/d/merged_fruit_36_clean_v2/yolo_fruit_dataset/_tmp_frames/potato_rotten_02_sprout_green_rotten_frame_000210.jpg,/mnt/d/merged_fruit_36_clean_v2/yolo_fruit_dataset/images/train/potato_rotten_02_sprout_green_rotten_frame_000210.jpg,/mnt/d/merged_fruit_36_clean_v2/yolo_fruit_dataset/labels/train/potato_rotten_02_sprout_green_rotten_frame_000210.txt
train,/mnt/d/merged_fruit_36_clean_v2/yolo_fruit_dataset/_tmp_frames/avocado_rotten_02_black_inside_rotten_frame_000210.jpg,/mnt/d/merged_fruit_36_clean_v2/yolo_fruit_dataset/images/train/avocado_rotten_02_black_inside_rotten_frame_000210.jpg,/mnt/d/merged_fruit_36_clean_v2/yolo_fruit_dataset/labels/train/avocado_rotten_02_black_inside_rotten_frame_000210.txt
train,/mnt/d/merged_fruit_36_clean_v2/yolo_fruit_dataset/_tmp_frames/guava_fresh_03_on_tree_hardcase_frame_000615.jpg,/mnt/d/merged_fruit_36_clean_v2/yolo_fruit_dataset/images/train/guava_fresh_03_on_tree_hardcase_frame_000615.jpg,/mnt/d/merged_fruit_36_clean_v2/yolo_fruit_dataset/labels/train/guava_fresh_03_on_tree_hardcase_frame_000615.txt
train,/mnt/d/merged_fruit_36_clean_v2/yolo_fruit_dataset/_tmp_frames/banana_rotten_01_mild_rotten_frame_000420.jpg,/mnt/d/merged_fruit_36_clean_v2/yolo_fruit_dataset/images/train/banana_rotten_01_mild_rotten_frame_000420.jpg,/mnt/d/merged_fruit_36_clean_v2/yolo_fruit_dataset/labels/train/banana_rotten_01_mild_rotten_frame_000420.txt
train,/mnt/d/merged_fruit_36_clean_v2/yolo_fruit_dataset/_tmp_frames/potato_fresh_01_clear_closeup_frame_000645.jpg,/mnt/d/merged_fruit_36_clean_v2/yolo_fruit_dataset/images/train/potato_fresh_01_clear_closeup_frame_000645.jpg,/mnt/d/merged_fruit_36_clean_v2/yolo_fruit_dataset/labels/train/potato_fresh_01_clear_closeup_frame_000645.txt
train,/mnt/d/merged_fruit_36_clean_v2/yolo_fruit_dataset/_tmp_frames/orange_rotten_02_mold_soft_rotten_frame_000075.jpg,/mnt/d/merged_fruit_36_clean_v2/yolo_fruit_dataset/images/train/orange_rotten_02_mold_soft_rotten_frame_000075.jpg,/mnt/d/merged_fruit_36_clean_v2/yolo_fruit_dataset/labels/train/orange_rotten_02_mold_soft_rotten_frame_000075.txt
train,/mnt/d/merged_fruit_36_clean_v2/yolo_fruit_dataset/_tmp_frames/apple_rotten_03_hardcase_rotten_frame_000030.jpg,/mnt/d/merged_fruit_36_clean_v2/yolo_fruit_dataset/images/train/apple_rotten_03_hardcase_rotten_frame_000030.jpg,/mnt/d/merged_fruit_36_clean_v2/yolo_fruit_dataset/labels/train/apple_rotten_03_hardcase_rotten_frame_000030.txt
train,/mnt/d/merged_fruit_36_clean_v2/yolo_fruit_dataset/_tmp_frames/cucumber_fresh_01_clear_closeup_frame_000345.jpg,/mnt/d/merged_fruit_36_clean_v2/yolo_fruit_dataset/images/train/cucumber_fresh_01_clear_closeup_frame_000345.jpg,/mnt/d/merged_fruit_36_clean_v2/yolo_fruit_dataset/labels/train/cucumber_fresh_01_clear_closeup_frame_000345.txt
train,/mnt/d/merged_fruit_36_clean_v2/yolo_fruit_dataset/_tmp_frames/tomato_fresh_03_cut_open_hardcase_frame_000060.jpg,/mnt/d/merged_fruit_36_clean_v2/yolo_fruit_dataset/images/train/tomato_fresh_03_cut_open_hardcase_frame_000060.jpg,/mnt/d/merged_fruit_36_clean_v2/yolo_fruit_dataset/labels/train/tomato_fresh_03_cut_open_hardcase_frame_000060.txt
train,/mnt/d/merged_fruit_36_clean_v2/yolo_fruit_dataset/_tmp_frames/grape_rotten_01_mild_rotten_frame_000495.jpg,/mnt/d/merged_fruit_36_clean_v2/yolo_fruit_dataset/images/train/grape_rotten_01_mild_rotten_frame_000495.jpg,/mnt/d/merged_fruit_36_clean_v2/yolo_fruit_dataset/labels/train/grape_rotten_01_mild_rotten_frame_000495.txt
train,/mnt/d/merged_fruit_36_clean_v2/yolo_fruit_dataset/_tmp_frames/guava_fresh_01_clear_closeup_frame_000270.jpg,/mnt/d/merged_fruit_36_clean_v2/yolo_fruit_dataset/images/train/guava_fresh_01_clear_closeup_frame_000270.jpg,/mnt/d/merged_fruit_36_clean_v2/yolo_fruit_dataset/labels/train/guava_fresh_01_clear_closeup_frame_000270.txt
train,/mnt/d/merged_fruit_36_clean_v2/yolo_fruit_dataset/_tmp_frames/banana_fresh_03_hardcase_frame_000195.jpg,/mnt/d/merged_fruit_36_clean_v2/yolo_fruit_dataset/images/train/banana_fresh_03_hardcase_frame_000195.jpg,/mnt/d/merged_fruit_36_clean_v2/yolo_fruit_dataset/labels/train/banana_fresh_03_hardcase_frame_000195.txt
train,/mnt/d/merged_fruit_36_clean_v2/yolo_fruit_dataset/_tmp_frames/guava_rotten_01_mild_rotten_frame_000060.jpg,/mnt/d/merged_fruit_36_clean_v2/yolo_fruit_dataset/images/train/guava_rotten_01_mild_rotten_frame_000060.jpg,/mnt/d/merged_fruit_36_clean_v2/yolo_fruit_dataset/labels/train/guava_rotten_01_mild_rotten_frame_000060.txt
train,/mnt/d/merged_fruit_36_clean_v2/yolo_fruit_dataset/_tmp_frames/banana_fresh_02_real_context_frame_000060.jpg,/mnt/d/merged_fruit_36_clean_v2/yolo_fruit_dataset/images/train/banana_fresh_02_real_context_frame_000060.jpg,/mnt/d/merged_fruit_36_clean_v2/yolo_fruit_dataset/labels/train/banana_fresh_02_real_context_frame_000060.txt
train,/mnt/d/merged_fruit_36_clean_v2/yolo_fruit_dataset/_tmp_frames/banana_fresh_03_hardcase_frame_000525.jpg,/mnt/d/merged_fruit_36_clean_v2/yolo_fruit_dataset/images/train/banana_fresh_03_hardcase_frame_000525.jpg,/mnt/d/merged_fruit_36_clean_v2/yolo_fruit_dataset/labels/train/banana_fresh_03_hardcase_frame_000525.txt
train,/mnt/d/merged_fruit_36_clean_v2/yolo_fruit_dataset/_tmp_frames/grape_rotten_01_mild_rotten_frame_000045.jpg,/mnt/d/merged_fruit_36_clean_v2/yolo_fruit_dataset/images/train/grape_rotten_01_mild_rotten_frame_000045.jpg,/mnt/d/merged_fruit_36_clean_v2/yolo_fruit_dataset/labels/train/grape_rotten_01_mild_rotten_frame_000045.txt
train,/mnt/d/merged_fruit_36_clean_v2/yolo_fruit_dataset/_tmp_frames/carambola_rotten_02_mold_bruised_rotten_frame_000975.jpg,/mnt/d/merged_fruit_36_clean_v2/yolo_fruit_dataset/images/train/carambola_rotten_02_mold_bruised_rotten_frame_000975.jpg,/mnt/d/merged_fruit_36_clean_v2/yolo_fruit_dataset/labels/train/carambola_rotten_02_mold_bruised_rotten_frame_000975.txt
train,/mnt/d/merged_fruit_36_clean_v2/yolo_fruit_dataset/_tmp_frames/bellpepper_fresh_02_real_context_frame_000585.jpg,/mnt/d/merged_fruit_36_clean_v2/yolo_fruit_dataset/images/train/bellpepper_fresh_02_real_context_frame_000585.jpg,/mnt/d/merged_fruit_36_clean_v2/yolo_fruit_dataset/labels/train/bellpepper_fresh_02_real_context_frame_000585.txt
train,/mnt/d/merged_fruit_36_clean_v2/yolo_fruit_dataset/_tmp_frames/grape_fresh_01_clear_closeup_frame_000105.jpg,/mnt/d/merged_fruit_36_clean_v2/yolo_fruit_dataset/images/train/grape_fresh_01_clear_closeup_frame_000105.jpg,/mnt/d/merged_fruit_36_clean_v2/yolo_fruit_dataset/labels/train/grape_fresh_01_clear_closeup_frame_000105.txt
train,/mnt/d/merged_fruit_36_clean_v2/yolo_fruit_dataset/_tmp_frames/grape_rotten_01_mild_rotten_frame_000270.jpg,/mnt/d/merged_fruit_36_clean_v2/yolo_fruit_dataset/images/train/grape_rotten_01_mild_rotten_frame_000270.jpg,/mnt/d/merged_fruit_36_clean_v2/yolo_fruit_dataset/labels/train/grape_rotten_01_mild_rotten_frame_000270.txt
train,/mnt/d/merged_fruit_36_clean_v2/yolo_fruit_dataset/_tmp_frames/lemon_rotten_03_hardcase_rotten_frame_000165.jpg,/mnt/d/merged_fruit_36_clean_v2/yolo_fruit_dataset/images/train/lemon_rotten_03_hardcase_rotten_frame_000165.jpg,/mnt/d/merged_fruit_36_clean_v2/yolo_fruit_dataset/labels/train/lemon_rotten_03_hardcase_rotten_frame_000165.txt
train,/mnt/d/merged_fruit_36_clean_v2/yolo_fruit_dataset/_tmp_frames/bellpepper_fresh_03_cut_open_hardcase_frame_000120.jpg,/mnt/d/merged_fruit_36_clean_v2/yolo_fruit_dataset/images/train/bellpepper_fresh_03_cut_open_hardcase_frame_000120.jpg,/mnt/d/merged_fruit_36_clean_v2/yolo_fruit_dataset/labels/train/bellpepper_fresh_03_cut_open_hardcase_frame_000120.txt
train,/mnt/d/merged_fruit_36_clean_v2/yolo_fruit_dataset/_tmp_frames/apple_fresh_01_clear_closeup_frame_000120.jpg,/mnt/d/merged_fruit_36_clean_v2/yolo_fruit_dataset/images/train/apple_fresh_01_clear_closeup_frame_000120.jpg,/mnt/d/merged_fruit_36_clean_v2/yolo_fruit_dataset/labels/train/apple_fresh_01_clear_closeup_frame_000120.txt
train,/mnt/d/merged_fruit_36_clean_v2/yolo_fruit_dataset/_tmp_frames/grape_fresh_01_clear_closeup_frame_000120.jpg,/mnt/d/merged_fruit_36_clean_v2/yolo_fruit_dataset/images/train/grape_fresh_01_clear_closeup_frame_000120.jpg,/mnt/d/merged_fruit_36_clean_v2/yolo_fruit_dataset/labels/train/grape_fresh_01_clear_closeup_frame_000120.txt
train,/mnt/d/merged_fruit_36_clean_v2/yolo_fruit_dataset/_tmp_frames/tomato_fresh_01_clear_closeup_frame_000165.jpg,/mnt/d/merged_fruit_36_clean_v2/yolo_fruit_dataset/images/train/tomato_fresh_01_clear_closeup_frame_000165.jpg,/mnt/d/merged_fruit_36_clean_v2/yolo_fruit_dataset/labels/train/tomato_fresh_01_clear_closeup_frame_000165.txt
train,/mnt/d/merged_fruit_36_clean_v2/yolo_fruit_dataset/_tmp_frames/orange_fresh_03_cut_open_hardcase_frame_000015.jpg,/mnt/d/merged_fruit_36_clean_v2/yolo_fruit_dataset/images/train/orange_fresh_03_cut_open_hardcase_frame_000015.jpg,/mnt/d/merged_fruit_36_clean_v2/yolo_fruit_dataset/labels/train/orange_fresh_03_cut_open_hardcase_frame_000015.txt
train,/mnt/d/merged_fruit_36_clean_v2/yolo_fruit_dataset/_tmp_frames/carrot_fresh_01_clear_closeup_frame_000165.jpg,/mnt/d/merged_fruit_36_clean_v2/yolo_fruit_dataset/images/train/carrot_fresh_01_clear_closeup_frame_000165.jpg,/mnt/d/merged_fruit_36_clean_v2/yolo_fruit_dataset/labels/train/carrot_fresh_01_clear_closeup_frame_000165.txt
train,/mnt/d/merged_fruit_36_clean_v2/yolo_fruit_dataset/_tmp_frames/lemon_rotten_01_mild_rotten_frame_000210.jpg,/mnt/d/merged_fruit_36_clean_v2/yolo_fruit_dataset/images/train/lemon_rotten_01_mild_rotten_frame_000210.jpg,/mnt/d/merged_fruit_36_clean_v2/yolo_fruit_dataset/labels/train/lemon_rotten_01_mild_rotten_frame_000210.txt
train,/mnt/d/merged_fruit_36_clean_v2/yolo_fruit_dataset/_tmp_frames/potato_rotten_01_mild_rotten_frame_000090.jpg,/mnt/d/merged_fruit_36_clean_v2/yolo_fruit_dataset/images/train/potato_rotten_01_mild_rotten_frame_000090.jpg,/mnt/d/merged_fruit_36_clean_v2/yolo_fruit_dataset/labels/train/potato_rotten_01_mild_rotten_frame_000090.txt
train,/mnt/d/merged_fruit_36_clean_v2/yolo_fruit_dataset/_tmp_frames/carambola_rotten_01_mild_rotten_frame_000165.jpg,/mnt/d/merged_fruit_36_clean_v2/yolo_fruit_dataset/images/train/carambola_rotten_01_mild_rotten_frame_000165.jpg,/mnt/d/merged_fruit_36_clean_v2/yolo_fruit_dataset/labels/train/carambola_rotten_01_mild_rotten_frame_000165.txt
train,/mnt/d/merged_fruit_36_clean_v2/yolo_fruit_dataset/_tmp_frames/strawberry_fresh_01_clear_closeup_frame_000015.jpg,/mnt/d/merged_fruit_36_clean_v2/yolo_fruit_dataset/images/train/strawberry_fresh_01_clear_closeup_frame_000015.jpg,/mnt/d/merged_fruit_36_clean_v2/yolo_fruit_dataset/labels/train/strawberry_fresh_01_clear_closeup_frame_000015.txt
train,/mnt/d/merged_fruit_36_clean_v2/yolo_fruit_dataset/_tmp_frames/apple_fresh_03_hardcase_frame_000165.jpg,/mnt/d/merged_fruit_36_clean_v2/yolo_fruit_dataset/images/train/apple_fresh_03_hardcase_frame_000165.jpg,/mnt/d/merged_fruit_36_clean_v2/yolo_fruit_dataset/labels/train/apple_fresh_03_hardcase_frame_000165.txt
train,/mnt/d/merged_fruit_36_clean_v2/yolo_fruit_dataset/_tmp_frames/tomato_fresh_02_real_context_frame_000330.jpg,/mnt/d/merged_fruit_36_clean_v2/yolo_fruit_dataset/images/train/tomato_fresh_02_real_context_frame_000330.jpg,/mnt/d/merged_fruit_36_clean_v2/yolo_fruit_dataset/labels/train/tomato_fresh_02_real_context_frame_000330.txt
train,/mnt/d/merged_fruit_36_clean_v2/yolo_fruit_dataset/_tmp_frames/pomegranate_fresh_01_clear_closeup_frame_000405.jpg,/mnt/d/merged_fruit_36_clean_v2/yolo_fruit_dataset/images/train/pomegranate_fresh_01_clear_closeup_frame_000405.jpg,/mnt/d/merged_fruit_36_clean_v2/yolo_fruit_dataset/labels/train/pomegranate_fresh_01_clear_closeup_frame_000405.txt
train,/mnt/d/merged_fruit_36_clean_v2/yolo_fruit_dataset/_tmp_frames/carrot_fresh_03_hardcase_frame_000195.jpg,/mnt/d/merged_fruit_36_clean_v2/yolo_fruit_dataset/images/train/carrot_fresh_03_hardcase_frame_000195.jpg,/mnt/d/merged_fruit_36_clean_v2/yolo_fruit_dataset/labels/train/carrot_fresh_03_hardcase_frame_000195.txt
train,/mnt/d/merged_fruit_36_clean_v2/yolo_fruit_dataset/_tmp_frames/carrot_fresh_01_clear_closeup_frame_000060.jpg,/mnt/d/merged_fruit_36_clean_v2/yolo_fruit_dataset/images/train/carrot_fresh_01_clear_closeup_frame_000060.jpg,/mnt/d/merged_fruit_36_clean_v2/yolo_fruit_dataset/labels/train/carrot_fresh_01_clear_closeup_frame_000060.txt
train,/mnt/d/merged_fruit_36_clean_v2/yolo_fruit_dataset/_tmp_frames/banana_fresh_03_hardcase_frame_000000.jpg,/mnt/d/merged_fruit_36_clean_v2/yolo_fruit_dataset/images/train/banana_fresh_03_hardcase_frame_000000.jpg,/mnt/d/merged_fruit_36_clean_v2/yolo_fruit_dataset/labels/train/banana_fresh_03_hardcase_frame_000000.txt
train,/mnt/d/merged_fruit_36_clean_v2/yolo_fruit_dataset/_tmp_frames/apple_rotten_01_mild_rotten_frame_000165.jpg,/mnt/d/merged_fruit_36_clean_v2/yolo_fruit_dataset/images/train/apple_rotten_01_mild_rotten_frame_000165.jpg,/mnt/d/merged_fruit_36_clean_v2/yolo_fruit_dataset/labels/train/apple_rotten_01_mild_rotten_frame_000165.txt
train,/mnt/d/merged_fruit_36_clean_v2/yolo_fruit_dataset/_tmp_frames/apple_rotten_01_mild_rotten_frame_000285.jpg,/mnt/d/merged_fruit_36_clean_v2/yolo_fruit_dataset/images/train/apple_rotten_01_mild_rotten_frame_000285.jpg,/mnt/d/merged_fruit_36_clean_v2/yolo_fruit_dataset/labels/train/apple_rotten_01_mild_rotten_frame_000285.txt
train,/mnt/d/merged_fruit_36_clean_v2/yolo_fruit_dataset/_tmp_frames/lemon_rotten_03_hardcase_rotten_frame_000120.jpg,/mnt/d/merged_fruit_36_clean_v2/yolo_fruit_dataset/images/train/lemon_rotten_03_hardcase_rotten_frame_000120.jpg,/mnt/d/merged_fruit_36_clean_v2/yolo_fruit_dataset/labels/train/lemon_rotten_03_hardcase_rotten_frame_000120.txt
train,/mnt/d/merged_fruit_36_clean_v2/yolo_fruit_dataset/_tmp_frames/tomato_fresh_01_clear_closeup_frame_000240.jpg,/mnt/d/merged_fruit_36_clean_v2/yolo_fruit_dataset/images/train/tomato_fresh_01_clear_closeup_frame_000240.jpg,/mnt/d/merged_fruit_36_clean_v2/yolo_fruit_dataset/labels/train/tomato_fresh_01_clear_closeup_frame_000240.txt
train,/mnt/d/merged_fruit_36_clean_v2/yolo_fruit_dataset/_tmp_frames/avocado_rotten_03_hardcase_rotten_frame_000300.jpg,/mnt/d/merged_fruit_36_clean_v2/yolo_fruit_dataset/images/train/avocado_rotten_03_hardcase_rotten_frame_000300.jpg,/mnt/d/merged_fruit_36_clean_v2/yolo_fruit_dataset/labels/train/avocado_rotten_03_hardcase_rotten_frame_000300.txt
train,/mnt/d/merged_fruit_36_clean_v2/yolo_fruit_dataset/_tmp_frames/potato_rotten_01_mild_rotten_frame_000105.jpg,/mnt/d/merged_fruit_36_clean_v2/yolo_fruit_dataset/images/train/potato_rotten_01_mild_rotten_frame_000105.jpg,/mnt/d/merged_fruit_36_clean_v2/yolo_fruit_dataset/labels/train/potato_rotten_01_mild_rotten_frame_000105.txt
train,/mnt/d/merged_fruit_36_clean_v2/yolo_fruit_dataset/_tmp_frames/banana_fresh_03_hardcase_frame_000540.jpg,/mnt/d/merged_fruit_36_clean_v2/yolo_fruit_dataset/images/train/banana_fresh_03_hardcase_frame_000540.jpg,/mnt/d/merged_fruit_36_clean_v2/yolo_fruit_dataset/labels/train/banana_fresh_03_hardcase_frame_000540.txt
train,/mnt/d/merged_fruit_36_clean_v2/yolo_fruit_dataset/_tmp_frames/banana_rotten_03_hardcase_rotten_frame_000165.jpg,/mnt/d/merged_fruit_36_clean_v2/yolo_fruit_dataset/images/train/banana_rotten_03_hardcase_rotten_frame_000165.jpg,/mnt/d/merged_fruit_36_clean_v2/yolo_fruit_dataset/labels/train/banana_rotten_03_hardcase_rotten_frame_000165.txt
train,/mnt/d/merged_fruit_36_clean_v2/yolo_fruit_dataset/_tmp_frames/carrot_fresh_01_clear_closeup_frame_000345.jpg,/mnt/d/merged_fruit_36_clean_v2/yolo_fruit_dataset/images/train/carrot_fresh_01_clear_closeup_frame_000345.jpg,/mnt/d/merged_fruit_36_clean_v2/yolo_fruit_dataset/labels/train/carrot_fresh_01_clear_closeup_frame_000345.txt
train,/mnt/d/merged_fruit_36_clean_v2/yolo_fruit_dataset/_tmp_frames/carrot_rotten_01_mild_rotten_frame_000720.jpg,/mnt/d/merged_fruit_36_clean_v2/yolo_fruit_dataset/images/train/carrot_rotten_01_mild_rotten_frame_000720.jpg,/mnt/d/merged_fruit_36_clean_v2/yolo_fruit_dataset/labels/train/carrot_rotten_01_mild_rotten_frame_000720.txt
train,/mnt/d/merged_fruit_36_clean_v2/yolo_fruit_dataset/_tmp_frames/cucumber_fresh_03_cut_open_hardcase_frame_000300.jpg,/mnt/d/merged_fruit_36_clean_v2/yolo_fruit_dataset/images/train/cucumber_fresh_03_cut_open_hardcase_frame_000300.jpg,/mnt/d/merged_fruit_36_clean_v2/yolo_fruit_dataset/labels/train/cucumber_fresh_03_cut_open_hardcase_frame_000300.txt
train,/mnt/d/merged_fruit_36_clean_v2/yolo_fruit_dataset/_tmp_frames/apple_fresh_03_hardcase_frame_000075.jpg,/mnt/d/merged_fruit_36_clean_v2/yolo_fruit_dataset/images/train/apple_fresh_03_hardcase_frame_000075.jpg,/mnt/d/merged_fruit_36_clean_v2/yolo_fruit_dataset/labels/train/apple_fresh_03_hardcase_frame_000075.txt
train,/mnt/d/merged_fruit_36_clean_v2/yolo_fruit_dataset/_tmp_frames/banana_fresh_03_hardcase_frame_001095.jpg,/mnt/d/merged_fruit_36_clean_v2/yolo_fruit_dataset/images/train/banana_fresh_03_hardcase_frame_001095.jpg,/mnt/d/merged_fruit_36_clean_v2/yolo_fruit_dataset/labels/train/banana_fresh_03_hardcase_frame_001095.txt
val,/mnt/d/merged_fruit_36_clean_v2/yolo_fruit_dataset/_tmp_frames/banana_rotten_01_mild_rotten_frame_000360.jpg,/mnt/d/merged_fruit_36_clean_v2/yolo_fruit_dataset/images/val/banana_rotten_01_mild_rotten_frame_000360.jpg,/mnt/d/merged_fruit_36_clean_v2/yolo_fruit_dataset/labels/val/banana_rotten_01_mild_rotten_frame_000360.txt
val,/mnt/d/merged_fruit_36_clean_v2/yolo_fruit_dataset/_tmp_frames/strawberry_rotten_01_mild_rotten_frame_000135.jpg,/mnt/d/merged_fruit_36_clean_v2/yolo_fruit_dataset/images/val/strawberry_rotten_01_mild_rotten_frame_000135.jpg,/mnt/d/merged_fruit_36_clean_v2/yolo_fruit_dataset/labels/val/strawberry_rotten_01_mild_rotten_frame_000135.txt
val,/mnt/d/merged_fruit_36_clean_v2/yolo_fruit_dataset/_tmp_frames/grape_rotten_03_hardcase_rotten_frame_000180.jpg,/mnt/d/merged_fruit_36_clean_v2/yolo_fruit_dataset/images/val/grape_rotten_03_hardcase_rotten_frame_000180.jpg,/mnt/d/merged_fruit_36_clean_v2/yolo_fruit_dataset/labels/val/grape_rotten_03_hardcase_rotten_frame_000180.txt
val,/mnt/d/merged_fruit_36_clean_v2/yolo_fruit_dataset/_tmp_frames/apple_rotten_02_mold_bruised_rotten_frame_000135.jpg,/mnt/d/merged_fruit_36_clean_v2/yolo_fruit_dataset/images/val/apple_rotten_02_mold_bruised_rotten_frame_000135.jpg,/mnt/d/merged_fruit_36_clean_v2/yolo_fruit_dataset/labels/val/apple_rotten_02_mold_bruised_rotten_frame_000135.txt
val,/mnt/d/merged_fruit_36_clean_v2/yolo_fruit_dataset/_tmp_frames/apple_rotten_01_mild_rotten_frame_000105.jpg,/mnt/d/merged_fruit_36_clean_v2/yolo_fruit_dataset/images/val/apple_rotten_01_mild_rotten_frame_000105.jpg,/mnt/d/merged_fruit_36_clean_v2/yolo_fruit_dataset/labels/val/apple_rotten_01_mild_rotten_frame_000105.txt
val,/mnt/d/merged_fruit_36_clean_v2/yolo_fruit_dataset/_tmp_frames/apple_rotten_03_hardcase_rotten_frame_000045.jpg,/mnt/d/merged_fruit_36_clean_v2/yolo_fruit_dataset/images/val/apple_rotten_03_hardcase_rotten_frame_000045.jpg,/mnt/d/merged_fruit_36_clean_v2/yolo_fruit_dataset/labels/val/apple_rotten_03_hardcase_rotten_frame_000045.txt
val,/mnt/d/merged_fruit_36_clean_v2/yolo_fruit_dataset/_tmp_frames/strawberry_rotten_03_hardcase_rotten_frame_000480.jpg,/mnt/d/merged_fruit_36_clean_v2/yolo_fruit_dataset/images/val/strawberry_rotten_03_hardcase_rotten_frame_000480.jpg,/mnt/d/merged_fruit_36_clean_v2/yolo_fruit_dataset/labels/val/strawberry_rotten_03_hardcase_rotten_frame_000480.txt
val,/mnt/d/merged_fruit_36_clean_v2/yolo_fruit_dataset/_tmp_frames/orange_rotten_03_hardcase_rotten_frame_000270.jpg,/mnt/d/merged_fruit_36_clean_v2/yolo_fruit_dataset/images/val/orange_rotten_03_hardcase_rotten_frame_000270.jpg,/mnt/d/merged_fruit_36_clean_v2/yolo_fruit_dataset/labels/val/orange_rotten_03_hardcase_rotten_frame_000270.txt
val,/mnt/d/merged_fruit_36_clean_v2/yolo_fruit_dataset/_tmp_frames/tomato_rotten_02_soft_mold_rotten_frame_000225.jpg,/mnt/d/merged_fruit_36_clean_v2/yolo_fruit_dataset/images/val/tomato_rotten_02_soft_mold_rotten_frame_000225.jpg,/mnt/d/merged_fruit_36_clean_v2/yolo_fruit_dataset/labels/val/tomato_rotten_02_soft_mold_rotten_frame_000225.txt
val,/mnt/d/merged_fruit_36_clean_v2/yolo_fruit_dataset/_tmp_frames/pomegranate_fresh_03_cut_open_hardcase_frame_000285.jpg,/mnt/d/merged_fruit_36_clean_v2/yolo_fruit_dataset/images/val/pomegranate_fresh_03_cut_open_hardcase_frame_000285.jpg,/mnt/d/merged_fruit_36_clean_v2/yolo_fruit_dataset/labels/val/pomegranate_fresh_03_cut_open_hardcase_frame_000285.txt
val,/mnt/d/merged_fruit_36_clean_v2/yolo_fruit_dataset/_tmp_frames/carambola_rotten_02_mold_bruised_rotten_frame_001110.jpg,/mnt/d/merged_fruit_36_clean_v2/yolo_fruit_dataset/images/val/carambola_rotten_02_mold_bruised_rotten_frame_001110.jpg,/mnt/d/merged_fruit_36_clean_v2/yolo_fruit_dataset/labels/val/carambola_rotten_02_mold_bruised_rotten_frame_001110.txt
val,/mnt/d/merged_fruit_36_clean_v2/yolo_fruit_dataset/_tmp_frames/guava_fresh_01_clear_closeup_frame_000495.jpg,/mnt/d/merged_fruit_36_clean_v2/yolo_fruit_dataset/images/val/guava_fresh_01_clear_closeup_frame_000495.jpg,/mnt/d/merged_fruit_36_clean_v2/yolo_fruit_dataset/labels/val/guava_fresh_01_clear_closeup_frame_000495.txt
val,/mnt/d/merged_fruit_36_clean_v2/yolo_fruit_dataset/_tmp_frames/cucumber_fresh_01_clear_closeup_frame_000420.jpg,/mnt/d/merged_fruit_36_clean_v2/yolo_fruit_dataset/images/val/cucumber_fresh_01_clear_closeup_frame_000420.jpg,/mnt/d/merged_fruit_36_clean_v2/yolo_fruit_dataset/labels/val/cucumber_fresh_01_clear_closeup_frame_000420.txt
val,/mnt/d/merged_fruit_36_clean_v2/raw_assets_from_zip/Cucumber/istockphoto-1284513556-1024x1024.jpg,/mnt/d/merged_fruit_36_clean_v2/yolo_fruit_dataset/images/val/istockphoto-1284513556-1024x1024.jpg,/mnt/d/merged_fruit_36_clean_v2/yolo_fruit_dataset/labels/val/istockphoto-1284513556-1024x1024.txt
val,/mnt/d/merged_fruit_36_clean_v2/yolo_fruit_dataset/_tmp_frames/peach_fresh_01_clear_closeup_frame_000390.jpg,/mnt/d/merged_fruit_36_clean_v2/yolo_fruit_dataset/images/val/peach_fresh_01_clear_closeup_frame_000390.jpg,/mnt/d/merged_fruit_36_clean_v2/yolo_fruit_dataset/labels/val/peach_fresh_01_clear_closeup_frame_000390.txt
val,/mnt/d/merged_fruit_36_clean_v2/yolo_fruit_dataset/_tmp_frames/avocado_rotten_02_black_inside_rotten_frame_000345.jpg,/mnt/d/merged_fruit_36_clean_v2/yolo_fruit_dataset/images/val/avocado_rotten_02_black_inside_rotten_frame_000345.jpg,/mnt/d/merged_fruit_36_clean_v2/yolo_fruit_dataset/labels/val/avocado_rotten_02_black_inside_rotten_frame_000345.txt
val,/mnt/d/merged_fruit_36_clean_v2/yolo_fruit_dataset/_tmp_frames/strawberry_rotten_03_hardcase_rotten_frame_000315.jpg,/mnt/d/merged_fruit_36_clean_v2/yolo_fruit_dataset/images/val/strawberry_rotten_03_hardcase_rotten_frame_000315.jpg,/mnt/d/merged_fruit_36_clean_v2/yolo_fruit_dataset/labels/val/strawberry_rotten_03_hardcase_rotten_frame_000315.txt
val,/mnt/d/merged_fruit_36_clean_v2/yolo_fruit_dataset/_tmp_frames/guava_fresh_02_real_context_frame_000270.jpg,/mnt/d/merged_fruit_36_clean_v2/yolo_fruit_dataset/images/val/guava_fresh_02_real_context_frame_000270.jpg,/mnt/d/merged_fruit_36_clean_v2/yolo_fruit_dataset/labels/val/guava_fresh_02_real_context_frame_000270.txt
val,/mnt/d/merged_fruit_36_clean_v2/yolo_fruit_dataset/_tmp_frames/orange_rotten_02_mold_soft_rotten_frame_000195.jpg,/mnt/d/merged_fruit_36_clean_v2/yolo_fruit_dataset/images/val/orange_rotten_02_mold_soft_rotten_frame_000195.jpg,/mnt/d/merged_fruit_36_clean_v2/yolo_fruit_dataset/labels/val/orange_rotten_02_mold_soft_rotten_frame_000195.txt
val,/mnt/d/merged_fruit_36_clean_v2/yolo_fruit_dataset/_tmp_frames/apple_rotten_02_mold_bruised_rotten_frame_000000.jpg,/mnt/d/merged_fruit_36_clean_v2/yolo_fruit_dataset/images/val/apple_rotten_02_mold_bruised_rotten_frame_000000.jpg,/mnt/d/merged_fruit_36_clean_v2/yolo_fruit_dataset/labels/val/apple_rotten_02_mold_bruised_rotten_frame_000000.txt
val,/mnt/d/merged_fruit_36_clean_v2/raw_assets_from_zip/Cucumber/istockphoto-1445809138-1024x1024.jpg,/mnt/d/merged_fruit_36_clean_v2/yolo_fruit_dataset/images/val/istockphoto-1445809138-1024x1024.jpg,/mnt/d/merged_fruit_36_clean_v2/yolo_fruit_dataset/labels/val/istockphoto-1445809138-1024x1024.txt
val,/mnt/d/merged_fruit_36_clean_v2/yolo_fruit_dataset/_tmp_frames/avocado_fresh_03_cut_open_hardcase_frame_000150.jpg,/mnt/d/merged_fruit_36_clean_v2/yolo_fruit_dataset/images/val/avocado_fresh_03_cut_open_hardcase_frame_000150.jpg,/mnt/d/merged_fruit_36_clean_v2/yolo_fruit_dataset/labels/val/avocado_fresh_03_cut_open_hardcase_frame_000150.txt
val,/mnt/d/merged_fruit_36_clean_v2/yolo_fruit_dataset/_tmp_frames/grape_rotten_01_mild_rotten_frame_000375.jpg,/mnt/d/merged_fruit_36_clean_v2/yolo_fruit_dataset/images/val/grape_rotten_01_mild_rotten_frame_000375.jpg,/mnt/d/merged_fruit_36_clean_v2/yolo_fruit_dataset/labels/val/grape_rotten_01_mild_rotten_frame_000375.txt
val,/mnt/d/merged_fruit_36_clean_v2/yolo_fruit_dataset/_tmp_frames/guava_fresh_03_on_tree_hardcase_frame_000285.jpg,/mnt/d/merged_fruit_36_clean_v2/yolo_fruit_dataset/images/val/guava_fresh_03_on_tree_hardcase_frame_000285.jpg,/mnt/d/merged_fruit_36_clean_v2/yolo_fruit_dataset/labels/val/guava_fresh_03_on_tree_hardcase_frame_000285.txt
val,/mnt/d/merged_fruit_36_clean_v2/yolo_fruit_dataset/_tmp_frames/carrot_rotten_01_mild_rotten_frame_000135.jpg,/mnt/d/merged_fruit_36_clean_v2/yolo_fruit_dataset/images/val/carrot_rotten_01_mild_rotten_frame_000135.jpg,/mnt/d/merged_fruit_36_clean_v2/yolo_fruit_dataset/labels/val/carrot_rotten_01_mild_rotten_frame_000135.txt
val,/mnt/d/merged_fruit_36_clean_v2/yolo_fruit_dataset/_tmp_frames/tomato_rotten_01_mild_rotten_frame_000210.jpg,/mnt/d/merged_fruit_36_clean_v2/yolo_fruit_dataset/images/val/tomato_rotten_01_mild_rotten_frame_000210.jpg,/mnt/d/merged_fruit_36_clean_v2/yolo_fruit_dataset/labels/val/tomato_rotten_01_mild_rotten_frame_000210.txt
val,/mnt/d/merged_fruit_36_clean_v2/yolo_fruit_dataset/_tmp_frames/orange_rotten_02_mold_soft_rotten_frame_000570.jpg,/mnt/d/merged_fruit_36_clean_v2/yolo_fruit_dataset/images/val/orange_rotten_02_mold_soft_rotten_frame_000570.jpg,/mnt/d/merged_fruit_36_clean_v2/yolo_fruit_dataset/labels/val/orange_rotten_02_mold_soft_rotten_frame_000570.txt
val,/mnt/d/merged_fruit_36_clean_v2/yolo_fruit_dataset/_tmp_frames/pomegranate_fresh_03_cut_open_hardcase_frame_000495.jpg,/mnt/d/merged_fruit_36_clean_v2/yolo_fruit_dataset/images/val/pomegranate_fresh_03_cut_open_hardcase_frame_000495.jpg,/mnt/d/merged_fruit_36_clean_v2/yolo_fruit_dataset/labels/val/pomegranate_fresh_03_cut_open_hardcase_frame_000495.txt
val,/mnt/d/merged_fruit_36_clean_v2/yolo_fruit_dataset/_tmp_frames/apple_fresh_02_real_context_frame_000375.jpg,/mnt/d/merged_fruit_36_clean_v2/yolo_fruit_dataset/images/val/apple_fresh_02_real_context_frame_000375.jpg,/mnt/d/merged_fruit_36_clean_v2/yolo_fruit_dataset/labels/val/apple_fresh_02_real_context_frame_000375.txt
val,/mnt/d/merged_fruit_36_clean_v2/yolo_fruit_dataset/_tmp_frames/peach_fresh_01_clear_closeup_frame_000285.jpg,/mnt/d/merged_fruit_36_clean_v2/yolo_fruit_dataset/images/val/peach_fresh_01_clear_closeup_frame_000285.jpg,/mnt/d/merged_fruit_36_clean_v2/yolo_fruit_dataset/labels/val/peach_fresh_01_clear_closeup_frame_000285.txt
val,/mnt/d/merged_fruit_36_clean_v2/yolo_fruit_dataset/_tmp_frames/tomato_rotten_02_soft_mold_rotten_frame_000450.jpg,/mnt/d/merged_fruit_36_clean_v2/yolo_fruit_dataset/images/val/tomato_rotten_02_soft_mold_rotten_frame_000450.jpg,/mnt/d/merged_fruit_36_clean_v2/yolo_fruit_dataset/labels/val/tomato_rotten_02_soft_mold_rotten_frame_000450.txt
val,/mnt/d/merged_fruit_36_clean_v2/yolo_fruit_dataset/_tmp_frames/grape_fresh_03_on_tree_hardcase_frame_000585.jpg,/mnt/d/merged_fruit_36_clean_v2/yolo_fruit_dataset/images/val/grape_fresh_03_on_tree_hardcase_frame_000585.jpg,/mnt/d/merged_fruit_36_clean_v2/yolo_fruit_dataset/labels/val/grape_fresh_03_on_tree_hardcase_frame_000585.txt
val,/mnt/d/merged_fruit_36_clean_v2/yolo_fruit_dataset/_tmp_frames/banana_fresh_01_clear_closeup_frame_000105.jpg,/mnt/d/merged_fruit_36_clean_v2/yolo_fruit_dataset/images/val/banana_fresh_01_clear_closeup_frame_000105.jpg,/mnt/d/merged_fruit_36_clean_v2/yolo_fruit_dataset/labels/val/banana_fresh_01_clear_closeup_frame_000105.txt
val,/mnt/d/merged_fruit_36_clean_v2/yolo_fruit_dataset/_tmp_frames/lemon_fresh_03_cut_open_hardcase_frame_000585.jpg,/mnt/d/merged_fruit_36_clean_v2/yolo_fruit_dataset/images/val/lemon_fresh_03_cut_open_hardcase_frame_000585.jpg,/mnt/d/merged_fruit_36_clean_v2/yolo_fruit_dataset/labels/val/lemon_fresh_03_cut_open_hardcase_frame_000585.txt
val,/mnt/d/merged_fruit_36_clean_v2/yolo_fruit_dataset/_tmp_frames/carrot_rotten_01_mild_rotten_frame_000390.jpg,/mnt/d/merged_fruit_36_clean_v2/yolo_fruit_dataset/images/val/carrot_rotten_01_mild_rotten_frame_000390.jpg,/mnt/d/merged_fruit_36_clean_v2/yolo_fruit_dataset/labels/val/carrot_rotten_01_mild_rotten_frame_000390.txt
val,/mnt/d/merged_fruit_36_clean_v2/yolo_fruit_dataset/_tmp_frames/carambola_fresh_03_on_tree_hardcase_frame_000570.jpg,/mnt/d/merged_fruit_36_clean_v2/yolo_fruit_dataset/images/val/carambola_fresh_03_on_tree_hardcase_frame_000570.jpg,/mnt/d/merged_fruit_36_clean_v2/yolo_fruit_dataset/labels/val/carambola_fresh_03_on_tree_hardcase_frame_000570.txt
val,/mnt/d/merged_fruit_36_clean_v2/yolo_fruit_dataset/_tmp_frames/grape_fresh_01_clear_closeup_frame_000855.jpg,/mnt/d/merged_fruit_36_clean_v2/yolo_fruit_dataset/images/val/grape_fresh_01_clear_closeup_frame_000855.jpg,/mnt/d/merged_fruit_36_clean_v2/yolo_fruit_dataset/labels/val/grape_fresh_01_clear_closeup_frame_000855.txt
val,/mnt/d/merged_fruit_36_clean_v2/yolo_fruit_dataset/_tmp_frames/carambola_fresh_01_clear_closeup_frame_000210.jpg,/mnt/d/merged_fruit_36_clean_v2/yolo_fruit_dataset/images/val/carambola_fresh_01_clear_closeup_frame_000210.jpg,/mnt/d/merged_fruit_36_clean_v2/yolo_fruit_dataset/labels/val/carambola_fresh_01_clear_closeup_frame_000210.txt
val,/mnt/d/merged_fruit_36_clean_v2/yolo_fruit_dataset/_tmp_frames/orange_rotten_01_mild_rotten_frame_000315.jpg,/mnt/d/merged_fruit_36_clean_v2/yolo_fruit_dataset/images/val/orange_rotten_01_mild_rotten_frame_000315.jpg,/mnt/d/merged_fruit_36_clean_v2/yolo_fruit_dataset/labels/val/orange_rotten_01_mild_rotten_frame_000315.txt
val,/mnt/d/merged_fruit_36_clean_v2/yolo_fruit_dataset/_tmp_frames/apple_rotten_03_hardcase_rotten_frame_000120.jpg,/mnt/d/merged_fruit_36_clean_v2/yolo_fruit_dataset/images/val/apple_rotten_03_hardcase_rotten_frame_000120.jpg,/mnt/d/merged_fruit_36_clean_v2/yolo_fruit_dataset/labels/val/apple_rotten_03_hardcase_rotten_frame_000120.txt
val,/mnt/d/merged_fruit_36_clean_v2/yolo_fruit_dataset/_tmp_frames/lemon_fresh_03_cut_open_hardcase_frame_000615.jpg,/mnt/d/merged_fruit_36_clean_v2/yolo_fruit_dataset/images/val/lemon_fresh_03_cut_open_hardcase_frame_000615.jpg,/mnt/d/merged_fruit_36_clean_v2/yolo_fruit_dataset/labels/val/lemon_fresh_03_cut_open_hardcase_frame_000615.txt
val,/mnt/d/merged_fruit_36_clean_v2/yolo_fruit_dataset/_tmp_frames/carrot_rotten_02_mold_soft_rotten_frame_000615.jpg,/mnt/d/merged_fruit_36_clean_v2/yolo_fruit_dataset/images/val/carrot_rotten_02_mold_soft_rotten_frame_000615.jpg,/mnt/d/merged_fruit_36_clean_v2/yolo_fruit_dataset/labels/val/carrot_rotten_02_mold_soft_rotten_frame_000615.txt
val,/mnt/d/merged_fruit_36_clean_v2/yolo_fruit_dataset/_tmp_frames/peach_rotten_02_mold_bruised_rotten_frame_000465.jpg,/mnt/d/merged_fruit_36_clean_v2/yolo_fruit_dataset/images/val/peach_rotten_02_mold_bruised_rotten_frame_000465.jpg,/mnt/d/merged_fruit_36_clean_v2/yolo_fruit_dataset/labels/val/peach_rotten_02_mold_bruised_rotten_frame_000465.txt
val,/mnt/d/merged_fruit_36_clean_v2/yolo_fruit_dataset/_tmp_frames/lemon_fresh_03_cut_open_hardcase_frame_000420.jpg,/mnt/d/merged_fruit_36_clean_v2/yolo_fruit_dataset/images/val/lemon_fresh_03_cut_open_hardcase_frame_000420.jpg,/mnt/d/merged_fruit_36_clean_v2/yolo_fruit_dataset/labels/val/lemon_fresh_03_cut_open_hardcase_frame_000420.txt
val,/mnt/d/merged_fruit_36_clean_v2/yolo_fruit_dataset/_tmp_frames/guava_fresh_01_clear_closeup_frame_000300.jpg,/mnt/d/merged_fruit_36_clean_v2/yolo_fruit_dataset/images/val/guava_fresh_01_clear_closeup_frame_000300.jpg,/mnt/d/merged_fruit_36_clean_v2/yolo_fruit_dataset/labels/val/guava_fresh_01_clear_closeup_frame_000300.txt
val,/mnt/d/merged_fruit_36_clean_v2/yolo_fruit_dataset/_tmp_frames/strawberry_rotten_03_hardcase_rotten_frame_000720.jpg,/mnt/d/merged_fruit_36_clean_v2/yolo_fruit_dataset/images/val/strawberry_rotten_03_hardcase_rotten_frame_000720.jpg,/mnt/d/merged_fruit_36_clean_v2/yolo_fruit_dataset/labels/val/strawberry_rotten_03_hardcase_rotten_frame_000720.txt
val,/mnt/d/merged_fruit_36_clean_v2/yolo_fruit_dataset/_tmp_frames/banana_rotten_02_black_bruised_rotten_frame_000645.jpg,/mnt/d/merged_fruit_36_clean_v2/yolo_fruit_dataset/images/val/banana_rotten_02_black_bruised_rotten_frame_000645.jpg,/mnt/d/merged_fruit_36_clean_v2/yolo_fruit_dataset/labels/val/banana_rotten_02_black_bruised_rotten_frame_000645.txt
val,/mnt/d/merged_fruit_36_clean_v2/yolo_fruit_dataset/_tmp_frames/potato_fresh_01_clear_closeup_frame_000135.jpg,/mnt/d/merged_fruit_36_clean_v2/yolo_fruit_dataset/images/val/potato_fresh_01_clear_closeup_frame_000135.jpg,/mnt/d/merged_fruit_36_clean_v2/yolo_fruit_dataset/labels/val/potato_fresh_01_clear_closeup_frame_000135.txt
val,/mnt/d/merged_fruit_36_clean_v2/yolo_fruit_dataset/_tmp_frames/banana_fresh_03_hardcase_frame_001395.jpg,/mnt/d/merged_fruit_36_clean_v2/yolo_fruit_dataset/images/val/banana_fresh_03_hardcase_frame_001395.jpg,/mnt/d/merged_fruit_36_clean_v2/yolo_fruit_dataset/labels/val/banana_fresh_03_hardcase_frame_001395.txt
val,/mnt/d/merged_fruit_36_clean_v2/yolo_fruit_dataset/_tmp_frames/bellpepper_fresh_02_real_context_frame_000345.jpg,/mnt/d/merged_fruit_36_clean_v2/yolo_fruit_dataset/images/val/bellpepper_fresh_02_real_context_frame_000345.jpg,/mnt/d/merged_fruit_36_clean_v2/yolo_fruit_dataset/labels/val/bellpepper_fresh_02_real_context_frame_000345.txt
val,/mnt/d/merged_fruit_36_clean_v2/yolo_fruit_dataset/_tmp_frames/grape_rotten_03_hardcase_rotten_frame_000090.jpg,/mnt/d/merged_fruit_36_clean_v2/yolo_fruit_dataset/images/val/grape_rotten_03_hardcase_rotten_frame_000090.jpg,/mnt/d/merged_fruit_36_clean_v2/yolo_fruit_dataset/labels/val/grape_rotten_03_hardcase_rotten_frame_000090.txt
val,/mnt/d/merged_fruit_36_clean_v2/yolo_fruit_dataset/_tmp_frames/carambola_rotten_02_mold_bruised_rotten_frame_000225.jpg,/mnt/d/merged_fruit_36_clean_v2/yolo_fruit_dataset/images/val/carambola_rotten_02_mold_bruised_rotten_frame_000225.jpg,/mnt/d/merged_fruit_36_clean_v2/yolo_fruit_dataset/labels/val/carambola_rotten_02_mold_bruised_rotten_frame_000225.txt
val,/mnt/d/merged_fruit_36_clean_v2/yolo_fruit_dataset/_tmp_frames/mango_rotten_03_hardcase_rotten_frame_000270.jpg,/mnt/d/merged_fruit_36_clean_v2/yolo_fruit_dataset/images/val/mango_rotten_03_hardcase_rotten_frame_000270.jpg,/mnt/d/merged_fruit_36_clean_v2/yolo_fruit_dataset/labels/val/mango_rotten_03_hardcase_rotten_frame_000270.txt
val,/mnt/d/merged_fruit_36_clean_v2/yolo_fruit_dataset/_tmp_frames/orange_rotten_02_mold_soft_rotten_frame_000090.jpg,/mnt/d/merged_fruit_36_clean_v2/yolo_fruit_dataset/images/val/orange_rotten_02_mold_soft_rotten_frame_000090.jpg,/mnt/d/merged_fruit_36_clean_v2/yolo_fruit_dataset/labels/val/orange_rotten_02_mold_soft_rotten_frame_000090.txt
val,/mnt/d/merged_fruit_36_clean_v2/yolo_fruit_dataset/_tmp_frames/carambola_fresh_03_on_tree_hardcase_frame_000105.jpg,/mnt/d/merged_fruit_36_clean_v2/yolo_fruit_dataset/images/val/carambola_fresh_03_on_tree_hardcase_frame_000105.jpg,/mnt/d/merged_fruit_36_clean_v2/yolo_fruit_dataset/labels/val/carambola_fresh_03_on_tree_hardcase_frame_000105.txt
val,/mnt/d/merged_fruit_36_clean_v2/yolo_fruit_dataset/_tmp_frames/carambola_fresh_03_on_tree_hardcase_frame_000135.jpg,/mnt/d/merged_fruit_36_clean_v2/yolo_fruit_dataset/images/val/carambola_fresh_03_on_tree_hardcase_frame_000135.jpg,/mnt/d/merged_fruit_36_clean_v2/yolo_fruit_dataset/labels/val/carambola_fresh_03_on_tree_hardcase_frame_000135.txt
val,/mnt/d/merged_fruit_36_clean_v2/yolo_fruit_dataset/_tmp_frames/peach_fresh_01_clear_closeup_frame_000150.jpg,/mnt/d/merged_fruit_36_clean_v2/yolo_fruit_dataset/images/val/peach_fresh_01_clear_closeup_frame_000150.jpg,/mnt/d/merged_fruit_36_clean_v2/yolo_fruit_dataset/labels/val/peach_fresh_01_clear_closeup_frame_000150.txt
val,/mnt/d/merged_fruit_36_clean_v2/yolo_fruit_dataset/_tmp_frames/apple_rotten_03_hardcase_rotten_frame_000105.jpg,/mnt/d/merged_fruit_36_clean_v2/yolo_fruit_dataset/images/val/apple_rotten_03_hardcase_rotten_frame_000105.jpg,/mnt/d/merged_fruit_36_clean_v2/yolo_fruit_dataset/labels/val/apple_rotten_03_hardcase_rotten_frame_000105.txt
val,/mnt/d/merged_fruit_36_clean_v2/yolo_fruit_dataset/_tmp_frames/carambola_fresh_03_on_tree_hardcase_frame_000300.jpg,/mnt/d/merged_fruit_36_clean_v2/yolo_fruit_dataset/images/val/carambola_fresh_03_on_tree_hardcase_frame_000300.jpg,/mnt/d/merged_fruit_36_clean_v2/yolo_fruit_dataset/labels/val/carambola_fresh_03_on_tree_hardcase_frame_000300.txt
val,/mnt/d/merged_fruit_36_clean_v2/yolo_fruit_dataset/_tmp_frames/strawberry_rotten_03_hardcase_rotten_frame_000405.jpg,/mnt/d/merged_fruit_36_clean_v2/yolo_fruit_dataset/images/val/strawberry_rotten_03_hardcase_rotten_frame_000405.jpg,/mnt/d/merged_fruit_36_clean_v2/yolo_fruit_dataset/labels/val/strawberry_rotten_03_hardcase_rotten_frame_000405.txt
val,/mnt/d/merged_fruit_36_clean_v2/yolo_fruit_dataset/_tmp_frames/peach_fresh_01_clear_closeup_frame_000090.jpg,/mnt/d/merged_fruit_36_clean_v2/yolo_fruit_dataset/images/val/peach_fresh_01_clear_closeup_frame_000090.jpg,/mnt/d/merged_fruit_36_clean_v2/yolo_fruit_dataset/labels/val/peach_fresh_01_clear_closeup_frame_000090.txt
val,/mnt/d/merged_fruit_36_clean_v2/yolo_fruit_dataset/_tmp_frames/orange_rotten_02_mold_soft_rotten_frame_000360.jpg,/mnt/d/merged_fruit_36_clean_v2/yolo_fruit_dataset/images/val/orange_rotten_02_mold_soft_rotten_frame_000360.jpg,/mnt/d/merged_fruit_36_clean_v2/yolo_fruit_dataset/labels/val/orange_rotten_02_mold_soft_rotten_frame_000360.txt
val,/mnt/d/merged_fruit_36_clean_v2/yolo_fruit_dataset/_tmp_frames/strawberry_fresh_01_clear_closeup_frame_000150.jpg,/mnt/d/merged_fruit_36_clean_v2/yolo_fruit_dataset/images/val/strawberry_fresh_01_clear_closeup_frame_000150.jpg,/mnt/d/merged_fruit_36_clean_v2/yolo_fruit_dataset/labels/val/strawberry_fresh_01_clear_closeup_frame_000150.txt
val,/mnt/d/merged_fruit_36_clean_v2/yolo_fruit_dataset/_tmp_frames/guava_fresh_03_on_tree_hardcase_frame_000345.jpg,/mnt/d/merged_fruit_36_clean_v2/yolo_fruit_dataset/images/val/guava_fresh_03_on_tree_hardcase_frame_000345.jpg,/mnt/d/merged_fruit_36_clean_v2/yolo_fruit_dataset/labels/val/guava_fresh_03_on_tree_hardcase_frame_000345.txt
val,/mnt/d/merged_fruit_36_clean_v2/yolo_fruit_dataset/_tmp_frames/cucumber_fresh_03_cut_open_hardcase_frame_000225.jpg,/mnt/d/merged_fruit_36_clean_v2/yolo_fruit_dataset/images/val/cucumber_fresh_03_cut_open_hardcase_frame_000225.jpg,/mnt/d/merged_fruit_36_clean_v2/yolo_fruit_dataset/labels/val/cucumber_fresh_03_cut_open_hardcase_frame_000225.txt
val,/mnt/d/merged_fruit_36_clean_v2/yolo_fruit_dataset/_tmp_frames/avocado_fresh_01_clear_closeup_frame_000165.jpg,/mnt/d/merged_fruit_36_clean_v2/yolo_fruit_dataset/images/val/avocado_fresh_01_clear_closeup_frame_000165.jpg,/mnt/d/merged_fruit_36_clean_v2/yolo_fruit_dataset/labels/val/avocado_fresh_01_clear_closeup_frame_000165.txt
val,/mnt/d/merged_fruit_36_clean_v2/yolo_fruit_dataset/_tmp_frames/orange_rotten_01_mild_rotten_frame_000030.jpg,/mnt/d/merged_fruit_36_clean_v2/yolo_fruit_dataset/images/val/orange_rotten_01_mild_rotten_frame_000030.jpg,/mnt/d/merged_fruit_36_clean_v2/yolo_fruit_dataset/labels/val/orange_rotten_01_mild_rotten_frame_000030.txt
val,/mnt/d/merged_fruit_36_clean_v2/yolo_fruit_dataset/_tmp_frames/avocado_fresh_01_clear_closeup_frame_000420.jpg,/mnt/d/merged_fruit_36_clean_v2/yolo_fruit_dataset/images/val/avocado_fresh_01_clear_closeup_frame_000420.jpg,/mnt/d/merged_fruit_36_clean_v2/yolo_fruit_dataset/labels/val/avocado_fresh_01_clear_closeup_frame_000420.txt
val,/mnt/d/merged_fruit_36_clean_v2/yolo_fruit_dataset/_tmp_frames/grape_fresh_03_on_tree_hardcase_frame_000150.jpg,/mnt/d/merged_fruit_36_clean_v2/yolo_fruit_dataset/images/val/grape_fresh_03_on_tree_hardcase_frame_000150.jpg,/mnt/d/merged_fruit_36_clean_v2/yolo_fruit_dataset/labels/val/grape_fresh_03_on_tree_hardcase_frame_000150.txt
val,/mnt/d/merged_fruit_36_clean_v2/yolo_fruit_dataset/_tmp_frames/pomegranate_fresh_01_clear_closeup_frame_000390.jpg,/mnt/d/merged_fruit_36_clean_v2/yolo_fruit_dataset/images/val/pomegranate_fresh_01_clear_closeup_frame_000390.jpg,/mnt/d/merged_fruit_36_clean_v2/yolo_fruit_dataset/labels/val/pomegranate_fresh_01_clear_closeup_frame_000390.txt
val,/mnt/d/merged_fruit_36_clean_v2/yolo_fruit_dataset/_tmp_frames/potato_fresh_01_clear_closeup_frame_000390.jpg,/mnt/d/merged_fruit_36_clean_v2/yolo_fruit_dataset/images/val/potato_fresh_01_clear_closeup_frame_000390.jpg,/mnt/d/merged_fruit_36_clean_v2/yolo_fruit_dataset/labels/val/potato_fresh_01_clear_closeup_frame_000390.txt
val,/mnt/d/merged_fruit_36_clean_v2/yolo_fruit_dataset/_tmp_frames/orange_rotten_03_hardcase_rotten_frame_000000.jpg,/mnt/d/merged_fruit_36_clean_v2/yolo_fruit_dataset/images/val/orange_rotten_03_hardcase_rotten_frame_000000.jpg,/mnt/d/merged_fruit_36_clean_v2/yolo_fruit_dataset/labels/val/orange_rotten_03_hardcase_rotten_frame_000000.txt
val,/mnt/d/merged_fruit_36_clean_v2/yolo_fruit_dataset/_tmp_frames/peach_fresh_01_clear_closeup_frame_000810.jpg,/mnt/d/merged_fruit_36_clean_v2/yolo_fruit_dataset/images/val/peach_fresh_01_clear_closeup_frame_000810.jpg,/mnt/d/merged_fruit_36_clean_v2/yolo_fruit_dataset/labels/val/peach_fresh_01_clear_closeup_frame_000810.txt
val,/mnt/d/merged_fruit_36_clean_v2/yolo_fruit_dataset/_tmp_frames/banana_fresh_01_clear_closeup_frame_000225.jpg,/mnt/d/merged_fruit_36_clean_v2/yolo_fruit_dataset/images/val/banana_fresh_01_clear_closeup_frame_000225.jpg,/mnt/d/merged_fruit_36_clean_v2/yolo_fruit_dataset/labels/val/banana_fresh_01_clear_closeup_frame_000225.txt
val,/mnt/d/merged_fruit_36_clean_v2/yolo_fruit_dataset/_tmp_frames/carrot_fresh_03_hardcase_frame_000150.jpg,/mnt/d/merged_fruit_36_clean_v2/yolo_fruit_dataset/images/val/carrot_fresh_03_hardcase_frame_000150.jpg,/mnt/d/merged_fruit_36_clean_v2/yolo_fruit_dataset/labels/val/carrot_fresh_03_hardcase_frame_000150.txt
val,/mnt/d/merged_fruit_36_clean_v2/yolo_fruit_dataset/_tmp_frames/apple_fresh_02_real_context_frame_000285.jpg,/mnt/d/merged_fruit_36_clean_v2/yolo_fruit_dataset/images/val/apple_fresh_02_real_context_frame_000285.jpg,/mnt/d/merged_fruit_36_clean_v2/yolo_fruit_dataset/labels/val/apple_fresh_02_real_context_frame_000285.txt
val,/mnt/d/merged_fruit_36_clean_v2/yolo_fruit_dataset/_tmp_frames/tomato_fresh_03_cut_open_hardcase_frame_000045.jpg,/mnt/d/merged_fruit_36_clean_v2/yolo_fruit_dataset/images/val/tomato_fresh_03_cut_open_hardcase_frame_000045.jpg,/mnt/d/merged_fruit_36_clean_v2/yolo_fruit_dataset/labels/val/tomato_fresh_03_cut_open_hardcase_frame_000045.txt
val,/mnt/d/merged_fruit_36_clean_v2/yolo_fruit_dataset/_tmp_frames/grape_rotten_03_hardcase_rotten_frame_000045.jpg,/mnt/d/merged_fruit_36_clean_v2/yolo_fruit_dataset/images/val/grape_rotten_03_hardcase_rotten_frame_000045.jpg,/mnt/d/merged_fruit_36_clean_v2/yolo_fruit_dataset/labels/val/grape_rotten_03_hardcase_rotten_frame_000045.txt
val,/mnt/d/merged_fruit_36_clean_v2/yolo_fruit_dataset/_tmp_frames/carambola_fresh_02_real_context_frame_000000.jpg,/mnt/d/merged_fruit_36_clean_v2/yolo_fruit_dataset/images/val/carambola_fresh_02_real_context_frame_000000.jpg,/mnt/d/merged_fruit_36_clean_v2/yolo_fruit_dataset/labels/val/carambola_fresh_02_real_context_frame_000000.txt
val,/mnt/d/merged_fruit_36_clean_v2/yolo_fruit_dataset/_tmp_frames/potato_rotten_02_sprout_green_rotten_frame_000525.jpg,/mnt/d/merged_fruit_36_clean_v2/yolo_fruit_dataset/images/val/potato_rotten_02_sprout_green_rotten_frame_000525.jpg,/mnt/d/merged_fruit_36_clean_v2/yolo_fruit_dataset/labels/val/potato_rotten_02_sprout_green_rotten_frame_000525.txt
val,/mnt/d/merged_fruit_36_clean_v2/yolo_fruit_dataset/_tmp_frames/avocado_fresh_03_cut_open_hardcase_frame_000225.jpg,/mnt/d/merged_fruit_36_clean_v2/yolo_fruit_dataset/images/val/avocado_fresh_03_cut_open_hardcase_frame_000225.jpg,/mnt/d/merged_fruit_36_clean_v2/yolo_fruit_dataset/labels/val/avocado_fresh_03_cut_open_hardcase_frame_000225.txt
val,/mnt/d/merged_fruit_36_clean_v2/yolo_fruit_dataset/_tmp_frames/guava_fresh_01_clear_closeup_frame_000240.jpg,/mnt/d/merged_fruit_36_clean_v2/yolo_fruit_dataset/images/val/guava_fresh_01_clear_closeup_frame_000240.jpg,/mnt/d/merged_fruit_36_clean_v2/yolo_fruit_dataset/labels/val/guava_fresh_01_clear_closeup_frame_000240.txt
val,/mnt/d/merged_fruit_36_clean_v2/yolo_fruit_dataset/_tmp_frames/jujube_fresh_02_real_context_frame_000045.jpg,/mnt/d/merged_fruit_36_clean_v2/yolo_fruit_dataset/images/val/jujube_fresh_02_real_context_frame_000045.jpg,/mnt/d/merged_fruit_36_clean_v2/yolo_fruit_dataset/labels/val/jujube_fresh_02_real_context_frame_000045.txt
val,/mnt/d/merged_fruit_36_clean_v2/yolo_fruit_dataset/_tmp_frames/carambola_fresh_01_clear_closeup_frame_000000.jpg,/mnt/d/merged_fruit_36_clean_v2/yolo_fruit_dataset/images/val/carambola_fresh_01_clear_closeup_frame_000000.jpg,/mnt/d/merged_fruit_36_clean_v2/yolo_fruit_dataset/labels/val/carambola_fresh_01_clear_closeup_frame_000000.txt
val,/mnt/d/merged_fruit_36_clean_v2/yolo_fruit_dataset/_tmp_frames/tomato_rotten_03_hardcase_rotten_frame_000150.jpg,/mnt/d/merged_fruit_36_clean_v2/yolo_fruit_dataset/images/val/tomato_rotten_03_hardcase_rotten_frame_000150.jpg,/mnt/d/merged_fruit_36_clean_v2/yolo_fruit_dataset/labels/val/tomato_rotten_03_hardcase_rotten_frame_000150.txt
val,/mnt/d/merged_fruit_36_clean_v2/yolo_fruit_dataset/_tmp_frames/grape_rotten_03_hardcase_rotten_frame_000000.jpg,/mnt/d/merged_fruit_36_clean_v2/yolo_fruit_dataset/images/val/grape_rotten_03_hardcase_rotten_frame_000000.jpg,/mnt/d/merged_fruit_36_clean_v2/yolo_fruit_dataset/labels/val/grape_rotten_03_hardcase_rotten_frame_000000.txt
val,/mnt/d/merged_fruit_36_clean_v2/raw_assets_from_zip/Cucumber/istockphoto-1393646078-1024x1024.jpg,/mnt/d/merged_fruit_36_clean_v2/yolo_fruit_dataset/images/val/istockphoto-1393646078-1024x1024.jpg,/mnt/d/merged_fruit_36_clean_v2/yolo_fruit_dataset/labels/val/istockphoto-1393646078-1024x1024.txt
val,/mnt/d/merged_fruit_36_clean_v2/yolo_fruit_dataset/_tmp_frames/banana_fresh_03_hardcase_frame_000510.jpg,/mnt/d/merged_fruit_36_clean_v2/yolo_fruit_dataset/images/val/banana_fresh_03_hardcase_frame_000510.jpg,/mnt/d/merged_fruit_36_clean_v2/yolo_fruit_dataset/labels/val/banana_fresh_03_hardcase_frame_000510.txt
val,/mnt/d/merged_fruit_36_clean_v2/yolo_fruit_dataset/_tmp_frames/peach_fresh_01_clear_closeup_frame_000510.jpg,/mnt/d/merged_fruit_36_clean_v2/yolo_fruit_dataset/images/val/peach_fresh_01_clear_closeup_frame_000510.jpg,/mnt/d/merged_fruit_36_clean_v2/yolo_fruit_dataset/labels/val/peach_fresh_01_clear_closeup_frame_000510.txt
val,/mnt/d/merged_fruit_36_clean_v2/yolo_fruit_dataset/_tmp_frames/avocado_fresh_02_real_context_frame_000240.jpg,/mnt/d/merged_fruit_36_clean_v2/yolo_fruit_dataset/images/val/avocado_fresh_02_real_context_frame_000240.jpg,/mnt/d/merged_fruit_36_clean_v2/yolo_fruit_dataset/labels/val/avocado_fresh_02_real_context_frame_000240.txt
val,/mnt/d/merged_fruit_36_clean_v2/yolo_fruit_dataset/_tmp_frames/apple_fresh_02_real_context_frame_000075.jpg,/mnt/d/merged_fruit_36_clean_v2/yolo_fruit_dataset/images/val/apple_fresh_02_real_context_frame_000075.jpg,/mnt/d/merged_fruit_36_clean_v2/yolo_fruit_dataset/labels/val/apple_fresh_02_real_context_frame_000075.txt
val,/mnt/d/merged_fruit_36_clean_v2/yolo_fruit_dataset/_tmp_frames/avocado_rotten_01_mild_rotten_frame_000270.jpg,/mnt/d/merged_fruit_36_clean_v2/yolo_fruit_dataset/images/val/avocado_rotten_01_mild_rotten_frame_000270.jpg,/mnt/d/merged_fruit_36_clean_v2/yolo_fruit_dataset/labels/val/avocado_rotten_01_mild_rotten_frame_000270.txt
val,/mnt/d/merged_fruit_36_clean_v2/yolo_fruit_dataset/_tmp_frames/carambola_fresh_03_on_tree_hardcase_frame_000600.jpg,/mnt/d/merged_fruit_36_clean_v2/yolo_fruit_dataset/images/val/carambola_fresh_03_on_tree_hardcase_frame_000600.jpg,/mnt/d/merged_fruit_36_clean_v2/yolo_fruit_dataset/labels/val/carambola_fresh_03_on_tree_hardcase_frame_000600.txt
val,/mnt/d/merged_fruit_36_clean_v2/yolo_fruit_dataset/_tmp_frames/apple_fresh_02_real_context_frame_000450.jpg,/mnt/d/merged_fruit_36_clean_v2/yolo_fruit_dataset/images/val/apple_fresh_02_real_context_frame_000450.jpg,/mnt/d/merged_fruit_36_clean_v2/yolo_fruit_dataset/labels/val/apple_fresh_02_real_context_frame_000450.txt
val,/mnt/d/merged_fruit_36_clean_v2/yolo_fruit_dataset/_tmp_frames/carambola_rotten_02_mold_bruised_rotten_frame_000795.jpg,/mnt/d/merged_fruit_36_clean_v2/yolo_fruit_dataset/images/val/carambola_rotten_02_mold_bruised_rotten_frame_000795.jpg,/mnt/d/merged_fruit_36_clean_v2/yolo_fruit_dataset/labels/val/carambola_rotten_02_mold_bruised_rotten_frame_000795.txt
val,/mnt/d/merged_fruit_36_clean_v2/yolo_fruit_dataset/_tmp_frames/banana_fresh_03_hardcase_frame_000255.jpg,/mnt/d/merged_fruit_36_clean_v2/yolo_fruit_dataset/images/val/banana_fresh_03_hardcase_frame_000255.jpg,/mnt/d/merged_fruit_36_clean_v2/yolo_fruit_dataset/labels/val/banana_fresh_03_hardcase_frame_000255.txt
val,/mnt/d/merged_fruit_36_clean_v2/yolo_fruit_dataset/_tmp_frames/banana_fresh_03_hardcase_frame_001215.jpg,/mnt/d/merged_fruit_36_clean_v2/yolo_fruit_dataset/images/val/banana_fresh_03_hardcase_frame_001215.jpg,/mnt/d/merged_fruit_36_clean_v2/yolo_fruit_dataset/labels/val/banana_fresh_03_hardcase_frame_001215.txt
val,/mnt/d/merged_fruit_36_clean_v2/yolo_fruit_dataset/_tmp_frames/peach_fresh_01_clear_closeup_frame_000300.jpg,/mnt/d/merged_fruit_36_clean_v2/yolo_fruit_dataset/images/val/peach_fresh_01_clear_closeup_frame_000300.jpg,/mnt/d/merged_fruit_36_clean_v2/yolo_fruit_dataset/labels/val/peach_fresh_01_clear_closeup_frame_000300.txt
val,/mnt/d/merged_fruit_36_clean_v2/yolo_fruit_dataset/_tmp_frames/carrot_rotten_02_mold_soft_rotten_frame_000720.jpg,/mnt/d/merged_fruit_36_clean_v2/yolo_fruit_dataset/images/val/carrot_rotten_02_mold_soft_rotten_frame_000720.jpg,/mnt/d/merged_fruit_36_clean_v2/yolo_fruit_dataset/labels/val/carrot_rotten_02_mold_soft_rotten_frame_000720.txt
val,/mnt/d/merged_fruit_36_clean_v2/raw_assets_from_zip/Cucumber/istockphoto-1157659397-1024x1024.jpg,/mnt/d/merged_fruit_36_clean_v2/yolo_fruit_dataset/images/val/istockphoto-1157659397-1024x1024.jpg,/mnt/d/merged_fruit_36_clean_v2/yolo_fruit_dataset/labels/val/istockphoto-1157659397-1024x1024.txt
val,/mnt/d/merged_fruit_36_clean_v2/yolo_fruit_dataset/_tmp_frames/grape_fresh_02_real_context_frame_000690.jpg,/mnt/d/merged_fruit_36_clean_v2/yolo_fruit_dataset/images/val/grape_fresh_02_real_context_frame_000690.jpg,/mnt/d/merged_fruit_36_clean_v2/yolo_fruit_dataset/labels/val/grape_fresh_02_real_context_frame_000690.txt
val,/mnt/d/merged_fruit_36_clean_v2/yolo_fruit_dataset/_tmp_frames/apple_fresh_03_hardcase_frame_000015.jpg,/mnt/d/merged_fruit_36_clean_v2/yolo_fruit_dataset/images/val/apple_fresh_03_hardcase_frame_000015.jpg,/mnt/d/merged_fruit_36_clean_v2/yolo_fruit_dataset/labels/val/apple_fresh_03_hardcase_frame_000015.txt
val,/mnt/d/merged_fruit_36_clean_v2/yolo_fruit_dataset/_tmp_frames/guava_fresh_03_on_tree_hardcase_frame_000165.jpg,/mnt/d/merged_fruit_36_clean_v2/yolo_fruit_dataset/images/val/guava_fresh_03_on_tree_hardcase_frame_000165.jpg,/mnt/d/merged_fruit_36_clean_v2/yolo_fruit_dataset/labels/val/guava_fresh_03_on_tree_hardcase_frame_000165.txt
val,/mnt/d/merged_fruit_36_clean_v2/yolo_fruit_dataset/_tmp_frames/carrot_rotten_01_mild_rotten_frame_000450.jpg,/mnt/d/merged_fruit_36_clean_v2/yolo_fruit_dataset/images/val/carrot_rotten_01_mild_rotten_frame_000450.jpg,/mnt/d/merged_fruit_36_clean_v2/yolo_fruit_dataset/labels/val/carrot_rotten_01_mild_rotten_frame_000450.txt
val,/mnt/d/merged_fruit_36_clean_v2/yolo_fruit_dataset/_tmp_frames/tomato_rotten_02_soft_mold_rotten_frame_000060.jpg,/mnt/d/merged_fruit_36_clean_v2/yolo_fruit_dataset/images/val/tomato_rotten_02_soft_mold_rotten_frame_000060.jpg,/mnt/d/merged_fruit_36_clean_v2/yolo_fruit_dataset/labels/val/tomato_rotten_02_soft_mold_rotten_frame_000060.txt
val,/mnt/d/merged_fruit_36_clean_v2/yolo_fruit_dataset/_tmp_frames/apple_fresh_02_real_context_frame_000900.jpg,/mnt/d/merged_fruit_36_clean_v2/yolo_fruit_dataset/images/val/apple_fresh_02_real_context_frame_000900.jpg,/mnt/d/merged_fruit_36_clean_v2/yolo_fruit_dataset/labels/val/apple_fresh_02_real_context_frame_000900.txt
val,/mnt/d/merged_fruit_36_clean_v2/yolo_fruit_dataset/_tmp_frames/guava_fresh_03_on_tree_hardcase_frame_000015.jpg,/mnt/d/merged_fruit_36_clean_v2/yolo_fruit_dataset/images/val/guava_fresh_03_on_tree_hardcase_frame_000015.jpg,/mnt/d/merged_fruit_36_clean_v2/yolo_fruit_dataset/labels/val/guava_fresh_03_on_tree_hardcase_frame_000015.txt
val,/mnt/d/merged_fruit_36_clean_v2/yolo_fruit_dataset/_tmp_frames/potato_rotten_02_sprout_green_rotten_frame_000135.jpg,/mnt/d/merged_fruit_36_clean_v2/yolo_fruit_dataset/images/val/potato_rotten_02_sprout_green_rotten_frame_000135.jpg,/mnt/d/merged_fruit_36_clean_v2/yolo_fruit_dataset/labels/val/potato_rotten_02_sprout_green_rotten_frame_000135.txt
val,/mnt/d/merged_fruit_36_clean_v2/yolo_fruit_dataset/_tmp_frames/cucumber_fresh_01_clear_closeup_frame_000330.jpg,/mnt/d/merged_fruit_36_clean_v2/yolo_fruit_dataset/images/val/cucumber_fresh_01_clear_closeup_frame_000330.jpg,/mnt/d/merged_fruit_36_clean_v2/yolo_fruit_dataset/labels/val/cucumber_fresh_01_clear_closeup_frame_000330.txt
val,/mnt/d/merged_fruit_36_clean_v2/yolo_fruit_dataset/_tmp_frames/banana_rotten_01_mild_rotten_frame_000270.jpg,/mnt/d/merged_fruit_36_clean_v2/yolo_fruit_dataset/images/val/banana_rotten_01_mild_rotten_frame_000270.jpg,/mnt/d/merged_fruit_36_clean_v2/yolo_fruit_dataset/labels/val/banana_rotten_01_mild_rotten_frame_000270.txt
val,/mnt/d/merged_fruit_36_clean_v2/yolo_fruit_dataset/_tmp_frames/strawberry_rotten_03_hardcase_rotten_frame_000285.jpg,/mnt/d/merged_fruit_36_clean_v2/yolo_fruit_dataset/images/val/strawberry_rotten_03_hardcase_rotten_frame_000285.jpg,/mnt/d/merged_fruit_36_clean_v2/yolo_fruit_dataset/labels/val/strawberry_rotten_03_hardcase_rotten_frame_000285.txt
val,/mnt/d/merged_fruit_36_clean_v2/yolo_fruit_dataset/_tmp_frames/avocado_rotten_01_mild_rotten_frame_000360.jpg,/mnt/d/merged_fruit_36_clean_v2/yolo_fruit_dataset/images/val/avocado_rotten_01_mild_rotten_frame_000360.jpg,/mnt/d/merged_fruit_36_clean_v2/yolo_fruit_dataset/labels/val/avocado_rotten_01_mild_rotten_frame_000360.txt
val,/mnt/d/merged_fruit_36_clean_v2/yolo_fruit_dataset/_tmp_frames/apple_rotten_03_hardcase_rotten_frame_000270.jpg,/mnt/d/merged_fruit_36_clean_v2/yolo_fruit_dataset/images/val/apple_rotten_03_hardcase_rotten_frame_000270.jpg,/mnt/d/merged_fruit_36_clean_v2/yolo_fruit_dataset/labels/val/apple_rotten_03_hardcase_rotten_frame_000270.txt
val,/mnt/d/merged_fruit_36_clean_v2/yolo_fruit_dataset/_tmp_frames/orange_rotten_02_mold_soft_rotten_frame_000240.jpg,/mnt/d/merged_fruit_36_clean_v2/yolo_fruit_dataset/images/val/orange_rotten_02_mold_soft_rotten_frame_000240.jpg,/mnt/d/merged_fruit_36_clean_v2/yolo_fruit_dataset/labels/val/orange_rotten_02_mold_soft_rotten_frame_000240.txt
val,/mnt/d/merged_fruit_36_clean_v2/yolo_fruit_dataset/_tmp_frames/bellpepper_rotten_03_hardcase_rotten_frame_000750.jpg,/mnt/d/merged_fruit_36_clean_v2/yolo_fruit_dataset/images/val/bellpepper_rotten_03_hardcase_rotten_frame_000750.jpg,/mnt/d/merged_fruit_36_clean_v2/yolo_fruit_dataset/labels/val/bellpepper_rotten_03_hardcase_rotten_frame_000750.txt
val,/mnt/d/merged_fruit_36_clean_v2/yolo_fruit_dataset/_tmp_frames/grape_rotten_01_mild_rotten_frame_000345.jpg,/mnt/d/merged_fruit_36_clean_v2/yolo_fruit_dataset/images/val/grape_rotten_01_mild_rotten_frame_000345.jpg,/mnt/d/merged_fruit_36_clean_v2/yolo_fruit_dataset/labels/val/grape_rotten_01_mild_rotten_frame_000345.txt
val,/mnt/d/merged_fruit_36_clean_v2/yolo_fruit_dataset/_tmp_frames/carambola_rotten_02_mold_bruised_rotten_frame_000135.jpg,/mnt/d/merged_fruit_36_clean_v2/yolo_fruit_dataset/images/val/carambola_rotten_02_mold_bruised_rotten_frame_000135.jpg,/mnt/d/merged_fruit_36_clean_v2/yolo_fruit_dataset/labels/val/carambola_rotten_02_mold_bruised_rotten_frame_000135.txt
val,/mnt/d/merged_fruit_36_clean_v2/yolo_fruit_dataset/_tmp_frames/peach_fresh_01_clear_closeup_frame_000075.jpg,/mnt/d/merged_fruit_36_clean_v2/yolo_fruit_dataset/images/val/peach_fresh_01_clear_closeup_frame_000075.jpg,/mnt/d/merged_fruit_36_clean_v2/yolo_fruit_dataset/labels/val/peach_fresh_01_clear_closeup_frame_000075.txt
val,/mnt/d/merged_fruit_36_clean_v2/yolo_fruit_dataset/_tmp_frames/grape_fresh_01_clear_closeup_frame_000390.jpg,/mnt/d/merged_fruit_36_clean_v2/yolo_fruit_dataset/images/val/grape_fresh_01_clear_closeup_frame_000390.jpg,/mnt/d/merged_fruit_36_clean_v2/yolo_fruit_dataset/labels/val/grape_fresh_01_clear_closeup_frame_000390.txt
val,/mnt/d/merged_fruit_36_clean_v2/yolo_fruit_dataset/_tmp_frames/grape_fresh_01_clear_closeup_frame_001380.jpg,/mnt/d/merged_fruit_36_clean_v2/yolo_fruit_dataset/images/val/grape_fresh_01_clear_closeup_frame_001380.jpg,/mnt/d/merged_fruit_36_clean_v2/yolo_fruit_dataset/labels/val/grape_fresh_01_clear_closeup_frame_001380.txt
val,/mnt/d/merged_fruit_36_clean_v2/yolo_fruit_dataset/_tmp_frames/carrot_rotten_01_mild_rotten_frame_000270.jpg,/mnt/d/merged_fruit_36_clean_v2/yolo_fruit_dataset/images/val/carrot_rotten_01_mild_rotten_frame_000270.jpg,/mnt/d/merged_fruit_36_clean_v2/yolo_fruit_dataset/labels/val/carrot_rotten_01_mild_rotten_frame_000270.txt
val,/mnt/d/merged_fruit_36_clean_v2/yolo_fruit_dataset/_tmp_frames/grape_fresh_02_real_context_frame_000300.jpg,/mnt/d/merged_fruit_36_clean_v2/yolo_fruit_dataset/images/val/grape_fresh_02_real_context_frame_000300.jpg,/mnt/d/merged_fruit_36_clean_v2/yolo_fruit_dataset/labels/val/grape_fresh_02_real_context_frame_000300.txt
val,/mnt/d/merged_fruit_36_clean_v2/raw_assets_from_zip/Cucumber/istockphoto-932840974-1024x1024.jpg,/mnt/d/merged_fruit_36_clean_v2/yolo_fruit_dataset/images/val/istockphoto-932840974-1024x1024.jpg,/mnt/d/merged_fruit_36_clean_v2/yolo_fruit_dataset/labels/val/istockphoto-932840974-1024x1024.txt
val,/mnt/d/merged_fruit_36_clean_v2/yolo_fruit_dataset/_tmp_frames/apple_fresh_02_real_context_frame_000045.jpg,/mnt/d/merged_fruit_36_clean_v2/yolo_fruit_dataset/images/val/apple_fresh_02_real_context_frame_000045.jpg,/mnt/d/merged_fruit_36_clean_v2/yolo_fruit_dataset/labels/val/apple_fresh_02_real_context_frame_000045.txt
val,/mnt/d/merged_fruit_36_clean_v2/yolo_fruit_dataset/_tmp_frames/pomegranate_rotten_01_mild_rotten_frame_000165.jpg,/mnt/d/merged_fruit_36_clean_v2/yolo_fruit_dataset/images/val/pomegranate_rotten_01_mild_rotten_frame_000165.jpg,/mnt/d/merged_fruit_36_clean_v2/yolo_fruit_dataset/labels/val/pomegranate_rotten_01_mild_rotten_frame_000165.txt
val,/mnt/d/merged_fruit_36_clean_v2/yolo_fruit_dataset/_tmp_frames/carrot_rotten_01_mild_rotten_frame_000435.jpg,/mnt/d/merged_fruit_36_clean_v2/yolo_fruit_dataset/images/val/carrot_rotten_01_mild_rotten_frame_000435.jpg,/mnt/d/merged_fruit_36_clean_v2/yolo_fruit_dataset/labels/val/carrot_rotten_01_mild_rotten_frame_000435.txt
val,/mnt/d/merged_fruit_36_clean_v2/yolo_fruit_dataset/_tmp_frames/apple_rotten_01_mild_rotten_frame_000120.jpg,/mnt/d/merged_fruit_36_clean_v2/yolo_fruit_dataset/images/val/apple_rotten_01_mild_rotten_frame_000120.jpg,/mnt/d/merged_fruit_36_clean_v2/yolo_fruit_dataset/labels/val/apple_rotten_01_mild_rotten_frame_000120.txt
val,/mnt/d/merged_fruit_36_clean_v2/yolo_fruit_dataset/_tmp_frames/pomegranate_rotten_01_mild_rotten_frame_000090.jpg,/mnt/d/merged_fruit_36_clean_v2/yolo_fruit_dataset/images/val/pomegranate_rotten_01_mild_rotten_frame_000090.jpg,/mnt/d/merged_fruit_36_clean_v2/yolo_fruit_dataset/labels/val/pomegranate_rotten_01_mild_rotten_frame_000090.txt
val,/mnt/d/merged_fruit_36_clean_v2/yolo_fruit_dataset/_tmp_frames/grape_fresh_02_real_context_frame_000510.jpg,/mnt/d/merged_fruit_36_clean_v2/yolo_fruit_dataset/images/val/grape_fresh_02_real_context_frame_000510.jpg,/mnt/d/merged_fruit_36_clean_v2/yolo_fruit_dataset/labels/val/grape_fresh_02_real_context_frame_000510.txt
val,/mnt/d/merged_fruit_36_clean_v2/yolo_fruit_dataset/_tmp_frames/jujube_fresh_01_clear_closeup_frame_000195.jpg,/mnt/d/merged_fruit_36_clean_v2/yolo_fruit_dataset/images/val/jujube_fresh_01_clear_closeup_frame_000195.jpg,/mnt/d/merged_fruit_36_clean_v2/yolo_fruit_dataset/labels/val/jujube_fresh_01_clear_closeup_frame_000195.txt
val,/mnt/d/merged_fruit_36_clean_v2/yolo_fruit_dataset/_tmp_frames/mango_rotten_03_hardcase_rotten_frame_000210.jpg,/mnt/d/merged_fruit_36_clean_v2/yolo_fruit_dataset/images/val/mango_rotten_03_hardcase_rotten_frame_000210.jpg,/mnt/d/merged_fruit_36_clean_v2/yolo_fruit_dataset/labels/val/mango_rotten_03_hardcase_rotten_frame_000210.txt
val,/mnt/d/merged_fruit_36_clean_v2/yolo_fruit_dataset/_tmp_frames/avocado_fresh_03_cut_open_hardcase_frame_000270.jpg,/mnt/d/merged_fruit_36_clean_v2/yolo_fruit_dataset/images/val/avocado_fresh_03_cut_open_hardcase_frame_000270.jpg,/mnt/d/merged_fruit_36_clean_v2/yolo_fruit_dataset/labels/val/avocado_fresh_03_cut_open_hardcase_frame_000270.txt
val,/mnt/d/merged_fruit_36_clean_v2/yolo_fruit_dataset/_tmp_frames/cucumber_fresh_01_clear_closeup_frame_000090.jpg,/mnt/d/merged_fruit_36_clean_v2/yolo_fruit_dataset/images/val/cucumber_fresh_01_clear_closeup_frame_000090.jpg,/mnt/d/merged_fruit_36_clean_v2/yolo_fruit_dataset/labels/val/cucumber_fresh_01_clear_closeup_frame_000090.txt
val,/mnt/d/merged_fruit_36_clean_v2/yolo_fruit_dataset/_tmp_frames/carambola_fresh_03_on_tree_hardcase_frame_000195.jpg,/mnt/d/merged_fruit_36_clean_v2/yolo_fruit_dataset/images/val/carambola_fresh_03_on_tree_hardcase_frame_000195.jpg,/mnt/d/merged_fruit_36_clean_v2/yolo_fruit_dataset/labels/val/carambola_fresh_03_on_tree_hardcase_frame_000195.txt
val,/mnt/d/merged_fruit_36_clean_v2/yolo_fruit_dataset/_tmp_frames/carrot_rotten_02_mold_soft_rotten_frame_000585.jpg,/mnt/d/merged_fruit_36_clean_v2/yolo_fruit_dataset/images/val/carrot_rotten_02_mold_soft_rotten_frame_000585.jpg,/mnt/d/merged_fruit_36_clean_v2/yolo_fruit_dataset/labels/val/carrot_rotten_02_mold_soft_rotten_frame_000585.txt
val,/mnt/d/merged_fruit_36_clean_v2/yolo_fruit_dataset/_tmp_frames/banana_fresh_03_hardcase_frame_001485.jpg,/mnt/d/merged_fruit_36_clean_v2/yolo_fruit_dataset/images/val/banana_fresh_03_hardcase_frame_001485.jpg,/mnt/d/merged_fruit_36_clean_v2/yolo_fruit_dataset/labels/val/banana_fresh_03_hardcase_frame_001485.txt
val,/mnt/d/merged_fruit_36_clean_v2/raw_assets_from_zip/Cucumber/istockphoto-2265752775-1024x1024.jpg,/mnt/d/merged_fruit_36_clean_v2/yolo_fruit_dataset/images/val/istockphoto-2265752775-1024x1024.jpg,/mnt/d/merged_fruit_36_clean_v2/yolo_fruit_dataset/labels/val/istockphoto-2265752775-1024x1024.txt
val,/mnt/d/merged_fruit_36_clean_v2/yolo_fruit_dataset/_tmp_frames/apple_fresh_02_real_context_frame_000645.jpg,/mnt/d/merged_fruit_36_clean_v2/yolo_fruit_dataset/images/val/apple_fresh_02_real_context_frame_000645.jpg,/mnt/d/merged_fruit_36_clean_v2/yolo_fruit_dataset/labels/val/apple_fresh_02_real_context_frame_000645.txt
val,/mnt/d/merged_fruit_36_clean_v2/yolo_fruit_dataset/_tmp_frames/tomato_fresh_01_clear_closeup_frame_000450.jpg,/mnt/d/merged_fruit_36_clean_v2/yolo_fruit_dataset/images/val/tomato_fresh_01_clear_closeup_frame_000450.jpg,/mnt/d/merged_fruit_36_clean_v2/yolo_fruit_dataset/labels/val/tomato_fresh_01_clear_closeup_frame_000450.txt
val,/mnt/d/merged_fruit_36_clean_v2/yolo_fruit_dataset/_tmp_frames/orange_rotten_03_hardcase_rotten_frame_000090.jpg,/mnt/d/merged_fruit_36_clean_v2/yolo_fruit_dataset/images/val/orange_rotten_03_hardcase_rotten_frame_000090.jpg,/mnt/d/merged_fruit_36_clean_v2/yolo_fruit_dataset/labels/val/orange_rotten_03_hardcase_rotten_frame_000090.txt
val,/mnt/d/merged_fruit_36_clean_v2/yolo_fruit_dataset/_tmp_frames/banana_rotten_02_black_bruised_rotten_frame_000090.jpg,/mnt/d/merged_fruit_36_clean_v2/yolo_fruit_dataset/images/val/banana_rotten_02_black_bruised_rotten_frame_000090.jpg,/mnt/d/merged_fruit_36_clean_v2/yolo_fruit_dataset/labels/val/banana_rotten_02_black_bruised_rotten_frame_000090.txt
val,/mnt/d/merged_fruit_36_clean_v2/yolo_fruit_dataset/_tmp_frames/tomato_fresh_01_clear_closeup_frame_000195.jpg,/mnt/d/merged_fruit_36_clean_v2/yolo_fruit_dataset/images/val/tomato_fresh_01_clear_closeup_frame_000195.jpg,/mnt/d/merged_fruit_36_clean_v2/yolo_fruit_dataset/labels/val/tomato_fresh_01_clear_closeup_frame_000195.txt
val,/mnt/d/merged_fruit_36_clean_v2/yolo_fruit_dataset/_tmp_frames/mango_rotten_02_black_bruised_rotten_frame_000360.jpg,/mnt/d/merged_fruit_36_clean_v2/yolo_fruit_dataset/images/val/mango_rotten_02_black_bruised_rotten_frame_000360.jpg,/mnt/d/merged_fruit_36_clean_v2/yolo_fruit_dataset/labels/val/mango_rotten_02_black_bruised_rotten_frame_000360.txt
val,/mnt/d/merged_fruit_36_clean_v2/yolo_fruit_dataset/_tmp_frames/cucumber_fresh_01_clear_closeup_frame_000435.jpg,/mnt/d/merged_fruit_36_clean_v2/yolo_fruit_dataset/images/val/cucumber_fresh_01_clear_closeup_frame_000435.jpg,/mnt/d/merged_fruit_36_clean_v2/yolo_fruit_dataset/labels/val/cucumber_fresh_01_clear_closeup_frame_000435.txt
val,/mnt/d/merged_fruit_36_clean_v2/yolo_fruit_dataset/_tmp_frames/tomato_fresh_02_real_context_frame_000195.jpg,/mnt/d/merged_fruit_36_clean_v2/yolo_fruit_dataset/images/val/tomato_fresh_02_real_context_frame_000195.jpg,/mnt/d/merged_fruit_36_clean_v2/yolo_fruit_dataset/labels/val/tomato_fresh_02_real_context_frame_000195.txt
val,/mnt/d/merged_fruit_36_clean_v2/yolo_fruit_dataset/_tmp_frames/peach_fresh_01_clear_closeup_frame_000450.jpg,/mnt/d/merged_fruit_36_clean_v2/yolo_fruit_dataset/images/val/peach_fresh_01_clear_closeup_frame_000450.jpg,/mnt/d/merged_fruit_36_clean_v2/yolo_fruit_dataset/labels/val/peach_fresh_01_clear_closeup_frame_000450.txt
val,/mnt/d/merged_fruit_36_clean_v2/yolo_fruit_dataset/_tmp_frames/carrot_rotten_01_mild_rotten_frame_000630.jpg,/mnt/d/merged_fruit_36_clean_v2/yolo_fruit_dataset/images/val/carrot_rotten_01_mild_rotten_frame_000630.jpg,/mnt/d/merged_fruit_36_clean_v2/yolo_fruit_dataset/labels/val/carrot_rotten_01_mild_rotten_frame_000630.txt
val,/mnt/d/merged_fruit_36_clean_v2/yolo_fruit_dataset/_tmp_frames/bellpepper_rotten_03_hardcase_rotten_frame_000255.jpg,/mnt/d/merged_fruit_36_clean_v2/yolo_fruit_dataset/images/val/bellpepper_rotten_03_hardcase_rotten_frame_000255.jpg,/mnt/d/merged_fruit_36_clean_v2/yolo_fruit_dataset/labels/val/bellpepper_rotten_03_hardcase_rotten_frame_000255.txt
val,/mnt/d/merged_fruit_36_clean_v2/yolo_fruit_dataset/_tmp_frames/potato_rotten_02_sprout_green_rotten_frame_000465.jpg,/mnt/d/merged_fruit_36_clean_v2/yolo_fruit_dataset/images/val/potato_rotten_02_sprout_green_rotten_frame_000465.jpg,/mnt/d/merged_fruit_36_clean_v2/yolo_fruit_dataset/labels/val/potato_rotten_02_sprout_green_rotten_frame_000465.txt
val,/mnt/d/merged_fruit_36_clean_v2/yolo_fruit_dataset/_tmp_frames/tomato_fresh_01_clear_closeup_frame_000465.jpg,/mnt/d/merged_fruit_36_clean_v2/yolo_fruit_dataset/images/val/tomato_fresh_01_clear_closeup_frame_000465.jpg,/mnt/d/merged_fruit_36_clean_v2/yolo_fruit_dataset/labels/val/tomato_fresh_01_clear_closeup_frame_000465.txt
val,/mnt/d/merged_fruit_36_clean_v2/yolo_fruit_dataset/_tmp_frames/strawberry_fresh_01_clear_closeup_frame_000000.jpg,/mnt/d/merged_fruit_36_clean_v2/yolo_fruit_dataset/images/val/strawberry_fresh_01_clear_closeup_frame_000000.jpg,/mnt/d/merged_fruit_36_clean_v2/yolo_fruit_dataset/labels/val/strawberry_fresh_01_clear_closeup_frame_000000.txt
val,/mnt/d/merged_fruit_36_clean_v2/yolo_fruit_dataset/_tmp_frames/avocado_fresh_01_clear_closeup_frame_000360.jpg,/mnt/d/merged_fruit_36_clean_v2/yolo_fruit_dataset/images/val/avocado_fresh_01_clear_closeup_frame_000360.jpg,/mnt/d/merged_fruit_36_clean_v2/yolo_fruit_dataset/labels/val/avocado_fresh_01_clear_closeup_frame_000360.txt
val,/mnt/d/merged_fruit_36_clean_v2/yolo_fruit_dataset/_tmp_frames/mango_rotten_03_hardcase_rotten_frame_000330.jpg,/mnt/d/merged_fruit_36_clean_v2/yolo_fruit_dataset/images/val/mango_rotten_03_hardcase_rotten_frame_000330.jpg,/mnt/d/merged_fruit_36_clean_v2/yolo_fruit_dataset/labels/val/mango_rotten_03_hardcase_rotten_frame_000330.txt
val,/mnt/d/merged_fruit_36_clean_v2/yolo_fruit_dataset/_tmp_frames/banana_fresh_03_hardcase_frame_000285.jpg,/mnt/d/merged_fruit_36_clean_v2/yolo_fruit_dataset/images/val/banana_fresh_03_hardcase_frame_000285.jpg,/mnt/d/merged_fruit_36_clean_v2/yolo_fruit_dataset/labels/val/banana_fresh_03_hardcase_frame_000285.txt
val,/mnt/d/merged_fruit_36_clean_v2/yolo_fruit_dataset/_tmp_frames/potato_fresh_01_clear_closeup_frame_000315.jpg,/mnt/d/merged_fruit_36_clean_v2/yolo_fruit_dataset/images/val/potato_fresh_01_clear_closeup_frame_000315.jpg,/mnt/d/merged_fruit_36_clean_v2/yolo_fruit_dataset/labels/val/potato_fresh_01_clear_closeup_frame_000315.txt
val,/mnt/d/merged_fruit_36_clean_v2/yolo_fruit_dataset/_tmp_frames/avocado_fresh_02_real_context_frame_000015.jpg,/mnt/d/merged_fruit_36_clean_v2/yolo_fruit_dataset/images/val/avocado_fresh_02_real_context_frame_000015.jpg,/mnt/d/merged_fruit_36_clean_v2/yolo_fruit_dataset/labels/val/avocado_fresh_02_real_context_frame_000015.txt
val,/mnt/d/merged_fruit_36_clean_v2/yolo_fruit_dataset/_tmp_frames/bellpepper_rotten_03_hardcase_rotten_frame_000270.jpg,/mnt/d/merged_fruit_36_clean_v2/yolo_fruit_dataset/images/val/bellpepper_rotten_03_hardcase_rotten_frame_000270.jpg,/mnt/d/merged_fruit_36_clean_v2/yolo_fruit_dataset/labels/val/bellpepper_rotten_03_hardcase_rotten_frame_000270.txt
val,/mnt/d/merged_fruit_36_clean_v2/yolo_fruit_dataset/_tmp_frames/banana_fresh_03_hardcase_frame_000435.jpg,/mnt/d/merged_fruit_36_clean_v2/yolo_fruit_dataset/images/val/banana_fresh_03_hardcase_frame_000435.jpg,/mnt/d/merged_fruit_36_clean_v2/yolo_fruit_dataset/labels/val/banana_fresh_03_hardcase_frame_000435.txt
val,/mnt/d/merged_fruit_36_clean_v2/yolo_fruit_dataset/_tmp_frames/banana_fresh_03_hardcase_frame_000585.jpg,/mnt/d/merged_fruit_36_clean_v2/yolo_fruit_dataset/images/val/banana_fresh_03_hardcase_frame_000585.jpg,/mnt/d/merged_fruit_36_clean_v2/yolo_fruit_dataset/labels/val/banana_fresh_03_hardcase_frame_000585.txt
val,/mnt/d/merged_fruit_36_clean_v2/yolo_fruit_dataset/_tmp_frames/tomato_fresh_01_clear_closeup_frame_000345.jpg,/mnt/d/merged_fruit_36_clean_v2/yolo_fruit_dataset/images/val/tomato_fresh_01_clear_closeup_frame_000345.jpg,/mnt/d/merged_fruit_36_clean_v2/yolo_fruit_dataset/labels/val/tomato_fresh_01_clear_closeup_frame_000345.txt
val,/mnt/d/merged_fruit_36_clean_v2/yolo_fruit_dataset/_tmp_frames/avocado_rotten_01_mild_rotten_frame_000345.jpg,/mnt/d/merged_fruit_36_clean_v2/yolo_fruit_dataset/images/val/avocado_rotten_01_mild_rotten_frame_000345.jpg,/mnt/d/merged_fruit_36_clean_v2/yolo_fruit_dataset/labels/val/avocado_rotten_01_mild_rotten_frame_000345.txt
val,/mnt/d/merged_fruit_36_clean_v2/yolo_fruit_dataset/_tmp_frames/grape_rotten_01_mild_rotten_frame_000420.jpg,/mnt/d/merged_fruit_36_clean_v2/yolo_fruit_dataset/images/val/grape_rotten_01_mild_rotten_frame_000420.jpg,/mnt/d/merged_fruit_36_clean_v2/yolo_fruit_dataset/labels/val/grape_rotten_01_mild_rotten_frame_000420.txt
val,/mnt/d/merged_fruit_36_clean_v2/yolo_fruit_dataset/_tmp_frames/avocado_fresh_01_clear_closeup_frame_000255.jpg,/mnt/d/merged_fruit_36_clean_v2/yolo_fruit_dataset/images/val/avocado_fresh_01_clear_closeup_frame_000255.jpg,/mnt/d/merged_fruit_36_clean_v2/yolo_fruit_dataset/labels/val/avocado_fresh_01_clear_closeup_frame_000255.txt
val,/mnt/d/merged_fruit_36_clean_v2/yolo_fruit_dataset/_tmp_frames/tomato_fresh_01_clear_closeup_frame_000045.jpg,/mnt/d/merged_fruit_36_clean_v2/yolo_fruit_dataset/images/val/tomato_fresh_01_clear_closeup_frame_000045.jpg,/mnt/d/merged_fruit_36_clean_v2/yolo_fruit_dataset/labels/val/tomato_fresh_01_clear_closeup_frame_000045.txt
val,/mnt/d/merged_fruit_36_clean_v2/yolo_fruit_dataset/_tmp_frames/apple_rotten_01_mild_rotten_frame_000420.jpg,/mnt/d/merged_fruit_36_clean_v2/yolo_fruit_dataset/images/val/apple_rotten_01_mild_rotten_frame_000420.jpg,/mnt/d/merged_fruit_36_clean_v2/yolo_fruit_dataset/labels/val/apple_rotten_01_mild_rotten_frame_000420.txt
val,/mnt/d/merged_fruit_36_clean_v2/yolo_fruit_dataset/_tmp_frames/bellpepper_fresh_02_real_context_frame_000660.jpg,/mnt/d/merged_fruit_36_clean_v2/yolo_fruit_dataset/images/val/bellpepper_fresh_02_real_context_frame_000660.jpg,/mnt/d/merged_fruit_36_clean_v2/yolo_fruit_dataset/labels/val/bellpepper_fresh_02_real_context_frame_000660.txt
val,/mnt/d/merged_fruit_36_clean_v2/yolo_fruit_dataset/_tmp_frames/guava_fresh_01_clear_closeup_frame_000150.jpg,/mnt/d/merged_fruit_36_clean_v2/yolo_fruit_dataset/images/val/guava_fresh_01_clear_closeup_frame_000150.jpg,/mnt/d/merged_fruit_36_clean_v2/yolo_fruit_dataset/labels/val/guava_fresh_01_clear_closeup_frame_000150.txt
val,/mnt/d/merged_fruit_36_clean_v2/yolo_fruit_dataset/_tmp_frames/guava_rotten_02_mold_bruised_rotten_frame_000210.jpg,/mnt/d/merged_fruit_36_clean_v2/yolo_fruit_dataset/images/val/guava_rotten_02_mold_bruised_rotten_frame_000210.jpg,/mnt/d/merged_fruit_36_clean_v2/yolo_fruit_dataset/labels/val/guava_rotten_02_mold_bruised_rotten_frame_000210.txt
val,/mnt/d/merged_fruit_36_clean_v2/yolo_fruit_dataset/_tmp_frames/carambola_rotten_02_mold_bruised_rotten_frame_000315.jpg,/mnt/d/merged_fruit_36_clean_v2/yolo_fruit_dataset/images/val/carambola_rotten_02_mold_bruised_rotten_frame_000315.jpg,/mnt/d/merged_fruit_36_clean_v2/yolo_fruit_dataset/labels/val/carambola_rotten_02_mold_bruised_rotten_frame_000315.txt
val,/mnt/d/merged_fruit_36_clean_v2/yolo_fruit_dataset/_tmp_frames/mango_rotten_03_hardcase_rotten_frame_000315.jpg,/mnt/d/merged_fruit_36_clean_v2/yolo_fruit_dataset/images/val/mango_rotten_03_hardcase_rotten_frame_000315.jpg,/mnt/d/merged_fruit_36_clean_v2/yolo_fruit_dataset/labels/val/mango_rotten_03_hardcase_rotten_frame_000315.txt
val,/mnt/d/merged_fruit_36_clean_v2/yolo_fruit_dataset/_tmp_frames/peach_fresh_01_clear_closeup_frame_000480.jpg,/mnt/d/merged_fruit_36_clean_v2/yolo_fruit_dataset/images/val/peach_fresh_01_clear_closeup_frame_000480.jpg,/mnt/d/merged_fruit_36_clean_v2/yolo_fruit_dataset/labels/val/peach_fresh_01_clear_closeup_frame_000480.txt
val,/mnt/d/merged_fruit_36_clean_v2/yolo_fruit_dataset/_tmp_frames/orange_fresh_01_clear_closeup_frame_000150.jpg,/mnt/d/merged_fruit_36_clean_v2/yolo_fruit_dataset/images/val/orange_fresh_01_clear_closeup_frame_000150.jpg,/mnt/d/merged_fruit_36_clean_v2/yolo_fruit_dataset/labels/val/orange_fresh_01_clear_closeup_frame_000150.txt
val,/mnt/d/merged_fruit_36_clean_v2/yolo_fruit_dataset/_tmp_frames/banana_fresh_01_clear_closeup_frame_000045.jpg,/mnt/d/merged_fruit_36_clean_v2/yolo_fruit_dataset/images/val/banana_fresh_01_clear_closeup_frame_000045.jpg,/mnt/d/merged_fruit_36_clean_v2/yolo_fruit_dataset/labels/val/banana_fresh_01_clear_closeup_frame_000045.txt
val,/mnt/d/merged_fruit_36_clean_v2/yolo_fruit_dataset/_tmp_frames/carambola_fresh_03_on_tree_hardcase_frame_000045.jpg,/mnt/d/merged_fruit_36_clean_v2/yolo_fruit_dataset/images/val/carambola_fresh_03_on_tree_hardcase_frame_000045.jpg,/mnt/d/merged_fruit_36_clean_v2/yolo_fruit_dataset/labels/val/carambola_fresh_03_on_tree_hardcase_frame_000045.txt
val,/mnt/d/merged_fruit_36_clean_v2/yolo_fruit_dataset/_tmp_frames/bellpepper_rotten_03_hardcase_rotten_frame_000465.jpg,/mnt/d/merged_fruit_36_clean_v2/yolo_fruit_dataset/images/val/bellpepper_rotten_03_hardcase_rotten_frame_000465.jpg,/mnt/d/merged_fruit_36_clean_v2/yolo_fruit_dataset/labels/val/bellpepper_rotten_03_hardcase_rotten_frame_000465.txt
val,/mnt/d/merged_fruit_36_clean_v2/yolo_fruit_dataset/_tmp_frames/jujube_fresh_03_on_tree_hardcase_frame_000345.jpg,/mnt/d/merged_fruit_36_clean_v2/yolo_fruit_dataset/images/val/jujube_fresh_03_on_tree_hardcase_frame_000345.jpg,/mnt/d/merged_fruit_36_clean_v2/yolo_fruit_dataset/labels/val/jujube_fresh_03_on_tree_hardcase_frame_000345.txt
val,/mnt/d/merged_fruit_36_clean_v2/yolo_fruit_dataset/_tmp_frames/carrot_rotten_02_mold_soft_rotten_frame_000750.jpg,/mnt/d/merged_fruit_36_clean_v2/yolo_fruit_dataset/images/val/carrot_rotten_02_mold_soft_rotten_frame_000750.jpg,/mnt/d/merged_fruit_36_clean_v2/yolo_fruit_dataset/labels/val/carrot_rotten_02_mold_soft_rotten_frame_000750.txt
val,/mnt/d/merged_fruit_36_clean_v2/yolo_fruit_dataset/_tmp_frames/potato_fresh_01_clear_closeup_frame_000300.jpg,/mnt/d/merged_fruit_36_clean_v2/yolo_fruit_dataset/images/val/potato_fresh_01_clear_closeup_frame_000300.jpg,/mnt/d/merged_fruit_36_clean_v2/yolo_fruit_dataset/labels/val/potato_fresh_01_clear_closeup_frame_000300.txt
val,/mnt/d/merged_fruit_36_clean_v2/yolo_fruit_dataset/_tmp_frames/jujube_fresh_02_real_context_frame_000030.jpg,/mnt/d/merged_fruit_36_clean_v2/yolo_fruit_dataset/images/val/jujube_fresh_02_real_context_frame_000030.jpg,/mnt/d/merged_fruit_36_clean_v2/yolo_fruit_dataset/labels/val/jujube_fresh_02_real_context_frame_000030.txt
val,/mnt/d/merged_fruit_36_clean_v2/yolo_fruit_dataset/_tmp_frames/potato_rotten_01_mild_rotten_frame_000135.jpg,/mnt/d/merged_fruit_36_clean_v2/yolo_fruit_dataset/images/val/potato_rotten_01_mild_rotten_frame_000135.jpg,/mnt/d/merged_fruit_36_clean_v2/yolo_fruit_dataset/labels/val/potato_rotten_01_mild_rotten_frame_000135.txt
val,/mnt/d/merged_fruit_36_clean_v2/yolo_fruit_dataset/_tmp_frames/orange_fresh_01_clear_closeup_frame_000030.jpg,/mnt/d/merged_fruit_36_clean_v2/yolo_fruit_dataset/images/val/orange_fresh_01_clear_closeup_frame_000030.jpg,/mnt/d/merged_fruit_36_clean_v2/yolo_fruit_dataset/labels/val/orange_fresh_01_clear_closeup_frame_000030.txt
val,/mnt/d/merged_fruit_36_clean_v2/yolo_fruit_dataset/_tmp_frames/avocado_rotten_01_mild_rotten_frame_000240.jpg,/mnt/d/merged_fruit_36_clean_v2/yolo_fruit_dataset/images/val/avocado_rotten_01_mild_rotten_frame_000240.jpg,/mnt/d/merged_fruit_36_clean_v2/yolo_fruit_dataset/labels/val/avocado_rotten_01_mild_rotten_frame_000240.txt
val,/mnt/d/merged_fruit_36_clean_v2/yolo_fruit_dataset/_tmp_frames/grape_fresh_02_real_context_frame_001410.jpg,/mnt/d/merged_fruit_36_clean_v2/yolo_fruit_dataset/images/val/grape_fresh_02_real_context_frame_001410.jpg,/mnt/d/merged_fruit_36_clean_v2/yolo_fruit_dataset/labels/val/grape_fresh_02_real_context_frame_001410.txt
val,/mnt/d/merged_fruit_36_clean_v2/yolo_fruit_dataset/_tmp_frames/peach_fresh_01_clear_closeup_frame_000570.jpg,/mnt/d/merged_fruit_36_clean_v2/yolo_fruit_dataset/images/val/peach_fresh_01_clear_closeup_frame_000570.jpg,/mnt/d/merged_fruit_36_clean_v2/yolo_fruit_dataset/labels/val/peach_fresh_01_clear_closeup_frame_000570.txt
val,/mnt/d/merged_fruit_36_clean_v2/yolo_fruit_dataset/_tmp_frames/mango_rotten_02_black_bruised_rotten_frame_000150.jpg,/mnt/d/merged_fruit_36_clean_v2/yolo_fruit_dataset/images/val/mango_rotten_02_black_bruised_rotten_frame_000150.jpg,/mnt/d/merged_fruit_36_clean_v2/yolo_fruit_dataset/labels/val/mango_rotten_02_black_bruised_rotten_frame_000150.txt
val,/mnt/d/merged_fruit_36_clean_v2/yolo_fruit_dataset/_tmp_frames/avocado_fresh_01_clear_closeup_frame_000330.jpg,/mnt/d/merged_fruit_36_clean_v2/yolo_fruit_dataset/images/val/avocado_fresh_01_clear_closeup_frame_000330.jpg,/mnt/d/merged_fruit_36_clean_v2/yolo_fruit_dataset/labels/val/avocado_fresh_01_clear_closeup_frame_000330.txt
val,/mnt/d/merged_fruit_36_clean_v2/yolo_fruit_dataset/_tmp_frames/banana_rotten_03_hardcase_rotten_frame_000120.jpg,/mnt/d/merged_fruit_36_clean_v2/yolo_fruit_dataset/images/val/banana_rotten_03_hardcase_rotten_frame_000120.jpg,/mnt/d/merged_fruit_36_clean_v2/yolo_fruit_dataset/labels/val/banana_rotten_03_hardcase_rotten_frame_000120.txt
val,/mnt/d/merged_fruit_36_clean_v2/yolo_fruit_dataset/_tmp_frames/grape_fresh_03_on_tree_hardcase_frame_000495.jpg,/mnt/d/merged_fruit_36_clean_v2/yolo_fruit_dataset/images/val/grape_fresh_03_on_tree_hardcase_frame_000495.jpg,/mnt/d/merged_fruit_36_clean_v2/yolo_fruit_dataset/labels/val/grape_fresh_03_on_tree_hardcase_frame_000495.txt
val,/mnt/d/merged_fruit_36_clean_v2/yolo_fruit_dataset/_tmp_frames/grape_fresh_02_real_context_frame_001185.jpg,/mnt/d/merged_fruit_36_clean_v2/yolo_fruit_dataset/images/val/grape_fresh_02_real_context_frame_001185.jpg,/mnt/d/merged_fruit_36_clean_v2/yolo_fruit_dataset/labels/val/grape_fresh_02_real_context_frame_001185.txt
val,/mnt/d/merged_fruit_36_clean_v2/yolo_fruit_dataset/_tmp_frames/grape_fresh_01_clear_closeup_frame_000795.jpg,/mnt/d/merged_fruit_36_clean_v2/yolo_fruit_dataset/images/val/grape_fresh_01_clear_closeup_frame_000795.jpg,/mnt/d/merged_fruit_36_clean_v2/yolo_fruit_dataset/labels/val/grape_fresh_01_clear_closeup_frame_000795.txt
val,/mnt/d/merged_fruit_36_clean_v2/yolo_fruit_dataset/_tmp_frames/mango_fresh_01_clear_closeup_frame_000240.jpg,/mnt/d/merged_fruit_36_clean_v2/yolo_fruit_dataset/images/val/mango_fresh_01_clear_closeup_frame_000240.jpg,/mnt/d/merged_fruit_36_clean_v2/yolo_fruit_dataset/labels/val/mango_fresh_01_clear_closeup_frame_000240.txt
val,/mnt/d/merged_fruit_36_clean_v2/yolo_fruit_dataset/_tmp_frames/carrot_fresh_03_hardcase_frame_000000.jpg,/mnt/d/merged_fruit_36_clean_v2/yolo_fruit_dataset/images/val/carrot_fresh_03_hardcase_frame_000000.jpg,/mnt/d/merged_fruit_36_clean_v2/yolo_fruit_dataset/labels/val/carrot_fresh_03_hardcase_frame_000000.txt
val,/mnt/d/merged_fruit_36_clean_v2/yolo_fruit_dataset/_tmp_frames/carrot_rotten_02_mold_soft_rotten_frame_000390.jpg,/mnt/d/merged_fruit_36_clean_v2/yolo_fruit_dataset/images/val/carrot_rotten_02_mold_soft_rotten_frame_000390.jpg,/mnt/d/merged_fruit_36_clean_v2/yolo_fruit_dataset/labels/val/carrot_rotten_02_mold_soft_rotten_frame_000390.txt
val,/mnt/d/merged_fruit_36_clean_v2/yolo_fruit_dataset/_tmp_frames/carambola_rotten_01_mild_rotten_frame_000015.jpg,/mnt/d/merged_fruit_36_clean_v2/yolo_fruit_dataset/images/val/carambola_rotten_01_mild_rotten_frame_000015.jpg,/mnt/d/merged_fruit_36_clean_v2/yolo_fruit_dataset/labels/val/carambola_rotten_01_mild_rotten_frame_000015.txt
val,/mnt/d/merged_fruit_36_clean_v2/yolo_fruit_dataset/_tmp_frames/carrot_fresh_03_hardcase_frame_000120.jpg,/mnt/d/merged_fruit_36_clean_v2/yolo_fruit_dataset/images/val/carrot_fresh_03_hardcase_frame_000120.jpg,/mnt/d/merged_fruit_36_clean_v2/yolo_fruit_dataset/labels/val/carrot_fresh_03_hardcase_frame_000120.txt
val,/mnt/d/merged_fruit_36_clean_v2/yolo_fruit_dataset/_tmp_frames/mango_fresh_01_clear_closeup_frame_000225.jpg,/mnt/d/merged_fruit_36_clean_v2/yolo_fruit_dataset/images/val/mango_fresh_01_clear_closeup_frame_000225.jpg,/mnt/d/merged_fruit_36_clean_v2/yolo_fruit_dataset/labels/val/mango_fresh_01_clear_closeup_frame_000225.txt
val,/mnt/d/merged_fruit_36_clean_v2/yolo_fruit_dataset/_tmp_frames/strawberry_fresh_01_clear_closeup_frame_000120.jpg,/mnt/d/merged_fruit_36_clean_v2/yolo_fruit_dataset/images/val/strawberry_fresh_01_clear_closeup_frame_000120.jpg,/mnt/d/merged_fruit_36_clean_v2/yolo_fruit_dataset/labels/val/strawberry_fresh_01_clear_closeup_frame_000120.txt
val,/mnt/d/merged_fruit_36_clean_v2/yolo_fruit_dataset/_tmp_frames/mango_fresh_01_clear_closeup_frame_000045.jpg,/mnt/d/merged_fruit_36_clean_v2/yolo_fruit_dataset/images/val/mango_fresh_01_clear_closeup_frame_000045.jpg,/mnt/d/merged_fruit_36_clean_v2/yolo_fruit_dataset/labels/val/mango_fresh_01_clear_closeup_frame_000045.txt
val,/mnt/d/merged_fruit_36_clean_v2/yolo_fruit_dataset/_tmp_frames/peach_rotten_02_mold_bruised_rotten_frame_000270.jpg,/mnt/d/merged_fruit_36_clean_v2/yolo_fruit_dataset/images/val/peach_rotten_02_mold_bruised_rotten_frame_000270.jpg,/mnt/d/merged_fruit_36_clean_v2/yolo_fruit_dataset/labels/val/peach_rotten_02_mold_bruised_rotten_frame_000270.txt
val,/mnt/d/merged_fruit_36_clean_v2/yolo_fruit_dataset/_tmp_frames/carambola_fresh_01_clear_closeup_frame_000090.jpg,/mnt/d/merged_fruit_36_clean_v2/yolo_fruit_dataset/images/val/carambola_fresh_01_clear_closeup_frame_000090.jpg,/mnt/d/merged_fruit_36_clean_v2/yolo_fruit_dataset/labels/val/carambola_fresh_01_clear_closeup_frame_000090.txt
val,/mnt/d/merged_fruit_36_clean_v2/yolo_fruit_dataset/_tmp_frames/guava_fresh_01_clear_closeup_frame_000405.jpg,/mnt/d/merged_fruit_36_clean_v2/yolo_fruit_dataset/images/val/guava_fresh_01_clear_closeup_frame_000405.jpg,/mnt/d/merged_fruit_36_clean_v2/yolo_fruit_dataset/labels/val/guava_fresh_01_clear_closeup_frame_000405.txt
val,/mnt/d/merged_fruit_36_clean_v2/yolo_fruit_dataset/_tmp_frames/guava_fresh_01_clear_closeup_frame_000135.jpg,/mnt/d/merged_fruit_36_clean_v2/yolo_fruit_dataset/images/val/guava_fresh_01_clear_closeup_frame_000135.jpg,/mnt/d/merged_fruit_36_clean_v2/yolo_fruit_dataset/labels/val/guava_fresh_01_clear_closeup_frame_000135.txt
val,/mnt/d/merged_fruit_36_clean_v2/yolo_fruit_dataset/_tmp_frames/banana_fresh_03_hardcase_frame_001080.jpg,/mnt/d/merged_fruit_36_clean_v2/yolo_fruit_dataset/images/val/banana_fresh_03_hardcase_frame_001080.jpg,/mnt/d/merged_fruit_36_clean_v2/yolo_fruit_dataset/labels/val/banana_fresh_03_hardcase_frame_001080.txt
val,/mnt/d/merged_fruit_36_clean_v2/yolo_fruit_dataset/_tmp_frames/potato_fresh_02_real_context_frame_000180.jpg,/mnt/d/merged_fruit_36_clean_v2/yolo_fruit_dataset/images/val/potato_fresh_02_real_context_frame_000180.jpg,/mnt/d/merged_fruit_36_clean_v2/yolo_fruit_dataset/labels/val/potato_fresh_02_real_context_frame_000180.txt
val,/mnt/d/merged_fruit_36_clean_v2/yolo_fruit_dataset/_tmp_frames/lemon_fresh_03_cut_open_hardcase_frame_000090.jpg,/mnt/d/merged_fruit_36_clean_v2/yolo_fruit_dataset/images/val/lemon_fresh_03_cut_open_hardcase_frame_000090.jpg,/mnt/d/merged_fruit_36_clean_v2/yolo_fruit_dataset/labels/val/lemon_fresh_03_cut_open_hardcase_frame_000090.txt
val,/mnt/d/merged_fruit_36_clean_v2/yolo_fruit_dataset/_tmp_frames/carambola_fresh_03_on_tree_hardcase_frame_000165.jpg,/mnt/d/merged_fruit_36_clean_v2/yolo_fruit_dataset/images/val/carambola_fresh_03_on_tree_hardcase_frame_000165.jpg,/mnt/d/merged_fruit_36_clean_v2/yolo_fruit_dataset/labels/val/carambola_fresh_03_on_tree_hardcase_frame_000165.txt
val,/mnt/d/merged_fruit_36_clean_v2/yolo_fruit_dataset/_tmp_frames/orange_rotten_03_hardcase_rotten_frame_000120.jpg,/mnt/d/merged_fruit_36_clean_v2/yolo_fruit_dataset/images/val/orange_rotten_03_hardcase_rotten_frame_000120.jpg,/mnt/d/merged_fruit_36_clean_v2/yolo_fruit_dataset/labels/val/orange_rotten_03_hardcase_rotten_frame_000120.txt
val,/mnt/d/merged_fruit_36_clean_v2/yolo_fruit_dataset/_tmp_frames/cucumber_fresh_03_cut_open_hardcase_frame_000105.jpg,/mnt/d/merged_fruit_36_clean_v2/yolo_fruit_dataset/images/val/cucumber_fresh_03_cut_open_hardcase_frame_000105.jpg,/mnt/d/merged_fruit_36_clean_v2/yolo_fruit_dataset/labels/val/cucumber_fresh_03_cut_open_hardcase_frame_000105.txt
val,/mnt/d/merged_fruit_36_clean_v2/yolo_fruit_dataset/_tmp_frames/banana_rotten_01_mild_rotten_frame_000300.jpg,/mnt/d/merged_fruit_36_clean_v2/yolo_fruit_dataset/images/val/banana_rotten_01_mild_rotten_frame_000300.jpg,/mnt/d/merged_fruit_36_clean_v2/yolo_fruit_dataset/labels/val/banana_rotten_01_mild_rotten_frame_000300.txt
val,/mnt/d/merged_fruit_36_clean_v2/yolo_fruit_dataset/_tmp_frames/potato_fresh_02_real_context_frame_000075.jpg,/mnt/d/merged_fruit_36_clean_v2/yolo_fruit_dataset/images/val/potato_fresh_02_real_context_frame_000075.jpg,/mnt/d/merged_fruit_36_clean_v2/yolo_fruit_dataset/labels/val/potato_fresh_02_real_context_frame_000075.txt
val,/mnt/d/merged_fruit_36_clean_v2/yolo_fruit_dataset/_tmp_frames/grape_fresh_01_clear_closeup_frame_001125.jpg,/mnt/d/merged_fruit_36_clean_v2/yolo_fruit_dataset/images/val/grape_fresh_01_clear_closeup_frame_001125.jpg,/mnt/d/merged_fruit_36_clean_v2/yolo_fruit_dataset/labels/val/grape_fresh_01_clear_closeup_frame_001125.txt
val,/mnt/d/merged_fruit_36_clean_v2/yolo_fruit_dataset/_tmp_frames/pomegranate_fresh_01_clear_closeup_frame_000300.jpg,/mnt/d/merged_fruit_36_clean_v2/yolo_fruit_dataset/images/val/pomegranate_fresh_01_clear_closeup_frame_000300.jpg,/mnt/d/merged_fruit_36_clean_v2/yolo_fruit_dataset/labels/val/pomegranate_fresh_01_clear_closeup_frame_000300.txt
val,/mnt/d/merged_fruit_36_clean_v2/yolo_fruit_dataset/_tmp_frames/banana_fresh_03_hardcase_frame_001440.jpg,/mnt/d/merged_fruit_36_clean_v2/yolo_fruit_dataset/images/val/banana_fresh_03_hardcase_frame_001440.jpg,/mnt/d/merged_fruit_36_clean_v2/yolo_fruit_dataset/labels/val/banana_fresh_03_hardcase_frame_001440.txt
val,/mnt/d/merged_fruit_36_clean_v2/yolo_fruit_dataset/_tmp_frames/grape_fresh_01_clear_closeup_frame_000570.jpg,/mnt/d/merged_fruit_36_clean_v2/yolo_fruit_dataset/images/val/grape_fresh_01_clear_closeup_frame_000570.jpg,/mnt/d/merged_fruit_36_clean_v2/yolo_fruit_dataset/labels/val/grape_fresh_01_clear_closeup_frame_000570.txt
val,/mnt/d/merged_fruit_36_clean_v2/yolo_fruit_dataset/_tmp_frames/grape_fresh_02_real_context_frame_001140.jpg,/mnt/d/merged_fruit_36_clean_v2/yolo_fruit_dataset/images/val/grape_fresh_02_real_context_frame_001140.jpg,/mnt/d/merged_fruit_36_clean_v2/yolo_fruit_dataset/labels/val/grape_fresh_02_real_context_frame_001140.txt
val,/mnt/d/merged_fruit_36_clean_v2/yolo_fruit_dataset/_tmp_frames/avocado_fresh_01_clear_closeup_frame_000000.jpg,/mnt/d/merged_fruit_36_clean_v2/yolo_fruit_dataset/images/val/avocado_fresh_01_clear_closeup_frame_000000.jpg,/mnt/d/merged_fruit_36_clean_v2/yolo_fruit_dataset/labels/val/avocado_fresh_01_clear_closeup_frame_000000.txt
val,/mnt/d/merged_fruit_36_clean_v2/yolo_fruit_dataset/_tmp_frames/carambola_rotten_02_mold_bruised_rotten_frame_000030.jpg,/mnt/d/merged_fruit_36_clean_v2/yolo_fruit_dataset/images/val/carambola_rotten_02_mold_bruised_rotten_frame_000030.jpg,/mnt/d/merged_fruit_36_clean_v2/yolo_fruit_dataset/labels/val/carambola_rotten_02_mold_bruised_rotten_frame_000030.txt
val,/mnt/d/merged_fruit_36_clean_v2/yolo_fruit_dataset/_tmp_frames/carambola_rotten_02_mold_bruised_rotten_frame_000360.jpg,/mnt/d/merged_fruit_36_clean_v2/yolo_fruit_dataset/images/val/carambola_rotten_02_mold_bruised_rotten_frame_000360.jpg,/mnt/d/merged_fruit_36_clean_v2/yolo_fruit_dataset/labels/val/carambola_rotten_02_mold_bruised_rotten_frame_000360.txt
val,/mnt/d/merged_fruit_36_clean_v2/yolo_fruit_dataset/_tmp_frames/cucumber_fresh_02_real_context_frame_000015.jpg,/mnt/d/merged_fruit_36_clean_v2/yolo_fruit_dataset/images/val/cucumber_fresh_02_real_context_frame_000015.jpg,/mnt/d/merged_fruit_36_clean_v2/yolo_fruit_dataset/labels/val/cucumber_fresh_02_real_context_frame_000015.txt
val,/mnt/d/merged_fruit_36_clean_v2/yolo_fruit_dataset/_tmp_frames/bellpepper_fresh_02_real_context_frame_000030.jpg,/mnt/d/merged_fruit_36_clean_v2/yolo_fruit_dataset/images/val/bellpepper_fresh_02_real_context_frame_000030.jpg,/mnt/d/merged_fruit_36_clean_v2/yolo_fruit_dataset/labels/val/bellpepper_fresh_02_real_context_frame_000030.txt
val,/mnt/d/merged_fruit_36_clean_v2/yolo_fruit_dataset/_tmp_frames/pomegranate_rotten_01_mild_rotten_frame_000210.jpg,/mnt/d/merged_fruit_36_clean_v2/yolo_fruit_dataset/images/val/pomegranate_rotten_01_mild_rotten_frame_000210.jpg,/mnt/d/merged_fruit_36_clean_v2/yolo_fruit_dataset/labels/val/pomegranate_rotten_01_mild_rotten_frame_000210.txt
val,/mnt/d/merged_fruit_36_clean_v2/yolo_fruit_dataset/_tmp_frames/grape_fresh_03_on_tree_hardcase_frame_000630.jpg,/mnt/d/merged_fruit_36_clean_v2/yolo_fruit_dataset/images/val/grape_fresh_03_on_tree_hardcase_frame_000630.jpg,/mnt/d/merged_fruit_36_clean_v2/yolo_fruit_dataset/labels/val/grape_fresh_03_on_tree_hardcase_frame_000630.txt
val,/mnt/d/merged_fruit_36_clean_v2/yolo_fruit_dataset/_tmp_frames/avocado_rotten_03_hardcase_rotten_frame_000135.jpg,/mnt/d/merged_fruit_36_clean_v2/yolo_fruit_dataset/images/val/avocado_rotten_03_hardcase_rotten_frame_000135.jpg,/mnt/d/merged_fruit_36_clean_v2/yolo_fruit_dataset/labels/val/avocado_rotten_03_hardcase_rotten_frame_000135.txt
val,/mnt/d/merged_fruit_36_clean_v2/yolo_fruit_dataset/_tmp_frames/grape_fresh_01_clear_closeup_frame_000615.jpg,/mnt/d/merged_fruit_36_clean_v2/yolo_fruit_dataset/images/val/grape_fresh_01_clear_closeup_frame_000615.jpg,/mnt/d/merged_fruit_36_clean_v2/yolo_fruit_dataset/labels/val/grape_fresh_01_clear_closeup_frame_000615.txt
val,/mnt/d/merged_fruit_36_clean_v2/yolo_fruit_dataset/_tmp_frames/banana_fresh_03_hardcase_frame_001245.jpg,/mnt/d/merged_fruit_36_clean_v2/yolo_fruit_dataset/images/val/banana_fresh_03_hardcase_frame_001245.jpg,/mnt/d/merged_fruit_36_clean_v2/yolo_fruit_dataset/labels/val/banana_fresh_03_hardcase_frame_001245.txt
val,/mnt/d/merged_fruit_36_clean_v2/yolo_fruit_dataset/_tmp_frames/peach_fresh_01_clear_closeup_frame_000180.jpg,/mnt/d/merged_fruit_36_clean_v2/yolo_fruit_dataset/images/val/peach_fresh_01_clear_closeup_frame_000180.jpg,/mnt/d/merged_fruit_36_clean_v2/yolo_fruit_dataset/labels/val/peach_fresh_01_clear_closeup_frame_000180.txt
val,/mnt/d/merged_fruit_36_clean_v2/yolo_fruit_dataset/_tmp_frames/grape_fresh_01_clear_closeup_frame_000405.jpg,/mnt/d/merged_fruit_36_clean_v2/yolo_fruit_dataset/images/val/grape_fresh_01_clear_closeup_frame_000405.jpg,/mnt/d/merged_fruit_36_clean_v2/yolo_fruit_dataset/labels/val/grape_fresh_01_clear_closeup_frame_000405.txt
val,/mnt/d/merged_fruit_36_clean_v2/yolo_fruit_dataset/_tmp_frames/grape_fresh_01_clear_closeup_frame_000045.jpg,/mnt/d/merged_fruit_36_clean_v2/yolo_fruit_dataset/images/val/grape_fresh_01_clear_closeup_frame_000045.jpg,/mnt/d/merged_fruit_36_clean_v2/yolo_fruit_dataset/labels/val/grape_fresh_01_clear_closeup_frame_000045.txt
val,/mnt/d/merged_fruit_36_clean_v2/yolo_fruit_dataset/_tmp_frames/carambola_rotten_02_mold_bruised_rotten_frame_000600.jpg,/mnt/d/merged_fruit_36_clean_v2/yolo_fruit_dataset/images/val/carambola_rotten_02_mold_bruised_rotten_frame_000600.jpg,/mnt/d/merged_fruit_36_clean_v2/yolo_fruit_dataset/labels/val/carambola_rotten_02_mold_bruised_rotten_frame_000600.txt
val,/mnt/d/merged_fruit_36_clean_v2/yolo_fruit_dataset/_tmp_frames/peach_rotten_02_mold_bruised_rotten_frame_000345.jpg,/mnt/d/merged_fruit_36_clean_v2/yolo_fruit_dataset/images/val/peach_rotten_02_mold_bruised_rotten_frame_000345.jpg,/mnt/d/merged_fruit_36_clean_v2/yolo_fruit_dataset/labels/val/peach_rotten_02_mold_bruised_rotten_frame_000345.txt
val,/mnt/d/merged_fruit_36_clean_v2/yolo_fruit_dataset/_tmp_frames/banana_fresh_03_hardcase_frame_000060.jpg,/mnt/d/merged_fruit_36_clean_v2/yolo_fruit_dataset/images/val/banana_fresh_03_hardcase_frame_000060.jpg,/mnt/d/merged_fruit_36_clean_v2/yolo_fruit_dataset/labels/val/banana_fresh_03_hardcase_frame_000060.txt
val,/mnt/d/merged_fruit_36_clean_v2/yolo_fruit_dataset/_tmp_frames/grape_fresh_02_real_context_frame_001065.jpg,/mnt/d/merged_fruit_36_clean_v2/yolo_fruit_dataset/images/val/grape_fresh_02_real_context_frame_001065.jpg,/mnt/d/merged_fruit_36_clean_v2/yolo_fruit_dataset/labels/val/grape_fresh_02_real_context_frame_001065.txt
val,/mnt/d/merged_fruit_36_clean_v2/yolo_fruit_dataset/_tmp_frames/grape_rotten_01_mild_rotten_frame_000195.jpg,/mnt/d/merged_fruit_36_clean_v2/yolo_fruit_dataset/images/val/grape_rotten_01_mild_rotten_frame_000195.jpg,/mnt/d/merged_fruit_36_clean_v2/yolo_fruit_dataset/labels/val/grape_rotten_01_mild_rotten_frame_000195.txt
val,/mnt/d/merged_fruit_36_clean_v2/yolo_fruit_dataset/_tmp_frames/carrot_fresh_02_real_context_frame_000210.jpg,/mnt/d/merged_fruit_36_clean_v2/yolo_fruit_dataset/images/val/carrot_fresh_02_real_context_frame_000210.jpg,/mnt/d/merged_fruit_36_clean_v2/yolo_fruit_dataset/labels/val/carrot_fresh_02_real_context_frame_000210.txt
val,/mnt/d/merged_fruit_36_clean_v2/yolo_fruit_dataset/_tmp_frames/orange_rotten_02_mold_soft_rotten_frame_000120.jpg,/mnt/d/merged_fruit_36_clean_v2/yolo_fruit_dataset/images/val/orange_rotten_02_mold_soft_rotten_frame_000120.jpg,/mnt/d/merged_fruit_36_clean_v2/yolo_fruit_dataset/labels/val/orange_rotten_02_mold_soft_rotten_frame_000120.txt
val,/mnt/d/merged_fruit_36_clean_v2/yolo_fruit_dataset/_tmp_frames/carrot_rotten_01_mild_rotten_frame_000570.jpg,/mnt/d/merged_fruit_36_clean_v2/yolo_fruit_dataset/images/val/carrot_rotten_01_mild_rotten_frame_000570.jpg,/mnt/d/merged_fruit_36_clean_v2/yolo_fruit_dataset/labels/val/carrot_rotten_01_mild_rotten_frame_000570.txt
val,/mnt/d/merged_fruit_36_clean_v2/yolo_fruit_dataset/_tmp_frames/mango_rotten_02_black_bruised_rotten_frame_000135.jpg,/mnt/d/merged_fruit_36_clean_v2/yolo_fruit_dataset/images/val/mango_rotten_02_black_bruised_rotten_frame_000135.jpg,/mnt/d/merged_fruit_36_clean_v2/yolo_fruit_dataset/labels/val/mango_rotten_02_black_bruised_rotten_frame_000135.txt
val,/mnt/d/merged_fruit_36_clean_v2/yolo_fruit_dataset/_tmp_frames/grape_fresh_02_real_context_frame_001335.jpg,/mnt/d/merged_fruit_36_clean_v2/yolo_fruit_dataset/images/val/grape_fresh_02_real_context_frame_001335.jpg,/mnt/d/merged_fruit_36_clean_v2/yolo_fruit_dataset/labels/val/grape_fresh_02_real_context_frame_001335.txt
val,/mnt/d/merged_fruit_36_clean_v2/yolo_fruit_dataset/_tmp_frames/peach_fresh_01_clear_closeup_frame_000735.jpg,/mnt/d/merged_fruit_36_clean_v2/yolo_fruit_dataset/images/val/peach_fresh_01_clear_closeup_frame_000735.jpg,/mnt/d/merged_fruit_36_clean_v2/yolo_fruit_dataset/labels/val/peach_fresh_01_clear_closeup_frame_000735.txt
val,/mnt/d/merged_fruit_36_clean_v2/yolo_fruit_dataset/_tmp_frames/grape_rotten_02_mold_bruised_rotten_frame_000090.jpg,/mnt/d/merged_fruit_36_clean_v2/yolo_fruit_dataset/images/val/grape_rotten_02_mold_bruised_rotten_frame_000090.jpg,/mnt/d/merged_fruit_36_clean_v2/yolo_fruit_dataset/labels/val/grape_rotten_02_mold_bruised_rotten_frame_000090.txt
val,/mnt/d/merged_fruit_36_clean_v2/yolo_fruit_dataset/_tmp_frames/avocado_rotten_02_black_inside_rotten_frame_000390.jpg,/mnt/d/merged_fruit_36_clean_v2/yolo_fruit_dataset/images/val/avocado_rotten_02_black_inside_rotten_frame_000390.jpg,/mnt/d/merged_fruit_36_clean_v2/yolo_fruit_dataset/labels/val/avocado_rotten_02_black_inside_rotten_frame_000390.txt
val,/mnt/d/merged_fruit_36_clean_v2/yolo_fruit_dataset/_tmp_frames/carambola_rotten_02_mold_bruised_rotten_frame_000420.jpg,/mnt/d/merged_fruit_36_clean_v2/yolo_fruit_dataset/images/val/carambola_rotten_02_mold_bruised_rotten_frame_000420.jpg,/mnt/d/merged_fruit_36_clean_v2/yolo_fruit_dataset/labels/val/carambola_rotten_02_mold_bruised_rotten_frame_000420.txt
val,/mnt/d/merged_fruit_36_clean_v2/yolo_fruit_dataset/_tmp_frames/avocado_rotten_03_hardcase_rotten_frame_000270.jpg,/mnt/d/merged_fruit_36_clean_v2/yolo_fruit_dataset/images/val/avocado_rotten_03_hardcase_rotten_frame_000270.jpg,/mnt/d/merged_fruit_36_clean_v2/yolo_fruit_dataset/labels/val/avocado_rotten_03_hardcase_rotten_frame_000270.txt
val,/mnt/d/merged_fruit_36_clean_v2/yolo_fruit_dataset/_tmp_frames/lemon_fresh_03_cut_open_hardcase_frame_000360.jpg,/mnt/d/merged_fruit_36_clean_v2/yolo_fruit_dataset/images/val/lemon_fresh_03_cut_open_hardcase_frame_000360.jpg,/mnt/d/merged_fruit_36_clean_v2/yolo_fruit_dataset/labels/val/lemon_fresh_03_cut_open_hardcase_frame_000360.txt
val,/mnt/d/merged_fruit_36_clean_v2/yolo_fruit_dataset/_tmp_frames/peach_rotten_02_mold_bruised_rotten_frame_000030.jpg,/mnt/d/merged_fruit_36_clean_v2/yolo_fruit_dataset/images/val/peach_rotten_02_mold_bruised_rotten_frame_000030.jpg,/mnt/d/merged_fruit_36_clean_v2/yolo_fruit_dataset/labels/val/peach_rotten_02_mold_bruised_rotten_frame_000030.txt
val,/mnt/d/merged_fruit_36_clean_v2/yolo_fruit_dataset/_tmp_frames/peach_rotten_02_mold_bruised_rotten_frame_000390.jpg,/mnt/d/merged_fruit_36_clean_v2/yolo_fruit_dataset/images/val/peach_rotten_02_mold_bruised_rotten_frame_000390.jpg,/mnt/d/merged_fruit_36_clean_v2/yolo_fruit_dataset/labels/val/peach_rotten_02_mold_bruised_rotten_frame_000390.txt
val,/mnt/d/merged_fruit_36_clean_v2/yolo_fruit_dataset/_tmp_frames/banana_fresh_03_hardcase_frame_000225.jpg,/mnt/d/merged_fruit_36_clean_v2/yolo_fruit_dataset/images/val/banana_fresh_03_hardcase_frame_000225.jpg,/mnt/d/merged_fruit_36_clean_v2/yolo_fruit_dataset/labels/val/banana_fresh_03_hardcase_frame_000225.txt
val,/mnt/d/merged_fruit_36_clean_v2/yolo_fruit_dataset/_tmp_frames/avocado_fresh_01_clear_closeup_frame_000225.jpg,/mnt/d/merged_fruit_36_clean_v2/yolo_fruit_dataset/images/val/avocado_fresh_01_clear_closeup_frame_000225.jpg,/mnt/d/merged_fruit_36_clean_v2/yolo_fruit_dataset/labels/val/avocado_fresh_01_clear_closeup_frame_000225.txt
val,/mnt/d/merged_fruit_36_clean_v2/yolo_fruit_dataset/_tmp_frames/cucumber_fresh_03_cut_open_hardcase_frame_000060.jpg,/mnt/d/merged_fruit_36_clean_v2/yolo_fruit_dataset/images/val/cucumber_fresh_03_cut_open_hardcase_frame_000060.jpg,/mnt/d/merged_fruit_36_clean_v2/yolo_fruit_dataset/labels/val/cucumber_fresh_03_cut_open_hardcase_frame_000060.txt
val,/mnt/d/merged_fruit_36_clean_v2/yolo_fruit_dataset/_tmp_frames/mango_rotten_03_hardcase_rotten_frame_000360.jpg,/mnt/d/merged_fruit_36_clean_v2/yolo_fruit_dataset/images/val/mango_rotten_03_hardcase_rotten_frame_000360.jpg,/mnt/d/merged_fruit_36_clean_v2/yolo_fruit_dataset/labels/val/mango_rotten_03_hardcase_rotten_frame_000360.txt
val,/mnt/d/merged_fruit_36_clean_v2/yolo_fruit_dataset/_tmp_frames/orange_rotten_03_hardcase_rotten_frame_000075.jpg,/mnt/d/merged_fruit_36_clean_v2/yolo_fruit_dataset/images/val/orange_rotten_03_hardcase_rotten_frame_000075.jpg,/mnt/d/merged_fruit_36_clean_v2/yolo_fruit_dataset/labels/val/orange_rotten_03_hardcase_rotten_frame_000075.txt
val,/mnt/d/merged_fruit_36_clean_v2/yolo_fruit_dataset/_tmp_frames/bellpepper_rotten_03_hardcase_rotten_frame_000450.jpg,/mnt/d/merged_fruit_36_clean_v2/yolo_fruit_dataset/images/val/bellpepper_rotten_03_hardcase_rotten_frame_000450.jpg,/mnt/d/merged_fruit_36_clean_v2/yolo_fruit_dataset/labels/val/bellpepper_rotten_03_hardcase_rotten_frame_000450.txt
val,/mnt/d/merged_fruit_36_clean_v2/yolo_fruit_dataset/_tmp_frames/cucumber_fresh_01_clear_closeup_frame_000045.jpg,/mnt/d/merged_fruit_36_clean_v2/yolo_fruit_dataset/images/val/cucumber_fresh_01_clear_closeup_frame_000045.jpg,/mnt/d/merged_fruit_36_clean_v2/yolo_fruit_dataset/labels/val/cucumber_fresh_01_clear_closeup_frame_000045.txt
val,/mnt/d/merged_fruit_36_clean_v2/yolo_fruit_dataset/_tmp_frames/orange_rotten_02_mold_soft_rotten_frame_000480.jpg,/mnt/d/merged_fruit_36_clean_v2/yolo_fruit_dataset/images/val/orange_rotten_02_mold_soft_rotten_frame_000480.jpg,/mnt/d/merged_fruit_36_clean_v2/yolo_fruit_dataset/labels/val/orange_rotten_02_mold_soft_rotten_frame_000480.txt
val,/mnt/d/merged_fruit_36_clean_v2/yolo_fruit_dataset/_tmp_frames/carrot_rotten_02_mold_soft_rotten_frame_000510.jpg,/mnt/d/merged_fruit_36_clean_v2/yolo_fruit_dataset/images/val/carrot_rotten_02_mold_soft_rotten_frame_000510.jpg,/mnt/d/merged_fruit_36_clean_v2/yolo_fruit_dataset/labels/val/carrot_rotten_02_mold_soft_rotten_frame_000510.txt
val,/mnt/d/merged_fruit_36_clean_v2/yolo_fruit_dataset/_tmp_frames/guava_rotten_01_mild_rotten_frame_000255.jpg,/mnt/d/merged_fruit_36_clean_v2/yolo_fruit_dataset/images/val/guava_rotten_01_mild_rotten_frame_000255.jpg,/mnt/d/merged_fruit_36_clean_v2/yolo_fruit_dataset/labels/val/guava_rotten_01_mild_rotten_frame_000255.txt
val,/mnt/d/merged_fruit_36_clean_v2/yolo_fruit_dataset/_tmp_frames/guava_fresh_01_clear_closeup_frame_000390.jpg,/mnt/d/merged_fruit_36_clean_v2/yolo_fruit_dataset/images/val/guava_fresh_01_clear_closeup_frame_000390.jpg,/mnt/d/merged_fruit_36_clean_v2/yolo_fruit_dataset/labels/val/guava_fresh_01_clear_closeup_frame_000390.txt
val,/mnt/d/merged_fruit_36_clean_v2/yolo_fruit_dataset/_tmp_frames/grape_fresh_01_clear_closeup_frame_000240.jpg,/mnt/d/merged_fruit_36_clean_v2/yolo_fruit_dataset/images/val/grape_fresh_01_clear_closeup_frame_000240.jpg,/mnt/d/merged_fruit_36_clean_v2/yolo_fruit_dataset/labels/val/grape_fresh_01_clear_closeup_frame_000240.txt
val,/mnt/d/merged_fruit_36_clean_v2/yolo_fruit_dataset/_tmp_frames/carrot_rotten_02_mold_soft_rotten_frame_000645.jpg,/mnt/d/merged_fruit_36_clean_v2/yolo_fruit_dataset/images/val/carrot_rotten_02_mold_soft_rotten_frame_000645.jpg,/mnt/d/merged_fruit_36_clean_v2/yolo_fruit_dataset/labels/val/carrot_rotten_02_mold_soft_rotten_frame_000645.txt
val,/mnt/d/merged_fruit_36_clean_v2/yolo_fruit_dataset/_tmp_frames/lemon_fresh_03_cut_open_hardcase_frame_000465.jpg,/mnt/d/merged_fruit_36_clean_v2/yolo_fruit_dataset/images/val/lemon_fresh_03_cut_open_hardcase_frame_000465.jpg,/mnt/d/merged_fruit_36_clean_v2/yolo_fruit_dataset/labels/val/lemon_fresh_03_cut_open_hardcase_frame_000465.txt
val,/mnt/d/merged_fruit_36_clean_v2/yolo_fruit_dataset/_tmp_frames/mango_rotten_02_black_bruised_rotten_frame_000345.jpg,/mnt/d/merged_fruit_36_clean_v2/yolo_fruit_dataset/images/val/mango_rotten_02_black_bruised_rotten_frame_000345.jpg,/mnt/d/merged_fruit_36_clean_v2/yolo_fruit_dataset/labels/val/mango_rotten_02_black_bruised_rotten_frame_000345.txt
val,/mnt/d/merged_fruit_36_clean_v2/yolo_fruit_dataset/_tmp_frames/apple_fresh_02_real_context_frame_000585.jpg,/mnt/d/merged_fruit_36_clean_v2/yolo_fruit_dataset/images/val/apple_fresh_02_real_context_frame_000585.jpg,/mnt/d/merged_fruit_36_clean_v2/yolo_fruit_dataset/labels/val/apple_fresh_02_real_context_frame_000585.txt
val,/mnt/d/merged_fruit_36_clean_v2/yolo_fruit_dataset/_tmp_frames/bellpepper_rotten_03_hardcase_rotten_frame_000180.jpg,/mnt/d/merged_fruit_36_clean_v2/yolo_fruit_dataset/images/val/bellpepper_rotten_03_hardcase_rotten_frame_000180.jpg,/mnt/d/merged_fruit_36_clean_v2/yolo_fruit_dataset/labels/val/bellpepper_rotten_03_hardcase_rotten_frame_000180.txt
val,/mnt/d/merged_fruit_36_clean_v2/yolo_fruit_dataset/_tmp_frames/jujube_fresh_01_clear_closeup_frame_000120.jpg,/mnt/d/merged_fruit_36_clean_v2/yolo_fruit_dataset/images/val/jujube_fresh_01_clear_closeup_frame_000120.jpg,/mnt/d/merged_fruit_36_clean_v2/yolo_fruit_dataset/labels/val/jujube_fresh_01_clear_closeup_frame_000120.txt
val,/mnt/d/merged_fruit_36_clean_v2/yolo_fruit_dataset/_tmp_frames/guava_fresh_02_real_context_frame_000255.jpg,/mnt/d/merged_fruit_36_clean_v2/yolo_fruit_dataset/images/val/guava_fresh_02_real_context_frame_000255.jpg,/mnt/d/merged_fruit_36_clean_v2/yolo_fruit_dataset/labels/val/guava_fresh_02_real_context_frame_000255.txt
val,/mnt/d/merged_fruit_36_clean_v2/yolo_fruit_dataset/_tmp_frames/carambola_fresh_01_clear_closeup_frame_000135.jpg,/mnt/d/merged_fruit_36_clean_v2/yolo_fruit_dataset/images/val/carambola_fresh_01_clear_closeup_frame_000135.jpg,/mnt/d/merged_fruit_36_clean_v2/yolo_fruit_dataset/labels/val/carambola_fresh_01_clear_closeup_frame_000135.txt
val,/mnt/d/merged_fruit_36_clean_v2/yolo_fruit_dataset/_tmp_frames/grape_fresh_02_real_context_frame_000360.jpg,/mnt/d/merged_fruit_36_clean_v2/yolo_fruit_dataset/images/val/grape_fresh_02_real_context_frame_000360.jpg,/mnt/d/merged_fruit_36_clean_v2/yolo_fruit_dataset/labels/val/grape_fresh_02_real_context_frame_000360.txt
val,/mnt/d/merged_fruit_36_clean_v2/yolo_fruit_dataset/_tmp_frames/orange_rotten_02_mold_soft_rotten_frame_000510.jpg,/mnt/d/merged_fruit_36_clean_v2/yolo_fruit_dataset/images/val/orange_rotten_02_mold_soft_rotten_frame_000510.jpg,/mnt/d/merged_fruit_36_clean_v2/yolo_fruit_dataset/labels/val/orange_rotten_02_mold_soft_rotten_frame_000510.txt
val,/mnt/d/merged_fruit_36_clean_v2/yolo_fruit_dataset/_tmp_frames/pomegranate_rotten_01_mild_rotten_frame_000030.jpg,/mnt/d/merged_fruit_36_clean_v2/yolo_fruit_dataset/images/val/pomegranate_rotten_01_mild_rotten_frame_000030.jpg,/mnt/d/merged_fruit_36_clean_v2/yolo_fruit_dataset/labels/val/pomegranate_rotten_01_mild_rotten_frame_000030.txt
val,/mnt/d/merged_fruit_36_clean_v2/yolo_fruit_dataset/_tmp_frames/banana_fresh_03_hardcase_frame_000810.jpg,/mnt/d/merged_fruit_36_clean_v2/yolo_fruit_dataset/images/val/banana_fresh_03_hardcase_frame_000810.jpg,/mnt/d/merged_fruit_36_clean_v2/yolo_fruit_dataset/labels/val/banana_fresh_03_hardcase_frame_000810.txt
val,/mnt/d/merged_fruit_36_clean_v2/yolo_fruit_dataset/_tmp_frames/strawberry_rotten_01_mild_rotten_frame_000210.jpg,/mnt/d/merged_fruit_36_clean_v2/yolo_fruit_dataset/images/val/strawberry_rotten_01_mild_rotten_frame_000210.jpg,/mnt/d/merged_fruit_36_clean_v2/yolo_fruit_dataset/labels/val/strawberry_rotten_01_mild_rotten_frame_000210.txt
val,/mnt/d/merged_fruit_36_clean_v2/yolo_fruit_dataset/_tmp_frames/cucumber_fresh_01_clear_closeup_frame_000075.jpg,/mnt/d/merged_fruit_36_clean_v2/yolo_fruit_dataset/images/val/cucumber_fresh_01_clear_closeup_frame_000075.jpg,/mnt/d/merged_fruit_36_clean_v2/yolo_fruit_dataset/labels/val/cucumber_fresh_01_clear_closeup_frame_000075.txt
val,/mnt/d/merged_fruit_36_clean_v2/yolo_fruit_dataset/_tmp_frames/lemon_rotten_01_mild_rotten_frame_000060.jpg,/mnt/d/merged_fruit_36_clean_v2/yolo_fruit_dataset/images/val/lemon_rotten_01_mild_rotten_frame_000060.jpg,/mnt/d/merged_fruit_36_clean_v2/yolo_fruit_dataset/labels/val/lemon_rotten_01_mild_rotten_frame_000060.txt
val,/mnt/d/merged_fruit_36_clean_v2/yolo_fruit_dataset/_tmp_frames/grape_fresh_01_clear_closeup_frame_001320.jpg,/mnt/d/merged_fruit_36_clean_v2/yolo_fruit_dataset/images/val/grape_fresh_01_clear_closeup_frame_001320.jpg,/mnt/d/merged_fruit_36_clean_v2/yolo_fruit_dataset/labels/val/grape_fresh_01_clear_closeup_frame_001320.txt
val,/mnt/d/merged_fruit_36_clean_v2/yolo_fruit_dataset/_tmp_frames/grape_fresh_03_on_tree_hardcase_frame_000105.jpg,/mnt/d/merged_fruit_36_clean_v2/yolo_fruit_dataset/images/val/grape_fresh_03_on_tree_hardcase_frame_000105.jpg,/mnt/d/merged_fruit_36_clean_v2/yolo_fruit_dataset/labels/val/grape_fresh_03_on_tree_hardcase_frame_000105.txt
val,/mnt/d/merged_fruit_36_clean_v2/yolo_fruit_dataset/_tmp_frames/banana_rotten_03_hardcase_rotten_frame_000225.jpg,/mnt/d/merged_fruit_36_clean_v2/yolo_fruit_dataset/images/val/banana_rotten_03_hardcase_rotten_frame_000225.jpg,/mnt/d/merged_fruit_36_clean_v2/yolo_fruit_dataset/labels/val/banana_rotten_03_hardcase_rotten_frame_000225.txt
val,/mnt/d/merged_fruit_36_clean_v2/yolo_fruit_dataset/_tmp_frames/strawberry_fresh_03_hardcase_frame_000015.jpg,/mnt/d/merged_fruit_36_clean_v2/yolo_fruit_dataset/images/val/strawberry_fresh_03_hardcase_frame_000015.jpg,/mnt/d/merged_fruit_36_clean_v2/yolo_fruit_dataset/labels/val/strawberry_fresh_03_hardcase_frame_000015.txt
val,/mnt/d/merged_fruit_36_clean_v2/yolo_fruit_dataset/_tmp_frames/apple_rotten_01_mild_rotten_frame_000480.jpg,/mnt/d/merged_fruit_36_clean_v2/yolo_fruit_dataset/images/val/apple_rotten_01_mild_rotten_frame_000480.jpg,/mnt/d/merged_fruit_36_clean_v2/yolo_fruit_dataset/labels/val/apple_rotten_01_mild_rotten_frame_000480.txt
val,/mnt/d/merged_fruit_36_clean_v2/yolo_fruit_dataset/_tmp_frames/potato_rotten_02_sprout_green_rotten_frame_000675.jpg,/mnt/d/merged_fruit_36_clean_v2/yolo_fruit_dataset/images/val/potato_rotten_02_sprout_green_rotten_frame_000675.jpg,/mnt/d/merged_fruit_36_clean_v2/yolo_fruit_dataset/labels/val/potato_rotten_02_sprout_green_rotten_frame_000675.txt
val,/mnt/d/merged_fruit_36_clean_v2/yolo_fruit_dataset/_tmp_frames/bellpepper_rotten_03_hardcase_rotten_frame_000015.jpg,/mnt/d/merged_fruit_36_clean_v2/yolo_fruit_dataset/images/val/bellpepper_rotten_03_hardcase_rotten_frame_000015.jpg,/mnt/d/merged_fruit_36_clean_v2/yolo_fruit_dataset/labels/val/bellpepper_rotten_03_hardcase_rotten_frame_000015.txt
val,/mnt/d/merged_fruit_36_clean_v2/yolo_fruit_dataset/_tmp_frames/cucumber_fresh_03_cut_open_hardcase_frame_000150.jpg,/mnt/d/merged_fruit_36_clean_v2/yolo_fruit_dataset/images/val/cucumber_fresh_03_cut_open_hardcase_frame_000150.jpg,/mnt/d/merged_fruit_36_clean_v2/yolo_fruit_dataset/labels/val/cucumber_fresh_03_cut_open_hardcase_frame_000150.txt
val,/mnt/d/merged_fruit_36_clean_v2/yolo_fruit_dataset/_tmp_frames/grape_fresh_02_real_context_frame_000405.jpg,/mnt/d/merged_fruit_36_clean_v2/yolo_fruit_dataset/images/val/grape_fresh_02_real_context_frame_000405.jpg,/mnt/d/merged_fruit_36_clean_v2/yolo_fruit_dataset/labels/val/grape_fresh_02_real_context_frame_000405.txt
val,/mnt/d/merged_fruit_36_clean_v2/yolo_fruit_dataset/_tmp_frames/lemon_rotten_01_mild_rotten_frame_000120.jpg,/mnt/d/merged_fruit_36_clean_v2/yolo_fruit_dataset/images/val/lemon_rotten_01_mild_rotten_frame_000120.jpg,/mnt/d/merged_fruit_36_clean_v2/yolo_fruit_dataset/labels/val/lemon_rotten_01_mild_rotten_frame_000120.txt
val,/mnt/d/merged_fruit_36_clean_v2/yolo_fruit_dataset/_tmp_frames/grape_fresh_02_real_context_frame_000540.jpg,/mnt/d/merged_fruit_36_clean_v2/yolo_fruit_dataset/images/val/grape_fresh_02_real_context_frame_000540.jpg,/mnt/d/merged_fruit_36_clean_v2/yolo_fruit_dataset/labels/val/grape_fresh_02_real_context_frame_000540.txt
val,/mnt/d/merged_fruit_36_clean_v2/yolo_fruit_dataset/_tmp_frames/apple_fresh_03_hardcase_frame_000030.jpg,/mnt/d/merged_fruit_36_clean_v2/yolo_fruit_dataset/images/val/apple_fresh_03_hardcase_frame_000030.jpg,/mnt/d/merged_fruit_36_clean_v2/yolo_fruit_dataset/labels/val/apple_fresh_03_hardcase_frame_000030.txt
val,/mnt/d/merged_fruit_36_clean_v2/yolo_fruit_dataset/_tmp_frames/carrot_rotten_02_mold_soft_rotten_frame_000405.jpg,/mnt/d/merged_fruit_36_clean_v2/yolo_fruit_dataset/images/val/carrot_rotten_02_mold_soft_rotten_frame_000405.jpg,/mnt/d/merged_fruit_36_clean_v2/yolo_fruit_dataset/labels/val/carrot_rotten_02_mold_soft_rotten_frame_000405.txt
val,/mnt/d/merged_fruit_36_clean_v2/yolo_fruit_dataset/_tmp_frames/tomato_fresh_01_clear_closeup_frame_000420.jpg,/mnt/d/merged_fruit_36_clean_v2/yolo_fruit_dataset/images/val/tomato_fresh_01_clear_closeup_frame_000420.jpg,/mnt/d/merged_fruit_36_clean_v2/yolo_fruit_dataset/labels/val/tomato_fresh_01_clear_closeup_frame_000420.txt
val,/mnt/d/merged_fruit_36_clean_v2/yolo_fruit_dataset/_tmp_frames/carrot_rotten_02_mold_soft_rotten_frame_000555.jpg,/mnt/d/merged_fruit_36_clean_v2/yolo_fruit_dataset/images/val/carrot_rotten_02_mold_soft_rotten_frame_000555.jpg,/mnt/d/merged_fruit_36_clean_v2/yolo_fruit_dataset/labels/val/carrot_rotten_02_mold_soft_rotten_frame_000555.txt
val,/mnt/d/merged_fruit_36_clean_v2/yolo_fruit_dataset/_tmp_frames/carrot_rotten_01_mild_rotten_frame_000000.jpg,/mnt/d/merged_fruit_36_clean_v2/yolo_fruit_dataset/images/val/carrot_rotten_01_mild_rotten_frame_000000.jpg,/mnt/d/merged_fruit_36_clean_v2/yolo_fruit_dataset/labels/val/carrot_rotten_01_mild_rotten_frame_000000.txt
val,/mnt/d/merged_fruit_36_clean_v2/yolo_fruit_dataset/_tmp_frames/bellpepper_fresh_02_real_context_frame_000150.jpg,/mnt/d/merged_fruit_36_clean_v2/yolo_fruit_dataset/images/val/bellpepper_fresh_02_real_context_frame_000150.jpg,/mnt/d/merged_fruit_36_clean_v2/yolo_fruit_dataset/labels/val/bellpepper_fresh_02_real_context_frame_000150.txt
val,/mnt/d/merged_fruit_36_clean_v2/yolo_fruit_dataset/_tmp_frames/cucumber_fresh_01_clear_closeup_frame_000225.jpg,/mnt/d/merged_fruit_36_clean_v2/yolo_fruit_dataset/images/val/cucumber_fresh_01_clear_closeup_frame_000225.jpg,/mnt/d/merged_fruit_36_clean_v2/yolo_fruit_dataset/labels/val/cucumber_fresh_01_clear_closeup_frame_000225.txt
val,/mnt/d/merged_fruit_36_clean_v2/yolo_fruit_dataset/_tmp_frames/banana_rotten_02_black_bruised_rotten_frame_000330.jpg,/mnt/d/merged_fruit_36_clean_v2/yolo_fruit_dataset/images/val/banana_rotten_02_black_bruised_rotten_frame_000330.jpg,/mnt/d/merged_fruit_36_clean_v2/yolo_fruit_dataset/labels/val/banana_rotten_02_black_bruised_rotten_frame_000330.txt
val,/mnt/d/merged_fruit_36_clean_v2/yolo_fruit_dataset/_tmp_frames/grape_rotten_02_mold_bruised_rotten_frame_000030.jpg,/mnt/d/merged_fruit_36_clean_v2/yolo_fruit_dataset/images/val/grape_rotten_02_mold_bruised_rotten_frame_000030.jpg,/mnt/d/merged_fruit_36_clean_v2/yolo_fruit_dataset/labels/val/grape_rotten_02_mold_bruised_rotten_frame_000030.txt
val,/mnt/d/merged_fruit_36_clean_v2/yolo_fruit_dataset/_tmp_frames/mango_fresh_01_clear_closeup_frame_000000.jpg,/mnt/d/merged_fruit_36_clean_v2/yolo_fruit_dataset/images/val/mango_fresh_01_clear_closeup_frame_000000.jpg,/mnt/d/merged_fruit_36_clean_v2/yolo_fruit_dataset/labels/val/mango_fresh_01_clear_closeup_frame_000000.txt
val,/mnt/d/merged_fruit_36_clean_v2/yolo_fruit_dataset/_tmp_frames/peach_fresh_01_clear_closeup_frame_000315.jpg,/mnt/d/merged_fruit_36_clean_v2/yolo_fruit_dataset/images/val/peach_fresh_01_clear_closeup_frame_000315.jpg,/mnt/d/merged_fruit_36_clean_v2/yolo_fruit_dataset/labels/val/peach_fresh_01_clear_closeup_frame_000315.txt
val,/mnt/d/merged_fruit_36_clean_v2/raw_assets_from_zip/Cucumber/istockphoto-1300853315-1024x1024.jpg,/mnt/d/merged_fruit_36_clean_v2/yolo_fruit_dataset/images/val/istockphoto-1300853315-1024x1024.jpg,/mnt/d/merged_fruit_36_clean_v2/yolo_fruit_dataset/labels/val/istockphoto-1300853315-1024x1024.txt
val,/mnt/d/merged_fruit_36_clean_v2/yolo_fruit_dataset/_tmp_frames/avocado_fresh_03_cut_open_hardcase_frame_000255.jpg,/mnt/d/merged_fruit_36_clean_v2/yolo_fruit_dataset/images/val/avocado_fresh_03_cut_open_hardcase_frame_000255.jpg,/mnt/d/merged_fruit_36_clean_v2/yolo_fruit_dataset/labels/val/avocado_fresh_03_cut_open_hardcase_frame_000255.txt
val,/mnt/d/merged_fruit_36_clean_v2/yolo_fruit_dataset/_tmp_frames/strawberry_fresh_03_hardcase_frame_000165.jpg,/mnt/d/merged_fruit_36_clean_v2/yolo_fruit_dataset/images/val/strawberry_fresh_03_hardcase_frame_000165.jpg,/mnt/d/merged_fruit_36_clean_v2/yolo_fruit_dataset/labels/val/strawberry_fresh_03_hardcase_frame_000165.txt
val,/mnt/d/merged_fruit_36_clean_v2/yolo_fruit_dataset/_tmp_frames/guava_fresh_02_real_context_frame_000120.jpg,/mnt/d/merged_fruit_36_clean_v2/yolo_fruit_dataset/images/val/guava_fresh_02_real_context_frame_000120.jpg,/mnt/d/merged_fruit_36_clean_v2/yolo_fruit_dataset/labels/val/guava_fresh_02_real_context_frame_000120.txt
val,/mnt/d/merged_fruit_36_clean_v2/yolo_fruit_dataset/_tmp_frames/guava_rotten_02_mold_bruised_rotten_frame_000030.jpg,/mnt/d/merged_fruit_36_clean_v2/yolo_fruit_dataset/images/val/guava_rotten_02_mold_bruised_rotten_frame_000030.jpg,/mnt/d/merged_fruit_36_clean_v2/yolo_fruit_dataset/labels/val/guava_rotten_02_mold_bruised_rotten_frame_000030.txt
val,/mnt/d/merged_fruit_36_clean_v2/yolo_fruit_dataset/_tmp_frames/orange_rotten_03_hardcase_rotten_frame_000165.jpg,/mnt/d/merged_fruit_36_clean_v2/yolo_fruit_dataset/images/val/orange_rotten_03_hardcase_rotten_frame_000165.jpg,/mnt/d/merged_fruit_36_clean_v2/yolo_fruit_dataset/labels/val/orange_rotten_03_hardcase_rotten_frame_000165.txt
val,/mnt/d/merged_fruit_36_clean_v2/yolo_fruit_dataset/_tmp_frames/carambola_rotten_02_mold_bruised_rotten_frame_000945.jpg,/mnt/d/merged_fruit_36_clean_v2/yolo_fruit_dataset/images/val/carambola_rotten_02_mold_bruised_rotten_frame_000945.jpg,/mnt/d/merged_fruit_36_clean_v2/yolo_fruit_dataset/labels/val/carambola_rotten_02_mold_bruised_rotten_frame_000945.txt
val,/mnt/d/merged_fruit_36_clean_v2/yolo_fruit_dataset/_tmp_frames/apple_fresh_01_clear_closeup_frame_000090.jpg,/mnt/d/merged_fruit_36_clean_v2/yolo_fruit_dataset/images/val/apple_fresh_01_clear_closeup_frame_000090.jpg,/mnt/d/merged_fruit_36_clean_v2/yolo_fruit_dataset/labels/val/apple_fresh_01_clear_closeup_frame_000090.txt
val,/mnt/d/merged_fruit_36_clean_v2/yolo_fruit_dataset/_tmp_frames/lemon_rotten_01_mild_rotten_frame_000135.jpg,/mnt/d/merged_fruit_36_clean_v2/yolo_fruit_dataset/images/val/lemon_rotten_01_mild_rotten_frame_000135.jpg,/mnt/d/merged_fruit_36_clean_v2/yolo_fruit_dataset/labels/val/lemon_rotten_01_mild_rotten_frame_000135.txt
val,/mnt/d/merged_fruit_36_clean_v2/yolo_fruit_dataset/_tmp_frames/bellpepper_fresh_03_cut_open_hardcase_frame_000345.jpg,/mnt/d/merged_fruit_36_clean_v2/yolo_fruit_dataset/images/val/bellpepper_fresh_03_cut_open_hardcase_frame_000345.jpg,/mnt/d/merged_fruit_36_clean_v2/yolo_fruit_dataset/labels/val/bellpepper_fresh_03_cut_open_hardcase_frame_000345.txt
val,/mnt/d/merged_fruit_36_clean_v2/yolo_fruit_dataset/_tmp_frames/apple_fresh_03_hardcase_frame_000195.jpg,/mnt/d/merged_fruit_36_clean_v2/yolo_fruit_dataset/images/val/apple_fresh_03_hardcase_frame_000195.jpg,/mnt/d/merged_fruit_36_clean_v2/yolo_fruit_dataset/labels/val/apple_fresh_03_hardcase_frame_000195.txt
val,/mnt/d/merged_fruit_36_clean_v2/yolo_fruit_dataset/_tmp_frames/guava_fresh_03_on_tree_hardcase_frame_000255.jpg,/mnt/d/merged_fruit_36_clean_v2/yolo_fruit_dataset/images/val/guava_fresh_03_on_tree_hardcase_frame_000255.jpg,/mnt/d/merged_fruit_36_clean_v2/yolo_fruit_dataset/labels/val/guava_fresh_03_on_tree_hardcase_frame_000255.txt
val,/mnt/d/merged_fruit_36_clean_v2/yolo_fruit_dataset/_tmp_frames/strawberry_fresh_03_hardcase_frame_000150.jpg,/mnt/d/merged_fruit_36_clean_v2/yolo_fruit_dataset/images/val/strawberry_fresh_03_hardcase_frame_000150.jpg,/mnt/d/merged_fruit_36_clean_v2/yolo_fruit_dataset/labels/val/strawberry_fresh_03_hardcase_frame_000150.txt
val,/mnt/d/merged_fruit_36_clean_v2/yolo_fruit_dataset/_tmp_frames/potato_rotten_01_mild_rotten_frame_000000.jpg,/mnt/d/merged_fruit_36_clean_v2/yolo_fruit_dataset/images/val/potato_rotten_01_mild_rotten_frame_000000.jpg,/mnt/d/merged_fruit_36_clean_v2/yolo_fruit_dataset/labels/val/potato_rotten_01_mild_rotten_frame_000000.txt
val,/mnt/d/merged_fruit_36_clean_v2/yolo_fruit_dataset/_tmp_frames/grape_rotten_01_mild_rotten_frame_000300.jpg,/mnt/d/merged_fruit_36_clean_v2/yolo_fruit_dataset/images/val/grape_rotten_01_mild_rotten_frame_000300.jpg,/mnt/d/merged_fruit_36_clean_v2/yolo_fruit_dataset/labels/val/grape_rotten_01_mild_rotten_frame_000300.txt
val,/mnt/d/merged_fruit_36_clean_v2/yolo_fruit_dataset/_tmp_frames/apple_fresh_02_real_context_frame_000225.jpg,/mnt/d/merged_fruit_36_clean_v2/yolo_fruit_dataset/images/val/apple_fresh_02_real_context_frame_000225.jpg,/mnt/d/merged_fruit_36_clean_v2/yolo_fruit_dataset/labels/val/apple_fresh_02_real_context_frame_000225.txt
val,/mnt/d/merged_fruit_36_clean_v2/raw_assets_from_zip/Cucumber/istockphoto-487121331-1024x1024.jpg,/mnt/d/merged_fruit_36_clean_v2/yolo_fruit_dataset/images/val/istockphoto-487121331-1024x1024.jpg,/mnt/d/merged_fruit_36_clean_v2/yolo_fruit_dataset/labels/val/istockphoto-487121331-1024x1024.txt
val,/mnt/d/merged_fruit_36_clean_v2/yolo_fruit_dataset/_tmp_frames/grape_fresh_02_real_context_frame_000210.jpg,/mnt/d/merged_fruit_36_clean_v2/yolo_fruit_dataset/images/val/grape_fresh_02_real_context_frame_000210.jpg,/mnt/d/merged_fruit_36_clean_v2/yolo_fruit_dataset/labels/val/grape_fresh_02_real_context_frame_000210.txt
val,/mnt/d/merged_fruit_36_clean_v2/yolo_fruit_dataset/_tmp_frames/peach_fresh_01_clear_closeup_frame_000015.jpg,/mnt/d/merged_fruit_36_clean_v2/yolo_fruit_dataset/images/val/peach_fresh_01_clear_closeup_frame_000015.jpg,/mnt/d/merged_fruit_36_clean_v2/yolo_fruit_dataset/labels/val/peach_fresh_01_clear_closeup_frame_000015.txt
val,/mnt/d/merged_fruit_36_clean_v2/yolo_fruit_dataset/_tmp_frames/mango_rotten_02_black_bruised_rotten_frame_000255.jpg,/mnt/d/merged_fruit_36_clean_v2/yolo_fruit_dataset/images/val/mango_rotten_02_black_bruised_rotten_frame_000255.jpg,/mnt/d/merged_fruit_36_clean_v2/yolo_fruit_dataset/labels/val/mango_rotten_02_black_bruised_rotten_frame_000255.txt
val,/mnt/d/merged_fruit_36_clean_v2/yolo_fruit_dataset/_tmp_frames/orange_rotten_01_mild_rotten_frame_000345.jpg,/mnt/d/merged_fruit_36_clean_v2/yolo_fruit_dataset/images/val/orange_rotten_01_mild_rotten_frame_000345.jpg,/mnt/d/merged_fruit_36_clean_v2/yolo_fruit_dataset/labels/val/orange_rotten_01_mild_rotten_frame_000345.txt
val,/mnt/d/merged_fruit_36_clean_v2/yolo_fruit_dataset/_tmp_frames/banana_rotten_01_mild_rotten_frame_000195.jpg,/mnt/d/merged_fruit_36_clean_v2/yolo_fruit_dataset/images/val/banana_rotten_01_mild_rotten_frame_000195.jpg,/mnt/d/merged_fruit_36_clean_v2/yolo_fruit_dataset/labels/val/banana_rotten_01_mild_rotten_frame_000195.txt
val,/mnt/d/merged_fruit_36_clean_v2/yolo_fruit_dataset/_tmp_frames/orange_fresh_01_clear_closeup_frame_000210.jpg,/mnt/d/merged_fruit_36_clean_v2/yolo_fruit_dataset/images/val/orange_fresh_01_clear_closeup_frame_000210.jpg,/mnt/d/merged_fruit_36_clean_v2/yolo_fruit_dataset/labels/val/orange_fresh_01_clear_closeup_frame_000210.txt
val,/mnt/d/merged_fruit_36_clean_v2/yolo_fruit_dataset/_tmp_frames/carrot_rotten_01_mild_rotten_frame_000405.jpg,/mnt/d/merged_fruit_36_clean_v2/yolo_fruit_dataset/images/val/carrot_rotten_01_mild_rotten_frame_000405.jpg,/mnt/d/merged_fruit_36_clean_v2/yolo_fruit_dataset/labels/val/carrot_rotten_01_mild_rotten_frame_000405.txt
val,/mnt/d/merged_fruit_36_clean_v2/yolo_fruit_dataset/_tmp_frames/apple_fresh_03_hardcase_frame_000000.jpg,/mnt/d/merged_fruit_36_clean_v2/yolo_fruit_dataset/images/val/apple_fresh_03_hardcase_frame_000000.jpg,/mnt/d/merged_fruit_36_clean_v2/yolo_fruit_dataset/labels/val/apple_fresh_03_hardcase_frame_000000.txt
val,/mnt/d/merged_fruit_36_clean_v2/yolo_fruit_dataset/_tmp_frames/banana_rotten_03_hardcase_rotten_frame_000345.jpg,/mnt/d/merged_fruit_36_clean_v2/yolo_fruit_dataset/images/val/banana_rotten_03_hardcase_rotten_frame_000345.jpg,/mnt/d/merged_fruit_36_clean_v2/yolo_fruit_dataset/labels/val/banana_rotten_03_hardcase_rotten_frame_000345.txt
val,/mnt/d/merged_fruit_36_clean_v2/yolo_fruit_dataset/_tmp_frames/banana_rotten_02_black_bruised_rotten_frame_000315.jpg,/mnt/d/merged_fruit_36_clean_v2/yolo_fruit_dataset/images/val/banana_rotten_02_black_bruised_rotten_frame_000315.jpg,/mnt/d/merged_fruit_36_clean_v2/yolo_fruit_dataset/labels/val/banana_rotten_02_black_bruised_rotten_frame_000315.txt
val,/mnt/d/merged_fruit_36_clean_v2/yolo_fruit_dataset/_tmp_frames/cucumber_fresh_01_clear_closeup_frame_000000.jpg,/mnt/d/merged_fruit_36_clean_v2/yolo_fruit_dataset/images/val/cucumber_fresh_01_clear_closeup_frame_000000.jpg,/mnt/d/merged_fruit_36_clean_v2/yolo_fruit_dataset/labels/val/cucumber_fresh_01_clear_closeup_frame_000000.txt
val,/mnt/d/merged_fruit_36_clean_v2/yolo_fruit_dataset/_tmp_frames/jujube_fresh_01_clear_closeup_frame_000105.jpg,/mnt/d/merged_fruit_36_clean_v2/yolo_fruit_dataset/images/val/jujube_fresh_01_clear_closeup_frame_000105.jpg,/mnt/d/merged_fruit_36_clean_v2/yolo_fruit_dataset/labels/val/jujube_fresh_01_clear_closeup_frame_000105.txt
val,/mnt/d/merged_fruit_36_clean_v2/yolo_fruit_dataset/_tmp_frames/tomato_fresh_02_real_context_frame_000255.jpg,/mnt/d/merged_fruit_36_clean_v2/yolo_fruit_dataset/images/val/tomato_fresh_02_real_context_frame_000255.jpg,/mnt/d/merged_fruit_36_clean_v2/yolo_fruit_dataset/labels/val/tomato_fresh_02_real_context_frame_000255.txt
val,/mnt/d/merged_fruit_36_clean_v2/yolo_fruit_dataset/_tmp_frames/guava_rotten_01_mild_rotten_frame_000015.jpg,/mnt/d/merged_fruit_36_clean_v2/yolo_fruit_dataset/images/val/guava_rotten_01_mild_rotten_frame_000015.jpg,/mnt/d/merged_fruit_36_clean_v2/yolo_fruit_dataset/labels/val/guava_rotten_01_mild_rotten_frame_000015.txt
val,/mnt/d/merged_fruit_36_clean_v2/yolo_fruit_dataset/_tmp_frames/tomato_rotten_01_mild_rotten_frame_000150.jpg,/mnt/d/merged_fruit_36_clean_v2/yolo_fruit_dataset/images/val/tomato_rotten_01_mild_rotten_frame_000150.jpg,/mnt/d/merged_fruit_36_clean_v2/yolo_fruit_dataset/labels/val/tomato_rotten_01_mild_rotten_frame_000150.txt
val,/mnt/d/merged_fruit_36_clean_v2/yolo_fruit_dataset/_tmp_frames/carambola_fresh_03_on_tree_hardcase_frame_000390.jpg,/mnt/d/merged_fruit_36_clean_v2/yolo_fruit_dataset/images/val/carambola_fresh_03_on_tree_hardcase_frame_000390.jpg,/mnt/d/merged_fruit_36_clean_v2/yolo_fruit_dataset/labels/val/carambola_fresh_03_on_tree_hardcase_frame_000390.txt
val,/mnt/d/merged_fruit_36_clean_v2/yolo_fruit_dataset/_tmp_frames/pomegranate_fresh_03_cut_open_hardcase_frame_000300.jpg,/mnt/d/merged_fruit_36_clean_v2/yolo_fruit_dataset/images/val/pomegranate_fresh_03_cut_open_hardcase_frame_000300.jpg,/mnt/d/merged_fruit_36_clean_v2/yolo_fruit_dataset/labels/val/pomegranate_fresh_03_cut_open_hardcase_frame_000300.txt
val,/mnt/d/merged_fruit_36_clean_v2/yolo_fruit_dataset/_tmp_frames/lemon_rotten_01_mild_rotten_frame_000090.jpg,/mnt/d/merged_fruit_36_clean_v2/yolo_fruit_dataset/images/val/lemon_rotten_01_mild_rotten_frame_000090.jpg,/mnt/d/merged_fruit_36_clean_v2/yolo_fruit_dataset/labels/val/lemon_rotten_01_mild_rotten_frame_000090.txt
val,/mnt/d/merged_fruit_36_clean_v2/yolo_fruit_dataset/_tmp_frames/apple_fresh_02_real_context_frame_000270.jpg,/mnt/d/merged_fruit_36_clean_v2/yolo_fruit_dataset/images/val/apple_fresh_02_real_context_frame_000270.jpg,/mnt/d/merged_fruit_36_clean_v2/yolo_fruit_dataset/labels/val/apple_fresh_02_real_context_frame_000270.txt
val,/mnt/d/merged_fruit_36_clean_v2/yolo_fruit_dataset/_tmp_frames/apple_fresh_02_real_context_frame_000615.jpg,/mnt/d/merged_fruit_36_clean_v2/yolo_fruit_dataset/images/val/apple_fresh_02_real_context_frame_000615.jpg,/mnt/d/merged_fruit_36_clean_v2/yolo_fruit_dataset/labels/val/apple_fresh_02_real_context_frame_000615.txt
val,/mnt/d/merged_fruit_36_clean_v2/yolo_fruit_dataset/_tmp_frames/apple_rotten_01_mild_rotten_frame_000225.jpg,/mnt/d/merged_fruit_36_clean_v2/yolo_fruit_dataset/images/val/apple_rotten_01_mild_rotten_frame_000225.jpg,/mnt/d/merged_fruit_36_clean_v2/yolo_fruit_dataset/labels/val/apple_rotten_01_mild_rotten_frame_000225.txt
val,/mnt/d/merged_fruit_36_clean_v2/yolo_fruit_dataset/_tmp_frames/tomato_rotten_02_soft_mold_rotten_frame_000420.jpg,/mnt/d/merged_fruit_36_clean_v2/yolo_fruit_dataset/images/val/tomato_rotten_02_soft_mold_rotten_frame_000420.jpg,/mnt/d/merged_fruit_36_clean_v2/yolo_fruit_dataset/labels/val/tomato_rotten_02_soft_mold_rotten_frame_000420.txt
val,/mnt/d/merged_fruit_36_clean_v2/yolo_fruit_dataset/_tmp_frames/bellpepper_fresh_02_real_context_frame_000360.jpg,/mnt/d/merged_fruit_36_clean_v2/yolo_fruit_dataset/images/val/bellpepper_fresh_02_real_context_frame_000360.jpg,/mnt/d/merged_fruit_36_clean_v2/yolo_fruit_dataset/labels/val/bellpepper_fresh_02_real_context_frame_000360.txt
val,/mnt/d/merged_fruit_36_clean_v2/yolo_fruit_dataset/_tmp_frames/bellpepper_fresh_02_real_context_frame_000270.jpg,/mnt/d/merged_fruit_36_clean_v2/yolo_fruit_dataset/images/val/bellpepper_fresh_02_real_context_frame_000270.jpg,/mnt/d/merged_fruit_36_clean_v2/yolo_fruit_dataset/labels/val/bellpepper_fresh_02_real_context_frame_000270.txt
val,/mnt/d/merged_fruit_36_clean_v2/yolo_fruit_dataset/_tmp_frames/peach_rotten_02_mold_bruised_rotten_frame_000480.jpg,/mnt/d/merged_fruit_36_clean_v2/yolo_fruit_dataset/images/val/peach_rotten_02_mold_bruised_rotten_frame_000480.jpg,/mnt/d/merged_fruit_36_clean_v2/yolo_fruit_dataset/labels/val/peach_rotten_02_mold_bruised_rotten_frame_000480.txt
val,/mnt/d/merged_fruit_36_clean_v2/yolo_fruit_dataset/_tmp_frames/lemon_fresh_03_cut_open_hardcase_frame_000165.jpg,/mnt/d/merged_fruit_36_clean_v2/yolo_fruit_dataset/images/val/lemon_fresh_03_cut_open_hardcase_frame_000165.jpg,/mnt/d/merged_fruit_36_clean_v2/yolo_fruit_dataset/labels/val/lemon_fresh_03_cut_open_hardcase_frame_000165.txt
val,/mnt/d/merged_fruit_36_clean_v2/yolo_fruit_dataset/_tmp_frames/strawberry_rotten_01_mild_rotten_frame_000225.jpg,/mnt/d/merged_fruit_36_clean_v2/yolo_fruit_dataset/images/val/strawberry_rotten_01_mild_rotten_frame_000225.jpg,/mnt/d/merged_fruit_36_clean_v2/yolo_fruit_dataset/labels/val/strawberry_rotten_01_mild_rotten_frame_000225.txt
val,/mnt/d/merged_fruit_36_clean_v2/yolo_fruit_dataset/_tmp_frames/grape_rotten_01_mild_rotten_frame_000120.jpg,/mnt/d/merged_fruit_36_clean_v2/yolo_fruit_dataset/images/val/grape_rotten_01_mild_rotten_frame_000120.jpg,/mnt/d/merged_fruit_36_clean_v2/yolo_fruit_dataset/labels/val/grape_rotten_01_mild_rotten_frame_000120.txt
val,/mnt/d/merged_fruit_36_clean_v2/yolo_fruit_dataset/_tmp_frames/avocado_rotten_01_mild_rotten_frame_000060.jpg,/mnt/d/merged_fruit_36_clean_v2/yolo_fruit_dataset/images/val/avocado_rotten_01_mild_rotten_frame_000060.jpg,/mnt/d/merged_fruit_36_clean_v2/yolo_fruit_dataset/labels/val/avocado_rotten_01_mild_rotten_frame_000060.txt
val,/mnt/d/merged_fruit_36_clean_v2/yolo_fruit_dataset/_tmp_frames/avocado_fresh_03_cut_open_hardcase_frame_000090.jpg,/mnt/d/merged_fruit_36_clean_v2/yolo_fruit_dataset/images/val/avocado_fresh_03_cut_open_hardcase_frame_000090.jpg,/mnt/d/merged_fruit_36_clean_v2/yolo_fruit_dataset/labels/val/avocado_fresh_03_cut_open_hardcase_frame_000090.txt
val,/mnt/d/merged_fruit_36_clean_v2/yolo_fruit_dataset/_tmp_frames/pomegranate_fresh_03_cut_open_hardcase_frame_000030.jpg,/mnt/d/merged_fruit_36_clean_v2/yolo_fruit_dataset/images/val/pomegranate_fresh_03_cut_open_hardcase_frame_000030.jpg,/mnt/d/merged_fruit_36_clean_v2/yolo_fruit_dataset/labels/val/pomegranate_fresh_03_cut_open_hardcase_frame_000030.txt
val,/mnt/d/merged_fruit_36_clean_v2/yolo_fruit_dataset/_tmp_frames/potato_rotten_01_mild_rotten_frame_000045.jpg,/mnt/d/merged_fruit_36_clean_v2/yolo_fruit_dataset/images/val/potato_rotten_01_mild_rotten_frame_000045.jpg,/mnt/d/merged_fruit_36_clean_v2/yolo_fruit_dataset/labels/val/potato_rotten_01_mild_rotten_frame_000045.txt
val,/mnt/d/merged_fruit_36_clean_v2/yolo_fruit_dataset/_tmp_frames/grape_fresh_03_on_tree_hardcase_frame_000240.jpg,/mnt/d/merged_fruit_36_clean_v2/yolo_fruit_dataset/images/val/grape_fresh_03_on_tree_hardcase_frame_000240.jpg,/mnt/d/merged_fruit_36_clean_v2/yolo_fruit_dataset/labels/val/grape_fresh_03_on_tree_hardcase_frame_000240.txt
val,/mnt/d/merged_fruit_36_clean_v2/yolo_fruit_dataset/_tmp_frames/pomegranate_fresh_01_clear_closeup_frame_000435.jpg,/mnt/d/merged_fruit_36_clean_v2/yolo_fruit_dataset/images/val/pomegranate_fresh_01_clear_closeup_frame_000435.jpg,/mnt/d/merged_fruit_36_clean_v2/yolo_fruit_dataset/labels/val/pomegranate_fresh_01_clear_closeup_frame_000435.txt
val,/mnt/d/merged_fruit_36_clean_v2/yolo_fruit_dataset/_tmp_frames/carambola_fresh_03_on_tree_hardcase_frame_000405.jpg,/mnt/d/merged_fruit_36_clean_v2/yolo_fruit_dataset/images/val/carambola_fresh_03_on_tree_hardcase_frame_000405.jpg,/mnt/d/merged_fruit_36_clean_v2/yolo_fruit_dataset/labels/val/carambola_fresh_03_on_tree_hardcase_frame_000405.txt
val,/mnt/d/merged_fruit_36_clean_v2/yolo_fruit_dataset/_tmp_frames/apple_rotten_02_mold_bruised_rotten_frame_000015.jpg,/mnt/d/merged_fruit_36_clean_v2/yolo_fruit_dataset/images/val/apple_rotten_02_mold_bruised_rotten_frame_000015.jpg,/mnt/d/merged_fruit_36_clean_v2/yolo_fruit_dataset/labels/val/apple_rotten_02_mold_bruised_rotten_frame_000015.txt
val,/mnt/d/merged_fruit_36_clean_v2/yolo_fruit_dataset/_tmp_frames/potato_fresh_01_clear_closeup_frame_000615.jpg,/mnt/d/merged_fruit_36_clean_v2/yolo_fruit_dataset/images/val/potato_fresh_01_clear_closeup_frame_000615.jpg,/mnt/d/merged_fruit_36_clean_v2/yolo_fruit_dataset/labels/val/potato_fresh_01_clear_closeup_frame_000615.txt
val,/mnt/d/merged_fruit_36_clean_v2/yolo_fruit_dataset/_tmp_frames/carrot_fresh_01_clear_closeup_frame_000360.jpg,/mnt/d/merged_fruit_36_clean_v2/yolo_fruit_dataset/images/val/carrot_fresh_01_clear_closeup_frame_000360.jpg,/mnt/d/merged_fruit_36_clean_v2/yolo_fruit_dataset/labels/val/carrot_fresh_01_clear_closeup_frame_000360.txt
val,/mnt/d/merged_fruit_36_clean_v2/yolo_fruit_dataset/_tmp_frames/guava_fresh_03_on_tree_hardcase_frame_000555.jpg,/mnt/d/merged_fruit_36_clean_v2/yolo_fruit_dataset/images/val/guava_fresh_03_on_tree_hardcase_frame_000555.jpg,/mnt/d/merged_fruit_36_clean_v2/yolo_fruit_dataset/labels/val/guava_fresh_03_on_tree_hardcase_frame_000555.txt
val,/mnt/d/merged_fruit_36_clean_v2/yolo_fruit_dataset/_tmp_frames/apple_fresh_03_hardcase_frame_000105.jpg,/mnt/d/merged_fruit_36_clean_v2/yolo_fruit_dataset/images/val/apple_fresh_03_hardcase_frame_000105.jpg,/mnt/d/merged_fruit_36_clean_v2/yolo_fruit_dataset/labels/val/apple_fresh_03_hardcase_frame_000105.txt
val,/mnt/d/merged_fruit_36_clean_v2/yolo_fruit_dataset/_tmp_frames/potato_fresh_01_clear_closeup_frame_000255.jpg,/mnt/d/merged_fruit_36_clean_v2/yolo_fruit_dataset/images/val/potato_fresh_01_clear_closeup_frame_000255.jpg,/mnt/d/merged_fruit_36_clean_v2/yolo_fruit_dataset/labels/val/potato_fresh_01_clear_closeup_frame_000255.txt
val,/mnt/d/merged_fruit_36_clean_v2/yolo_fruit_dataset/_tmp_frames/banana_rotten_01_mild_rotten_frame_000315.jpg,/mnt/d/merged_fruit_36_clean_v2/yolo_fruit_dataset/images/val/banana_rotten_01_mild_rotten_frame_000315.jpg,/mnt/d/merged_fruit_36_clean_v2/yolo_fruit_dataset/labels/val/banana_rotten_01_mild_rotten_frame_000315.txt
val,/mnt/d/merged_fruit_36_clean_v2/yolo_fruit_dataset/_tmp_frames/guava_fresh_01_clear_closeup_frame_000120.jpg,/mnt/d/merged_fruit_36_clean_v2/yolo_fruit_dataset/images/val/guava_fresh_01_clear_closeup_frame_000120.jpg,/mnt/d/merged_fruit_36_clean_v2/yolo_fruit_dataset/labels/val/guava_fresh_01_clear_closeup_frame_000120.txt
val,/mnt/d/merged_fruit_36_clean_v2/yolo_fruit_dataset/_tmp_frames/grape_fresh_01_clear_closeup_frame_000915.jpg,/mnt/d/merged_fruit_36_clean_v2/yolo_fruit_dataset/images/val/grape_fresh_01_clear_closeup_frame_000915.jpg,/mnt/d/merged_fruit_36_clean_v2/yolo_fruit_dataset/labels/val/grape_fresh_01_clear_closeup_frame_000915.txt
val,/mnt/d/merged_fruit_36_clean_v2/yolo_fruit_dataset/_tmp_frames/banana_rotten_01_mild_rotten_frame_000045.jpg,/mnt/d/merged_fruit_36_clean_v2/yolo_fruit_dataset/images/val/banana_rotten_01_mild_rotten_frame_000045.jpg,/mnt/d/merged_fruit_36_clean_v2/yolo_fruit_dataset/labels/val/banana_rotten_01_mild_rotten_frame_000045.txt
val,/mnt/d/merged_fruit_36_clean_v2/yolo_fruit_dataset/_tmp_frames/grape_fresh_01_clear_closeup_frame_000870.jpg,/mnt/d/merged_fruit_36_clean_v2/yolo_fruit_dataset/images/val/grape_fresh_01_clear_closeup_frame_000870.jpg,/mnt/d/merged_fruit_36_clean_v2/yolo_fruit_dataset/labels/val/grape_fresh_01_clear_closeup_frame_000870.txt
val,/mnt/d/merged_fruit_36_clean_v2/yolo_fruit_dataset/_tmp_frames/avocado_rotten_03_hardcase_rotten_frame_000240.jpg,/mnt/d/merged_fruit_36_clean_v2/yolo_fruit_dataset/images/val/avocado_rotten_03_hardcase_rotten_frame_000240.jpg,/mnt/d/merged_fruit_36_clean_v2/yolo_fruit_dataset/labels/val/avocado_rotten_03_hardcase_rotten_frame_000240.txt
val,/mnt/d/merged_fruit_36_clean_v2/yolo_fruit_dataset/_tmp_frames/banana_rotten_03_hardcase_rotten_frame_000195.jpg,/mnt/d/merged_fruit_36_clean_v2/yolo_fruit_dataset/images/val/banana_rotten_03_hardcase_rotten_frame_000195.jpg,/mnt/d/merged_fruit_36_clean_v2/yolo_fruit_dataset/labels/val/banana_rotten_03_hardcase_rotten_frame_000195.txt
val,/mnt/d/merged_fruit_36_clean_v2/yolo_fruit_dataset/_tmp_frames/guava_rotten_02_mold_bruised_rotten_frame_000120.jpg,/mnt/d/merged_fruit_36_clean_v2/yolo_fruit_dataset/images/val/guava_rotten_02_mold_bruised_rotten_frame_000120.jpg,/mnt/d/merged_fruit_36_clean_v2/yolo_fruit_dataset/labels/val/guava_rotten_02_mold_bruised_rotten_frame_000120.txt
val,/mnt/d/merged_fruit_36_clean_v2/yolo_fruit_dataset/_tmp_frames/apple_rotten_01_mild_rotten_frame_000615.jpg,/mnt/d/merged_fruit_36_clean_v2/yolo_fruit_dataset/images/val/apple_rotten_01_mild_rotten_frame_000615.jpg,/mnt/d/merged_fruit_36_clean_v2/yolo_fruit_dataset/labels/val/apple_rotten_01_mild_rotten_frame_000615.txt
val,/mnt/d/merged_fruit_36_clean_v2/yolo_fruit_dataset/_tmp_frames/strawberry_fresh_03_hardcase_frame_000045.jpg,/mnt/d/merged_fruit_36_clean_v2/yolo_fruit_dataset/images/val/strawberry_fresh_03_hardcase_frame_000045.jpg,/mnt/d/merged_fruit_36_clean_v2/yolo_fruit_dataset/labels/val/strawberry_fresh_03_hardcase_frame_000045.txt
val,/mnt/d/merged_fruit_36_clean_v2/yolo_fruit_dataset/_tmp_frames/strawberry_rotten_03_hardcase_rotten_frame_000735.jpg,/mnt/d/merged_fruit_36_clean_v2/yolo_fruit_dataset/images/val/strawberry_rotten_03_hardcase_rotten_frame_000735.jpg,/mnt/d/merged_fruit_36_clean_v2/yolo_fruit_dataset/labels/val/strawberry_rotten_03_hardcase_rotten_frame_000735.txt
val,/mnt/d/merged_fruit_36_clean_v2/yolo_fruit_dataset/_tmp_frames/pomegranate_fresh_03_cut_open_hardcase_frame_000480.jpg,/mnt/d/merged_fruit_36_clean_v2/yolo_fruit_dataset/images/val/pomegranate_fresh_03_cut_open_hardcase_frame_000480.jpg,/mnt/d/merged_fruit_36_clean_v2/yolo_fruit_dataset/labels/val/pomegranate_fresh_03_cut_open_hardcase_frame_000480.txt
val,/mnt/d/merged_fruit_36_clean_v2/yolo_fruit_dataset/_tmp_frames/carambola_fresh_01_clear_closeup_frame_000105.jpg,/mnt/d/merged_fruit_36_clean_v2/yolo_fruit_dataset/images/val/carambola_fresh_01_clear_closeup_frame_000105.jpg,/mnt/d/merged_fruit_36_clean_v2/yolo_fruit_dataset/labels/val/carambola_fresh_01_clear_closeup_frame_000105.txt
val,/mnt/d/merged_fruit_36_clean_v2/yolo_fruit_dataset/_tmp_frames/jujube_fresh_01_clear_closeup_frame_000015.jpg,/mnt/d/merged_fruit_36_clean_v2/yolo_fruit_dataset/images/val/jujube_fresh_01_clear_closeup_frame_000015.jpg,/mnt/d/merged_fruit_36_clean_v2/yolo_fruit_dataset/labels/val/jujube_fresh_01_clear_closeup_frame_000015.txt
val,/mnt/d/merged_fruit_36_clean_v2/yolo_fruit_dataset/_tmp_frames/carambola_rotten_02_mold_bruised_rotten_frame_000555.jpg,/mnt/d/merged_fruit_36_clean_v2/yolo_fruit_dataset/images/val/carambola_rotten_02_mold_bruised_rotten_frame_000555.jpg,/mnt/d/merged_fruit_36_clean_v2/yolo_fruit_dataset/labels/val/carambola_rotten_02_mold_bruised_rotten_frame_000555.txt
val,/mnt/d/merged_fruit_36_clean_v2/yolo_fruit_dataset/_tmp_frames/bellpepper_fresh_02_real_context_frame_000255.jpg,/mnt/d/merged_fruit_36_clean_v2/yolo_fruit_dataset/images/val/bellpepper_fresh_02_real_context_frame_000255.jpg,/mnt/d/merged_fruit_36_clean_v2/yolo_fruit_dataset/labels/val/bellpepper_fresh_02_real_context_frame_000255.txt
val,/mnt/d/merged_fruit_36_clean_v2/yolo_fruit_dataset/_tmp_frames/guava_fresh_03_on_tree_hardcase_frame_000570.jpg,/mnt/d/merged_fruit_36_clean_v2/yolo_fruit_dataset/images/val/guava_fresh_03_on_tree_hardcase_frame_000570.jpg,/mnt/d/merged_fruit_36_clean_v2/yolo_fruit_dataset/labels/val/guava_fresh_03_on_tree_hardcase_frame_000570.txt
val,/mnt/d/merged_fruit_36_clean_v2/yolo_fruit_dataset/_tmp_frames/bellpepper_fresh_02_real_context_frame_000060.jpg,/mnt/d/merged_fruit_36_clean_v2/yolo_fruit_dataset/images/val/bellpepper_fresh_02_real_context_frame_000060.jpg,/mnt/d/merged_fruit_36_clean_v2/yolo_fruit_dataset/labels/val/bellpepper_fresh_02_real_context_frame_000060.txt
val,/mnt/d/merged_fruit_36_clean_v2/yolo_fruit_dataset/_tmp_frames/jujube_fresh_01_clear_closeup_frame_000165.jpg,/mnt/d/merged_fruit_36_clean_v2/yolo_fruit_dataset/images/val/jujube_fresh_01_clear_closeup_frame_000165.jpg,/mnt/d/merged_fruit_36_clean_v2/yolo_fruit_dataset/labels/val/jujube_fresh_01_clear_closeup_frame_000165.txt
val,/mnt/d/merged_fruit_36_clean_v2/yolo_fruit_dataset/_tmp_frames/carrot_rotten_02_mold_soft_rotten_frame_000345.jpg,/mnt/d/merged_fruit_36_clean_v2/yolo_fruit_dataset/images/val/carrot_rotten_02_mold_soft_rotten_frame_000345.jpg,/mnt/d/merged_fruit_36_clean_v2/yolo_fruit_dataset/labels/val/carrot_rotten_02_mold_soft_rotten_frame_000345.txt
val,/mnt/d/merged_fruit_36_clean_v2/yolo_fruit_dataset/_tmp_frames/banana_fresh_03_hardcase_frame_000705.jpg,/mnt/d/merged_fruit_36_clean_v2/yolo_fruit_dataset/images/val/banana_fresh_03_hardcase_frame_000705.jpg,/mnt/d/merged_fruit_36_clean_v2/yolo_fruit_dataset/labels/val/banana_fresh_03_hardcase_frame_000705.txt
val,/mnt/d/merged_fruit_36_clean_v2/yolo_fruit_dataset/_tmp_frames/lemon_fresh_03_cut_open_hardcase_frame_000075.jpg,/mnt/d/merged_fruit_36_clean_v2/yolo_fruit_dataset/images/val/lemon_fresh_03_cut_open_hardcase_frame_000075.jpg,/mnt/d/merged_fruit_36_clean_v2/yolo_fruit_dataset/labels/val/lemon_fresh_03_cut_open_hardcase_frame_000075.txt
val,/mnt/d/merged_fruit_36_clean_v2/yolo_fruit_dataset/_tmp_frames/avocado_fresh_01_clear_closeup_frame_000195.jpg,/mnt/d/merged_fruit_36_clean_v2/yolo_fruit_dataset/images/val/avocado_fresh_01_clear_closeup_frame_000195.jpg,/mnt/d/merged_fruit_36_clean_v2/yolo_fruit_dataset/labels/val/avocado_fresh_01_clear_closeup_frame_000195.txt
val,/mnt/d/merged_fruit_36_clean_v2/yolo_fruit_dataset/_tmp_frames/tomato_fresh_02_real_context_frame_000240.jpg,/mnt/d/merged_fruit_36_clean_v2/yolo_fruit_dataset/images/val/tomato_fresh_02_real_context_frame_000240.jpg,/mnt/d/merged_fruit_36_clean_v2/yolo_fruit_dataset/labels/val/tomato_fresh_02_real_context_frame_000240.txt
val,/mnt/d/merged_fruit_36_clean_v2/yolo_fruit_dataset/_tmp_frames/cucumber_fresh_01_clear_closeup_frame_000060.jpg,/mnt/d/merged_fruit_36_clean_v2/yolo_fruit_dataset/images/val/cucumber_fresh_01_clear_closeup_frame_000060.jpg,/mnt/d/merged_fruit_36_clean_v2/yolo_fruit_dataset/labels/val/cucumber_fresh_01_clear_closeup_frame_000060.txt
val,/mnt/d/merged_fruit_36_clean_v2/yolo_fruit_dataset/_tmp_frames/avocado_rotten_02_black_inside_rotten_frame_000375.jpg,/mnt/d/merged_fruit_36_clean_v2/yolo_fruit_dataset/images/val/avocado_rotten_02_black_inside_rotten_frame_000375.jpg,/mnt/d/merged_fruit_36_clean_v2/yolo_fruit_dataset/labels/val/avocado_rotten_02_black_inside_rotten_frame_000375.txt
val,/mnt/d/merged_fruit_36_clean_v2/yolo_fruit_dataset/_tmp_frames/apple_rotten_01_mild_rotten_frame_000360.jpg,/mnt/d/merged_fruit_36_clean_v2/yolo_fruit_dataset/images/val/apple_rotten_01_mild_rotten_frame_000360.jpg,/mnt/d/merged_fruit_36_clean_v2/yolo_fruit_dataset/labels/val/apple_rotten_01_mild_rotten_frame_000360.txt
val,/mnt/d/merged_fruit_36_clean_v2/yolo_fruit_dataset/_tmp_frames/tomato_rotten_01_mild_rotten_frame_000105.jpg,/mnt/d/merged_fruit_36_clean_v2/yolo_fruit_dataset/images/val/tomato_rotten_01_mild_rotten_frame_000105.jpg,/mnt/d/merged_fruit_36_clean_v2/yolo_fruit_dataset/labels/val/tomato_rotten_01_mild_rotten_frame_000105.txt
val,/mnt/d/merged_fruit_36_clean_v2/yolo_fruit_dataset/_tmp_frames/tomato_rotten_02_soft_mold_rotten_frame_000405.jpg,/mnt/d/merged_fruit_36_clean_v2/yolo_fruit_dataset/images/val/tomato_rotten_02_soft_mold_rotten_frame_000405.jpg,/mnt/d/merged_fruit_36_clean_v2/yolo_fruit_dataset/labels/val/tomato_rotten_02_soft_mold_rotten_frame_000405.txt
val,/mnt/d/merged_fruit_36_clean_v2/yolo_fruit_dataset/_tmp_frames/apple_fresh_01_clear_closeup_frame_000075.jpg,/mnt/d/merged_fruit_36_clean_v2/yolo_fruit_dataset/images/val/apple_fresh_01_clear_closeup_frame_000075.jpg,/mnt/d/merged_fruit_36_clean_v2/yolo_fruit_dataset/labels/val/apple_fresh_01_clear_closeup_frame_000075.txt
val,/mnt/d/merged_fruit_36_clean_v2/yolo_fruit_dataset/_tmp_frames/orange_rotten_03_hardcase_rotten_frame_000045.jpg,/mnt/d/merged_fruit_36_clean_v2/yolo_fruit_dataset/images/val/orange_rotten_03_hardcase_rotten_frame_000045.jpg,/mnt/d/merged_fruit_36_clean_v2/yolo_fruit_dataset/labels/val/orange_rotten_03_hardcase_rotten_frame_000045.txt
val,/mnt/d/merged_fruit_36_clean_v2/yolo_fruit_dataset/_tmp_frames/potato_fresh_03_soil_hardcase_frame_000015.jpg,/mnt/d/merged_fruit_36_clean_v2/yolo_fruit_dataset/images/val/potato_fresh_03_soil_hardcase_frame_000015.jpg,/mnt/d/merged_fruit_36_clean_v2/yolo_fruit_dataset/labels/val/potato_fresh_03_soil_hardcase_frame_000015.txt
val,/mnt/d/merged_fruit_36_clean_v2/yolo_fruit_dataset/_tmp_frames/mango_rotten_02_black_bruised_rotten_frame_000450.jpg,/mnt/d/merged_fruit_36_clean_v2/yolo_fruit_dataset/images/val/mango_rotten_02_black_bruised_rotten_frame_000450.jpg,/mnt/d/merged_fruit_36_clean_v2/yolo_fruit_dataset/labels/val/mango_rotten_02_black_bruised_rotten_frame_000450.txt
val,/mnt/d/merged_fruit_36_clean_v2/yolo_fruit_dataset/_tmp_frames/mango_rotten_03_hardcase_rotten_frame_000000.jpg,/mnt/d/merged_fruit_36_clean_v2/yolo_fruit_dataset/images/val/mango_rotten_03_hardcase_rotten_frame_000000.jpg,/mnt/d/merged_fruit_36_clean_v2/yolo_fruit_dataset/labels/val/mango_rotten_03_hardcase_rotten_frame_000000.txt
val,/mnt/d/merged_fruit_36_clean_v2/yolo_fruit_dataset/_tmp_frames/strawberry_rotten_03_hardcase_rotten_frame_000030.jpg,/mnt/d/merged_fruit_36_clean_v2/yolo_fruit_dataset/images/val/strawberry_rotten_03_hardcase_rotten_frame_000030.jpg,/mnt/d/merged_fruit_36_clean_v2/yolo_fruit_dataset/labels/val/strawberry_rotten_03_hardcase_rotten_frame_000030.txt
val,/mnt/d/merged_fruit_36_clean_v2/yolo_fruit_dataset/_tmp_frames/avocado_rotten_02_black_inside_rotten_frame_000015.jpg,/mnt/d/merged_fruit_36_clean_v2/yolo_fruit_dataset/images/val/avocado_rotten_02_black_inside_rotten_frame_000015.jpg,/mnt/d/merged_fruit_36_clean_v2/yolo_fruit_dataset/labels/val/avocado_rotten_02_black_inside_rotten_frame_000015.txt
val,/mnt/d/merged_fruit_36_clean_v2/yolo_fruit_dataset/_tmp_frames/strawberry_rotten_03_hardcase_rotten_frame_000090.jpg,/mnt/d/merged_fruit_36_clean_v2/yolo_fruit_dataset/images/val/strawberry_rotten_03_hardcase_rotten_frame_000090.jpg,/mnt/d/merged_fruit_36_clean_v2/yolo_fruit_dataset/labels/val/strawberry_rotten_03_hardcase_rotten_frame_000090.txt
val,/mnt/d/merged_fruit_36_clean_v2/yolo_fruit_dataset/_tmp_frames/avocado_rotten_02_black_inside_rotten_frame_000165.jpg,/mnt/d/merged_fruit_36_clean_v2/yolo_fruit_dataset/images/val/avocado_rotten_02_black_inside_rotten_frame_000165.jpg,/mnt/d/merged_fruit_36_clean_v2/yolo_fruit_dataset/labels/val/avocado_rotten_02_black_inside_rotten_frame_000165.txt
val,/mnt/d/merged_fruit_36_clean_v2/yolo_fruit_dataset/_tmp_frames/grape_rotten_02_mold_bruised_rotten_frame_000105.jpg,/mnt/d/merged_fruit_36_clean_v2/yolo_fruit_dataset/images/val/grape_rotten_02_mold_bruised_rotten_frame_000105.jpg,/mnt/d/merged_fruit_36_clean_v2/yolo_fruit_dataset/labels/val/grape_rotten_02_mold_bruised_rotten_frame_000105.txt
val,/mnt/d/merged_fruit_36_clean_v2/yolo_fruit_dataset/_tmp_frames/bellpepper_fresh_03_cut_open_hardcase_frame_000000.jpg,/mnt/d/merged_fruit_36_clean_v2/yolo_fruit_dataset/images/val/bellpepper_fresh_03_cut_open_hardcase_frame_000000.jpg,/mnt/d/merged_fruit_36_clean_v2/yolo_fruit_dataset/labels/val/bellpepper_fresh_03_cut_open_hardcase_frame_000000.txt
val,/mnt/d/merged_fruit_36_clean_v2/yolo_fruit_dataset/_tmp_frames/potato_rotten_02_sprout_green_rotten_frame_000495.jpg,/mnt/d/merged_fruit_36_clean_v2/yolo_fruit_dataset/images/val/potato_rotten_02_sprout_green_rotten_frame_000495.jpg,/mnt/d/merged_fruit_36_clean_v2/yolo_fruit_dataset/labels/val/potato_rotten_02_sprout_green_rotten_frame_000495.txt
val,/mnt/d/merged_fruit_36_clean_v2/yolo_fruit_dataset/_tmp_frames/potato_rotten_02_sprout_green_rotten_frame_000165.jpg,/mnt/d/merged_fruit_36_clean_v2/yolo_fruit_dataset/images/val/potato_rotten_02_sprout_green_rotten_frame_000165.jpg,/mnt/d/merged_fruit_36_clean_v2/yolo_fruit_dataset/labels/val/potato_rotten_02_sprout_green_rotten_frame_000165.txt
val,/mnt/d/merged_fruit_36_clean_v2/yolo_fruit_dataset/_tmp_frames/grape_fresh_01_clear_closeup_frame_000330.jpg,/mnt/d/merged_fruit_36_clean_v2/yolo_fruit_dataset/images/val/grape_fresh_01_clear_closeup_frame_000330.jpg,/mnt/d/merged_fruit_36_clean_v2/yolo_fruit_dataset/labels/val/grape_fresh_01_clear_closeup_frame_000330.txt
val,/mnt/d/merged_fruit_36_clean_v2/yolo_fruit_dataset/_tmp_frames/pomegranate_rotten_02_mold_dark_rotten_frame_000120.jpg,/mnt/d/merged_fruit_36_clean_v2/yolo_fruit_dataset/images/val/pomegranate_rotten_02_mold_dark_rotten_frame_000120.jpg,/mnt/d/merged_fruit_36_clean_v2/yolo_fruit_dataset/labels/val/pomegranate_rotten_02_mold_dark_rotten_frame_000120.txt
val,/mnt/d/merged_fruit_36_clean_v2/yolo_fruit_dataset/_tmp_frames/carrot_rotten_02_mold_soft_rotten_frame_000675.jpg,/mnt/d/merged_fruit_36_clean_v2/yolo_fruit_dataset/images/val/carrot_rotten_02_mold_soft_rotten_frame_000675.jpg,/mnt/d/merged_fruit_36_clean_v2/yolo_fruit_dataset/labels/val/carrot_rotten_02_mold_soft_rotten_frame_000675.txt
val,/mnt/d/merged_fruit_36_clean_v2/yolo_fruit_dataset/_tmp_frames/mango_rotten_03_hardcase_rotten_frame_000375.jpg,/mnt/d/merged_fruit_36_clean_v2/yolo_fruit_dataset/images/val/mango_rotten_03_hardcase_rotten_frame_000375.jpg,/mnt/d/merged_fruit_36_clean_v2/yolo_fruit_dataset/labels/val/mango_rotten_03_hardcase_rotten_frame_000375.txt
val,/mnt/d/merged_fruit_36_clean_v2/yolo_fruit_dataset/_tmp_frames/tomato_fresh_01_clear_closeup_frame_000480.jpg,/mnt/d/merged_fruit_36_clean_v2/yolo_fruit_dataset/images/val/tomato_fresh_01_clear_closeup_frame_000480.jpg,/mnt/d/merged_fruit_36_clean_v2/yolo_fruit_dataset/labels/val/tomato_fresh_01_clear_closeup_frame_000480.txt
val,/mnt/d/merged_fruit_36_clean_v2/yolo_fruit_dataset/_tmp_frames/jujube_fresh_01_clear_closeup_frame_000225.jpg,/mnt/d/merged_fruit_36_clean_v2/yolo_fruit_dataset/images/val/jujube_fresh_01_clear_closeup_frame_000225.jpg,/mnt/d/merged_fruit_36_clean_v2/yolo_fruit_dataset/labels/val/jujube_fresh_01_clear_closeup_frame_000225.txt
val,/mnt/d/merged_fruit_36_clean_v2/yolo_fruit_dataset/_tmp_frames/avocado_rotten_02_black_inside_rotten_frame_000090.jpg,/mnt/d/merged_fruit_36_clean_v2/yolo_fruit_dataset/images/val/avocado_rotten_02_black_inside_rotten_frame_000090.jpg,/mnt/d/merged_fruit_36_clean_v2/yolo_fruit_dataset/labels/val/avocado_rotten_02_black_inside_rotten_frame_000090.txt
val,/mnt/d/merged_fruit_36_clean_v2/yolo_fruit_dataset/_tmp_frames/tomato_rotten_03_hardcase_rotten_frame_000270.jpg,/mnt/d/merged_fruit_36_clean_v2/yolo_fruit_dataset/images/val/tomato_rotten_03_hardcase_rotten_frame_000270.jpg,/mnt/d/merged_fruit_36_clean_v2/yolo_fruit_dataset/labels/val/tomato_rotten_03_hardcase_rotten_frame_000270.txt
val,/mnt/d/merged_fruit_36_clean_v2/yolo_fruit_dataset/_tmp_frames/jujube_fresh_01_clear_closeup_frame_000030.jpg,/mnt/d/merged_fruit_36_clean_v2/yolo_fruit_dataset/images/val/jujube_fresh_01_clear_closeup_frame_000030.jpg,/mnt/d/merged_fruit_36_clean_v2/yolo_fruit_dataset/labels/val/jujube_fresh_01_clear_closeup_frame_000030.txt
val,/mnt/d/merged_fruit_36_clean_v2/yolo_fruit_dataset/_tmp_frames/mango_fresh_01_clear_closeup_frame_000090.jpg,/mnt/d/merged_fruit_36_clean_v2/yolo_fruit_dataset/images/val/mango_fresh_01_clear_closeup_frame_000090.jpg,/mnt/d/merged_fruit_36_clean_v2/yolo_fruit_dataset/labels/val/mango_fresh_01_clear_closeup_frame_000090.txt
val,/mnt/d/merged_fruit_36_clean_v2/yolo_fruit_dataset/_tmp_frames/banana_rotten_02_black_bruised_rotten_frame_000270.jpg,/mnt/d/merged_fruit_36_clean_v2/yolo_fruit_dataset/images/val/banana_rotten_02_black_bruised_rotten_frame_000270.jpg,/mnt/d/merged_fruit_36_clean_v2/yolo_fruit_dataset/labels/val/banana_rotten_02_black_bruised_rotten_frame_000270.txt
val,/mnt/d/merged_fruit_36_clean_v2/yolo_fruit_dataset/_tmp_frames/banana_fresh_03_hardcase_frame_000720.jpg,/mnt/d/merged_fruit_36_clean_v2/yolo_fruit_dataset/images/val/banana_fresh_03_hardcase_frame_000720.jpg,/mnt/d/merged_fruit_36_clean_v2/yolo_fruit_dataset/labels/val/banana_fresh_03_hardcase_frame_000720.txt
val,/mnt/d/merged_fruit_36_clean_v2/yolo_fruit_dataset/_tmp_frames/avocado_rotten_02_black_inside_rotten_frame_000255.jpg,/mnt/d/merged_fruit_36_clean_v2/yolo_fruit_dataset/images/val/avocado_rotten_02_black_inside_rotten_frame_000255.jpg,/mnt/d/merged_fruit_36_clean_v2/yolo_fruit_dataset/labels/val/avocado_rotten_02_black_inside_rotten_frame_000255.txt
val,/mnt/d/merged_fruit_36_clean_v2/yolo_fruit_dataset/_tmp_frames/tomato_fresh_03_cut_open_hardcase_frame_000150.jpg,/mnt/d/merged_fruit_36_clean_v2/yolo_fruit_dataset/images/val/tomato_fresh_03_cut_open_hardcase_frame_000150.jpg,/mnt/d/merged_fruit_36_clean_v2/yolo_fruit_dataset/labels/val/tomato_fresh_03_cut_open_hardcase_frame_000150.txt
val,/mnt/d/merged_fruit_36_clean_v2/yolo_fruit_dataset/_tmp_frames/strawberry_rotten_03_hardcase_rotten_frame_000210.jpg,/mnt/d/merged_fruit_36_clean_v2/yolo_fruit_dataset/images/val/strawberry_rotten_03_hardcase_rotten_frame_000210.jpg,/mnt/d/merged_fruit_36_clean_v2/yolo_fruit_dataset/labels/val/strawberry_rotten_03_hardcase_rotten_frame_000210.txt
val,/mnt/d/merged_fruit_36_clean_v2/yolo_fruit_dataset/_tmp_frames/orange_rotten_03_hardcase_rotten_frame_000360.jpg,/mnt/d/merged_fruit_36_clean_v2/yolo_fruit_dataset/images/val/orange_rotten_03_hardcase_rotten_frame_000360.jpg,/mnt/d/merged_fruit_36_clean_v2/yolo_fruit_dataset/labels/val/orange_rotten_03_hardcase_rotten_frame_000360.txt
val,/mnt/d/merged_fruit_36_clean_v2/yolo_fruit_dataset/_tmp_frames/jujube_fresh_03_on_tree_hardcase_frame_000060.jpg,/mnt/d/merged_fruit_36_clean_v2/yolo_fruit_dataset/images/val/jujube_fresh_03_on_tree_hardcase_frame_000060.jpg,/mnt/d/merged_fruit_36_clean_v2/yolo_fruit_dataset/labels/val/jujube_fresh_03_on_tree_hardcase_frame_000060.txt
val,/mnt/d/merged_fruit_36_clean_v2/yolo_fruit_dataset/_tmp_frames/carrot_rotten_01_mild_rotten_frame_000420.jpg,/mnt/d/merged_fruit_36_clean_v2/yolo_fruit_dataset/images/val/carrot_rotten_01_mild_rotten_frame_000420.jpg,/mnt/d/merged_fruit_36_clean_v2/yolo_fruit_dataset/labels/val/carrot_rotten_01_mild_rotten_frame_000420.txt
val,/mnt/d/merged_fruit_36_clean_v2/yolo_fruit_dataset/_tmp_frames/guava_fresh_01_clear_closeup_frame_000480.jpg,/mnt/d/merged_fruit_36_clean_v2/yolo_fruit_dataset/images/val/guava_fresh_01_clear_closeup_frame_000480.jpg,/mnt/d/merged_fruit_36_clean_v2/yolo_fruit_dataset/labels/val/guava_fresh_01_clear_closeup_frame_000480.txt
val,/mnt/d/merged_fruit_36_clean_v2/yolo_fruit_dataset/_tmp_frames/apple_rotten_01_mild_rotten_frame_000060.jpg,/mnt/d/merged_fruit_36_clean_v2/yolo_fruit_dataset/images/val/apple_rotten_01_mild_rotten_frame_000060.jpg,/mnt/d/merged_fruit_36_clean_v2/yolo_fruit_dataset/labels/val/apple_rotten_01_mild_rotten_frame_000060.txt
val,/mnt/d/merged_fruit_36_clean_v2/yolo_fruit_dataset/_tmp_frames/potato_rotten_02_sprout_green_rotten_frame_000360.jpg,/mnt/d/merged_fruit_36_clean_v2/yolo_fruit_dataset/images/val/potato_rotten_02_sprout_green_rotten_frame_000360.jpg,/mnt/d/merged_fruit_36_clean_v2/yolo_fruit_dataset/labels/val/potato_rotten_02_sprout_green_rotten_frame_000360.txt
val,/mnt/d/merged_fruit_36_clean_v2/yolo_fruit_dataset/_tmp_frames/pomegranate_fresh_03_cut_open_hardcase_frame_000405.jpg,/mnt/d/merged_fruit_36_clean_v2/yolo_fruit_dataset/images/val/pomegranate_fresh_03_cut_open_hardcase_frame_000405.jpg,/mnt/d/merged_fruit_36_clean_v2/yolo_fruit_dataset/labels/val/pomegranate_fresh_03_cut_open_hardcase_frame_000405.txt
val,/mnt/d/merged_fruit_36_clean_v2/yolo_fruit_dataset/_tmp_frames/guava_rotten_02_mold_bruised_rotten_frame_000015.jpg,/mnt/d/merged_fruit_36_clean_v2/yolo_fruit_dataset/images/val/guava_rotten_02_mold_bruised_rotten_frame_000015.jpg,/mnt/d/merged_fruit_36_clean_v2/yolo_fruit_dataset/labels/val/guava_rotten_02_mold_bruised_rotten_frame_000015.txt
val,/mnt/d/merged_fruit_36_clean_v2/yolo_fruit_dataset/_tmp_frames/banana_rotten_03_hardcase_rotten_frame_000240.jpg,/mnt/d/merged_fruit_36_clean_v2/yolo_fruit_dataset/images/val/banana_rotten_03_hardcase_rotten_frame_000240.jpg,/mnt/d/merged_fruit_36_clean_v2/yolo_fruit_dataset/labels/val/banana_rotten_03_hardcase_rotten_frame_000240.txt
val,/mnt/d/merged_fruit_36_clean_v2/yolo_fruit_dataset/_tmp_frames/orange_rotten_02_mold_soft_rotten_frame_000210.jpg,/mnt/d/merged_fruit_36_clean_v2/yolo_fruit_dataset/images/val/orange_rotten_02_mold_soft_rotten_frame_000210.jpg,/mnt/d/merged_fruit_36_clean_v2/yolo_fruit_dataset/labels/val/orange_rotten_02_mold_soft_rotten_frame_000210.txt
val,/mnt/d/merged_fruit_36_clean_v2/yolo_fruit_dataset/_tmp_frames/cucumber_fresh_01_clear_closeup_frame_000165.jpg,/mnt/d/merged_fruit_36_clean_v2/yolo_fruit_dataset/images/val/cucumber_fresh_01_clear_closeup_frame_000165.jpg,/mnt/d/merged_fruit_36_clean_v2/yolo_fruit_dataset/labels/val/cucumber_fresh_01_clear_closeup_frame_000165.txt
val,/mnt/d/merged_fruit_36_clean_v2/yolo_fruit_dataset/_tmp_frames/avocado_fresh_03_cut_open_hardcase_frame_000120.jpg,/mnt/d/merged_fruit_36_clean_v2/yolo_fruit_dataset/images/val/avocado_fresh_03_cut_open_hardcase_frame_000120.jpg,/mnt/d/merged_fruit_36_clean_v2/yolo_fruit_dataset/labels/val/avocado_fresh_03_cut_open_hardcase_frame_000120.txt
val,/mnt/d/merged_fruit_36_clean_v2/yolo_fruit_dataset/_tmp_frames/mango_rotten_02_black_bruised_rotten_frame_000030.jpg,/mnt/d/merged_fruit_36_clean_v2/yolo_fruit_dataset/images/val/mango_rotten_02_black_bruised_rotten_frame_000030.jpg,/mnt/d/merged_fruit_36_clean_v2/yolo_fruit_dataset/labels/val/mango_rotten_02_black_bruised_rotten_frame_000030.txt
val,/mnt/d/merged_fruit_36_clean_v2/yolo_fruit_dataset/_tmp_frames/tomato_rotten_01_mild_rotten_frame_000045.jpg,/mnt/d/merged_fruit_36_clean_v2/yolo_fruit_dataset/images/val/tomato_rotten_01_mild_rotten_frame_000045.jpg,/mnt/d/merged_fruit_36_clean_v2/yolo_fruit_dataset/labels/val/tomato_rotten_01_mild_rotten_frame_000045.txt
val,/mnt/d/merged_fruit_36_clean_v2/yolo_fruit_dataset/_tmp_frames/grape_fresh_01_clear_closeup_frame_001185.jpg,/mnt/d/merged_fruit_36_clean_v2/yolo_fruit_dataset/images/val/grape_fresh_01_clear_closeup_frame_001185.jpg,/mnt/d/merged_fruit_36_clean_v2/yolo_fruit_dataset/labels/val/grape_fresh_01_clear_closeup_frame_001185.txt
val,/mnt/d/merged_fruit_36_clean_v2/yolo_fruit_dataset/_tmp_frames/mango_fresh_01_clear_closeup_frame_000165.jpg,/mnt/d/merged_fruit_36_clean_v2/yolo_fruit_dataset/images/val/mango_fresh_01_clear_closeup_frame_000165.jpg,/mnt/d/merged_fruit_36_clean_v2/yolo_fruit_dataset/labels/val/mango_fresh_01_clear_closeup_frame_000165.txt
val,/mnt/d/merged_fruit_36_clean_v2/yolo_fruit_dataset/_tmp_frames/jujube_fresh_01_clear_closeup_frame_000210.jpg,/mnt/d/merged_fruit_36_clean_v2/yolo_fruit_dataset/images/val/jujube_fresh_01_clear_closeup_frame_000210.jpg,/mnt/d/merged_fruit_36_clean_v2/yolo_fruit_dataset/labels/val/jujube_fresh_01_clear_closeup_frame_000210.txt
val,/mnt/d/merged_fruit_36_clean_v2/yolo_fruit_dataset/_tmp_frames/banana_rotten_02_black_bruised_rotten_frame_000495.jpg,/mnt/d/merged_fruit_36_clean_v2/yolo_fruit_dataset/images/val/banana_rotten_02_black_bruised_rotten_frame_000495.jpg,/mnt/d/merged_fruit_36_clean_v2/yolo_fruit_dataset/labels/val/banana_rotten_02_black_bruised_rotten_frame_000495.txt
val,/mnt/d/merged_fruit_36_clean_v2/yolo_fruit_dataset/_tmp_frames/carrot_rotten_02_mold_soft_rotten_frame_000570.jpg,/mnt/d/merged_fruit_36_clean_v2/yolo_fruit_dataset/images/val/carrot_rotten_02_mold_soft_rotten_frame_000570.jpg,/mnt/d/merged_fruit_36_clean_v2/yolo_fruit_dataset/labels/val/carrot_rotten_02_mold_soft_rotten_frame_000570.txt
val,/mnt/d/merged_fruit_36_clean_v2/yolo_fruit_dataset/_tmp_frames/lemon_rotten_03_hardcase_rotten_frame_000045.jpg,/mnt/d/merged_fruit_36_clean_v2/yolo_fruit_dataset/images/val/lemon_rotten_03_hardcase_rotten_frame_000045.jpg,/mnt/d/merged_fruit_36_clean_v2/yolo_fruit_dataset/labels/val/lemon_rotten_03_hardcase_rotten_frame_000045.txt
val,/mnt/d/merged_fruit_36_clean_v2/yolo_fruit_dataset/_tmp_frames/avocado_rotten_02_black_inside_rotten_frame_000285.jpg,/mnt/d/merged_fruit_36_clean_v2/yolo_fruit_dataset/images/val/avocado_rotten_02_black_inside_rotten_frame_000285.jpg,/mnt/d/merged_fruit_36_clean_v2/yolo_fruit_dataset/labels/val/avocado_rotten_02_black_inside_rotten_frame_000285.txt
val,/mnt/d/merged_fruit_36_clean_v2/yolo_fruit_dataset/_tmp_frames/bellpepper_rotten_03_hardcase_rotten_frame_000615.jpg,/mnt/d/merged_fruit_36_clean_v2/yolo_fruit_dataset/images/val/bellpepper_rotten_03_hardcase_rotten_frame_000615.jpg,/mnt/d/merged_fruit_36_clean_v2/yolo_fruit_dataset/labels/val/bellpepper_rotten_03_hardcase_rotten_frame_000615.txt
val,/mnt/d/merged_fruit_36_clean_v2/yolo_fruit_dataset/_tmp_frames/bellpepper_fresh_02_real_context_frame_000570.jpg,/mnt/d/merged_fruit_36_clean_v2/yolo_fruit_dataset/images/val/bellpepper_fresh_02_real_context_frame_000570.jpg,/mnt/d/merged_fruit_36_clean_v2/yolo_fruit_dataset/labels/val/bellpepper_fresh_02_real_context_frame_000570.txt
val,/mnt/d/merged_fruit_36_clean_v2/yolo_fruit_dataset/_tmp_frames/bellpepper_rotten_03_hardcase_rotten_frame_000570.jpg,/mnt/d/merged_fruit_36_clean_v2/yolo_fruit_dataset/images/val/bellpepper_rotten_03_hardcase_rotten_frame_000570.jpg,/mnt/d/merged_fruit_36_clean_v2/yolo_fruit_dataset/labels/val/bellpepper_rotten_03_hardcase_rotten_frame_000570.txt
val,/mnt/d/merged_fruit_36_clean_v2/yolo_fruit_dataset/_tmp_frames/apple_fresh_02_real_context_frame_000510.jpg,/mnt/d/merged_fruit_36_clean_v2/yolo_fruit_dataset/images/val/apple_fresh_02_real_context_frame_000510.jpg,/mnt/d/merged_fruit_36_clean_v2/yolo_fruit_dataset/labels/val/apple_fresh_02_real_context_frame_000510.txt
val,/mnt/d/merged_fruit_36_clean_v2/yolo_fruit_dataset/_tmp_frames/grape_fresh_02_real_context_frame_000900.jpg,/mnt/d/merged_fruit_36_clean_v2/yolo_fruit_dataset/images/val/grape_fresh_02_real_context_frame_000900.jpg,/mnt/d/merged_fruit_36_clean_v2/yolo_fruit_dataset/labels/val/grape_fresh_02_real_context_frame_000900.txt
val,/mnt/d/merged_fruit_36_clean_v2/yolo_fruit_dataset/_tmp_frames/carrot_rotten_02_mold_soft_rotten_frame_000285.jpg,/mnt/d/merged_fruit_36_clean_v2/yolo_fruit_dataset/images/val/carrot_rotten_02_mold_soft_rotten_frame_000285.jpg,/mnt/d/merged_fruit_36_clean_v2/yolo_fruit_dataset/labels/val/carrot_rotten_02_mold_soft_rotten_frame_000285.txt
val,/mnt/d/merged_fruit_36_clean_v2/yolo_fruit_dataset/_tmp_frames/tomato_fresh_01_clear_closeup_frame_000300.jpg,/mnt/d/merged_fruit_36_clean_v2/yolo_fruit_dataset/images/val/tomato_fresh_01_clear_closeup_frame_000300.jpg,/mnt/d/merged_fruit_36_clean_v2/yolo_fruit_dataset/labels/val/tomato_fresh_01_clear_closeup_frame_000300.txt
val,/mnt/d/merged_fruit_36_clean_v2/yolo_fruit_dataset/_tmp_frames/grape_fresh_02_real_context_frame_000375.jpg,/mnt/d/merged_fruit_36_clean_v2/yolo_fruit_dataset/images/val/grape_fresh_02_real_context_frame_000375.jpg,/mnt/d/merged_fruit_36_clean_v2/yolo_fruit_dataset/labels/val/grape_fresh_02_real_context_frame_000375.txt
val,/mnt/d/merged_fruit_36_clean_v2/yolo_fruit_dataset/_tmp_frames/avocado_fresh_01_clear_closeup_frame_000450.jpg,/mnt/d/merged_fruit_36_clean_v2/yolo_fruit_dataset/images/val/avocado_fresh_01_clear_closeup_frame_000450.jpg,/mnt/d/merged_fruit_36_clean_v2/yolo_fruit_dataset/labels/val/avocado_fresh_01_clear_closeup_frame_000450.txt
val,/mnt/d/merged_fruit_36_clean_v2/yolo_fruit_dataset/_tmp_frames/grape_fresh_02_real_context_frame_000000.jpg,/mnt/d/merged_fruit_36_clean_v2/yolo_fruit_dataset/images/val/grape_fresh_02_real_context_frame_000000.jpg,/mnt/d/merged_fruit_36_clean_v2/yolo_fruit_dataset/labels/val/grape_fresh_02_real_context_frame_000000.txt
val,/mnt/d/merged_fruit_36_clean_v2/yolo_fruit_dataset/_tmp_frames/guava_rotten_02_mold_bruised_rotten_frame_000075.jpg,/mnt/d/merged_fruit_36_clean_v2/yolo_fruit_dataset/images/val/guava_rotten_02_mold_bruised_rotten_frame_000075.jpg,/mnt/d/merged_fruit_36_clean_v2/yolo_fruit_dataset/labels/val/guava_rotten_02_mold_bruised_rotten_frame_000075.txt
val,/mnt/d/merged_fruit_36_clean_v2/yolo_fruit_dataset/_tmp_frames/carambola_rotten_02_mold_bruised_rotten_frame_000585.jpg,/mnt/d/merged_fruit_36_clean_v2/yolo_fruit_dataset/images/val/carambola_rotten_02_mold_bruised_rotten_frame_000585.jpg,/mnt/d/merged_fruit_36_clean_v2/yolo_fruit_dataset/labels/val/carambola_rotten_02_mold_bruised_rotten_frame_000585.txt
val,/mnt/d/merged_fruit_36_clean_v2/yolo_fruit_dataset/_tmp_frames/carambola_rotten_02_mold_bruised_rotten_frame_000390.jpg,/mnt/d/merged_fruit_36_clean_v2/yolo_fruit_dataset/images/val/carambola_rotten_02_mold_bruised_rotten_frame_000390.jpg,/mnt/d/merged_fruit_36_clean_v2/yolo_fruit_dataset/labels/val/carambola_rotten_02_mold_bruised_rotten_frame_000390.txt
val,/mnt/d/merged_fruit_36_clean_v2/yolo_fruit_dataset/_tmp_frames/banana_rotten_03_hardcase_rotten_frame_000315.jpg,/mnt/d/merged_fruit_36_clean_v2/yolo_fruit_dataset/images/val/banana_rotten_03_hardcase_rotten_frame_000315.jpg,/mnt/d/merged_fruit_36_clean_v2/yolo_fruit_dataset/labels/val/banana_rotten_03_hardcase_rotten_frame_000315.txt
val,/mnt/d/merged_fruit_36_clean_v2/yolo_fruit_dataset/_tmp_frames/avocado_rotten_01_mild_rotten_frame_000165.jpg,/mnt/d/merged_fruit_36_clean_v2/yolo_fruit_dataset/images/val/avocado_rotten_01_mild_rotten_frame_000165.jpg,/mnt/d/merged_fruit_36_clean_v2/yolo_fruit_dataset/labels/val/avocado_rotten_01_mild_rotten_frame_000165.txt
val,/mnt/d/merged_fruit_36_clean_v2/yolo_fruit_dataset/_tmp_frames/potato_fresh_01_clear_closeup_frame_000600.jpg,/mnt/d/merged_fruit_36_clean_v2/yolo_fruit_dataset/images/val/potato_fresh_01_clear_closeup_frame_000600.jpg,/mnt/d/merged_fruit_36_clean_v2/yolo_fruit_dataset/labels/val/potato_fresh_01_clear_closeup_frame_000600.txt
val,/mnt/d/merged_fruit_36_clean_v2/yolo_fruit_dataset/_tmp_frames/avocado_fresh_01_clear_closeup_frame_000135.jpg,/mnt/d/merged_fruit_36_clean_v2/yolo_fruit_dataset/images/val/avocado_fresh_01_clear_closeup_frame_000135.jpg,/mnt/d/merged_fruit_36_clean_v2/yolo_fruit_dataset/labels/val/avocado_fresh_01_clear_closeup_frame_000135.txt
val,/mnt/d/merged_fruit_36_clean_v2/yolo_fruit_dataset/_tmp_frames/potato_rotten_02_sprout_green_rotten_frame_000270.jpg,/mnt/d/merged_fruit_36_clean_v2/yolo_fruit_dataset/images/val/potato_rotten_02_sprout_green_rotten_frame_000270.jpg,/mnt/d/merged_fruit_36_clean_v2/yolo_fruit_dataset/labels/val/potato_rotten_02_sprout_green_rotten_frame_000270.txt
val,/mnt/d/merged_fruit_36_clean_v2/yolo_fruit_dataset/_tmp_frames/peach_fresh_01_clear_closeup_frame_000855.jpg,/mnt/d/merged_fruit_36_clean_v2/yolo_fruit_dataset/images/val/peach_fresh_01_clear_closeup_frame_000855.jpg,/mnt/d/merged_fruit_36_clean_v2/yolo_fruit_dataset/labels/val/peach_fresh_01_clear_closeup_frame_000855.txt
val,/mnt/d/merged_fruit_36_clean_v2/yolo_fruit_dataset/_tmp_frames/grape_fresh_01_clear_closeup_frame_000885.jpg,/mnt/d/merged_fruit_36_clean_v2/yolo_fruit_dataset/images/val/grape_fresh_01_clear_closeup_frame_000885.jpg,/mnt/d/merged_fruit_36_clean_v2/yolo_fruit_dataset/labels/val/grape_fresh_01_clear_closeup_frame_000885.txt
val,/mnt/d/merged_fruit_36_clean_v2/yolo_fruit_dataset/_tmp_frames/pomegranate_fresh_01_clear_closeup_frame_000165.jpg,/mnt/d/merged_fruit_36_clean_v2/yolo_fruit_dataset/images/val/pomegranate_fresh_01_clear_closeup_frame_000165.jpg,/mnt/d/merged_fruit_36_clean_v2/yolo_fruit_dataset/labels/val/pomegranate_fresh_01_clear_closeup_frame_000165.txt
val,/mnt/d/merged_fruit_36_clean_v2/yolo_fruit_dataset/_tmp_frames/pomegranate_rotten_02_mold_dark_rotten_frame_000045.jpg,/mnt/d/merged_fruit_36_clean_v2/yolo_fruit_dataset/images/val/pomegranate_rotten_02_mold_dark_rotten_frame_000045.jpg,/mnt/d/merged_fruit_36_clean_v2/yolo_fruit_dataset/labels/val/pomegranate_rotten_02_mold_dark_rotten_frame_000045.txt
val,/mnt/d/merged_fruit_36_clean_v2/yolo_fruit_dataset/_tmp_frames/lemon_rotten_03_hardcase_rotten_frame_000105.jpg,/mnt/d/merged_fruit_36_clean_v2/yolo_fruit_dataset/images/val/lemon_rotten_03_hardcase_rotten_frame_000105.jpg,/mnt/d/merged_fruit_36_clean_v2/yolo_fruit_dataset/labels/val/lemon_rotten_03_hardcase_rotten_frame_000105.txt
val,/mnt/d/merged_fruit_36_clean_v2/yolo_fruit_dataset/_tmp_frames/grape_fresh_02_real_context_frame_000765.jpg,/mnt/d/merged_fruit_36_clean_v2/yolo_fruit_dataset/images/val/grape_fresh_02_real_context_frame_000765.jpg,/mnt/d/merged_fruit_36_clean_v2/yolo_fruit_dataset/labels/val/grape_fresh_02_real_context_frame_000765.txt
val,/mnt/d/merged_fruit_36_clean_v2/yolo_fruit_dataset/_tmp_frames/guava_fresh_01_clear_closeup_frame_000420.jpg,/mnt/d/merged_fruit_36_clean_v2/yolo_fruit_dataset/images/val/guava_fresh_01_clear_closeup_frame_000420.jpg,/mnt/d/merged_fruit_36_clean_v2/yolo_fruit_dataset/labels/val/guava_fresh_01_clear_closeup_frame_000420.txt
val,/mnt/d/merged_fruit_36_clean_v2/yolo_fruit_dataset/_tmp_frames/strawberry_rotten_03_hardcase_rotten_frame_000120.jpg,/mnt/d/merged_fruit_36_clean_v2/yolo_fruit_dataset/images/val/strawberry_rotten_03_hardcase_rotten_frame_000120.jpg,/mnt/d/merged_fruit_36_clean_v2/yolo_fruit_dataset/labels/val/strawberry_rotten_03_hardcase_rotten_frame_000120.txt
val,/mnt/d/merged_fruit_36_clean_v2/yolo_fruit_dataset/_tmp_frames/carambola_rotten_02_mold_bruised_rotten_frame_000900.jpg,/mnt/d/merged_fruit_36_clean_v2/yolo_fruit_dataset/images/val/carambola_rotten_02_mold_bruised_rotten_frame_000900.jpg,/mnt/d/merged_fruit_36_clean_v2/yolo_fruit_dataset/labels/val/carambola_rotten_02_mold_bruised_rotten_frame_000900.txt
val,/mnt/d/merged_fruit_36_clean_v2/yolo_fruit_dataset/_tmp_frames/mango_rotten_02_black_bruised_rotten_frame_000315.jpg,/mnt/d/merged_fruit_36_clean_v2/yolo_fruit_dataset/images/val/mango_rotten_02_black_bruised_rotten_frame_000315.jpg,/mnt/d/merged_fruit_36_clean_v2/yolo_fruit_dataset/labels/val/mango_rotten_02_black_bruised_rotten_frame_000315.txt
val,/mnt/d/merged_fruit_36_clean_v2/yolo_fruit_dataset/_tmp_frames/banana_rotten_03_hardcase_rotten_frame_000060.jpg,/mnt/d/merged_fruit_36_clean_v2/yolo_fruit_dataset/images/val/banana_rotten_03_hardcase_rotten_frame_000060.jpg,/mnt/d/merged_fruit_36_clean_v2/yolo_fruit_dataset/labels/val/banana_rotten_03_hardcase_rotten_frame_000060.txt
val,/mnt/d/merged_fruit_36_clean_v2/yolo_fruit_dataset/_tmp_frames/peach_fresh_01_clear_closeup_frame_000765.jpg,/mnt/d/merged_fruit_36_clean_v2/yolo_fruit_dataset/images/val/peach_fresh_01_clear_closeup_frame_000765.jpg,/mnt/d/merged_fruit_36_clean_v2/yolo_fruit_dataset/labels/val/peach_fresh_01_clear_closeup_frame_000765.txt
val,/mnt/d/merged_fruit_36_clean_v2/yolo_fruit_dataset/_tmp_frames/avocado_fresh_03_cut_open_hardcase_frame_000375.jpg,/mnt/d/merged_fruit_36_clean_v2/yolo_fruit_dataset/images/val/avocado_fresh_03_cut_open_hardcase_frame_000375.jpg,/mnt/d/merged_fruit_36_clean_v2/yolo_fruit_dataset/labels/val/avocado_fresh_03_cut_open_hardcase_frame_000375.txt
val,/mnt/d/merged_fruit_36_clean_v2/yolo_fruit_dataset/_tmp_frames/guava_rotten_02_mold_bruised_rotten_frame_000000.jpg,/mnt/d/merged_fruit_36_clean_v2/yolo_fruit_dataset/images/val/guava_rotten_02_mold_bruised_rotten_frame_000000.jpg,/mnt/d/merged_fruit_36_clean_v2/yolo_fruit_dataset/labels/val/guava_rotten_02_mold_bruised_rotten_frame_000000.txt
val,/mnt/d/merged_fruit_36_clean_v2/yolo_fruit_dataset/_tmp_frames/cucumber_fresh_02_real_context_frame_000030.jpg,/mnt/d/merged_fruit_36_clean_v2/yolo_fruit_dataset/images/val/cucumber_fresh_02_real_context_frame_000030.jpg,/mnt/d/merged_fruit_36_clean_v2/yolo_fruit_dataset/labels/val/cucumber_fresh_02_real_context_frame_000030.txt
val,/mnt/d/merged_fruit_36_clean_v2/yolo_fruit_dataset/_tmp_frames/apple_rotten_03_hardcase_rotten_frame_000195.jpg,/mnt/d/merged_fruit_36_clean_v2/yolo_fruit_dataset/images/val/apple_rotten_03_hardcase_rotten_frame_000195.jpg,/mnt/d/merged_fruit_36_clean_v2/yolo_fruit_dataset/labels/val/apple_rotten_03_hardcase_rotten_frame_000195.txt
val,/mnt/d/merged_fruit_36_clean_v2/yolo_fruit_dataset/_tmp_frames/orange_fresh_01_clear_closeup_frame_000000.jpg,/mnt/d/merged_fruit_36_clean_v2/yolo_fruit_dataset/images/val/orange_fresh_01_clear_closeup_frame_000000.jpg,/mnt/d/merged_fruit_36_clean_v2/yolo_fruit_dataset/labels/val/orange_fresh_01_clear_closeup_frame_000000.txt
val,/mnt/d/merged_fruit_36_clean_v2/yolo_fruit_dataset/_tmp_frames/strawberry_rotten_03_hardcase_rotten_frame_000705.jpg,/mnt/d/merged_fruit_36_clean_v2/yolo_fruit_dataset/images/val/strawberry_rotten_03_hardcase_rotten_frame_000705.jpg,/mnt/d/merged_fruit_36_clean_v2/yolo_fruit_dataset/labels/val/strawberry_rotten_03_hardcase_rotten_frame_000705.txt
val,/mnt/d/merged_fruit_36_clean_v2/yolo_fruit_dataset/_tmp_frames/tomato_fresh_03_cut_open_hardcase_frame_000225.jpg,/mnt/d/merged_fruit_36_clean_v2/yolo_fruit_dataset/images/val/tomato_fresh_03_cut_open_hardcase_frame_000225.jpg,/mnt/d/merged_fruit_36_clean_v2/yolo_fruit_dataset/labels/val/tomato_fresh_03_cut_open_hardcase_frame_000225.txt
val,/mnt/d/merged_fruit_36_clean_v2/yolo_fruit_dataset/_tmp_frames/tomato_fresh_01_clear_closeup_frame_000330.jpg,/mnt/d/merged_fruit_36_clean_v2/yolo_fruit_dataset/images/val/tomato_fresh_01_clear_closeup_frame_000330.jpg,/mnt/d/merged_fruit_36_clean_v2/yolo_fruit_dataset/labels/val/tomato_fresh_01_clear_closeup_frame_000330.txt
val,/mnt/d/merged_fruit_36_clean_v2/yolo_fruit_dataset/_tmp_frames/avocado_fresh_02_real_context_frame_000255.jpg,/mnt/d/merged_fruit_36_clean_v2/yolo_fruit_dataset/images/val/avocado_fresh_02_real_context_frame_000255.jpg,/mnt/d/merged_fruit_36_clean_v2/yolo_fruit_dataset/labels/val/avocado_fresh_02_real_context_frame_000255.txt
val,/mnt/d/merged_fruit_36_clean_v2/yolo_fruit_dataset/_tmp_frames/banana_fresh_03_hardcase_frame_000315.jpg,/mnt/d/merged_fruit_36_clean_v2/yolo_fruit_dataset/images/val/banana_fresh_03_hardcase_frame_000315.jpg,/mnt/d/merged_fruit_36_clean_v2/yolo_fruit_dataset/labels/val/banana_fresh_03_hardcase_frame_000315.txt
val,/mnt/d/merged_fruit_36_clean_v2/yolo_fruit_dataset/_tmp_frames/apple_rotten_01_mild_rotten_frame_000150.jpg,/mnt/d/merged_fruit_36_clean_v2/yolo_fruit_dataset/images/val/apple_rotten_01_mild_rotten_frame_000150.jpg,/mnt/d/merged_fruit_36_clean_v2/yolo_fruit_dataset/labels/val/apple_rotten_01_mild_rotten_frame_000150.txt
val,/mnt/d/merged_fruit_36_clean_v2/yolo_fruit_dataset/_tmp_frames/apple_fresh_02_real_context_frame_000600.jpg,/mnt/d/merged_fruit_36_clean_v2/yolo_fruit_dataset/images/val/apple_fresh_02_real_context_frame_000600.jpg,/mnt/d/merged_fruit_36_clean_v2/yolo_fruit_dataset/labels/val/apple_fresh_02_real_context_frame_000600.txt
val,/mnt/d/merged_fruit_36_clean_v2/yolo_fruit_dataset/_tmp_frames/bellpepper_rotten_03_hardcase_rotten_frame_000540.jpg,/mnt/d/merged_fruit_36_clean_v2/yolo_fruit_dataset/images/val/bellpepper_rotten_03_hardcase_rotten_frame_000540.jpg,/mnt/d/merged_fruit_36_clean_v2/yolo_fruit_dataset/labels/val/bellpepper_rotten_03_hardcase_rotten_frame_000540.txt
val,/mnt/d/merged_fruit_36_clean_v2/yolo_fruit_dataset/_tmp_frames/peach_fresh_01_clear_closeup_frame_000195.jpg,/mnt/d/merged_fruit_36_clean_v2/yolo_fruit_dataset/images/val/peach_fresh_01_clear_closeup_frame_000195.jpg,/mnt/d/merged_fruit_36_clean_v2/yolo_fruit_dataset/labels/val/peach_fresh_01_clear_closeup_frame_000195.txt
val,/mnt/d/merged_fruit_36_clean_v2/yolo_fruit_dataset/_tmp_frames/tomato_fresh_02_real_context_frame_000210.jpg,/mnt/d/merged_fruit_36_clean_v2/yolo_fruit_dataset/images/val/tomato_fresh_02_real_context_frame_000210.jpg,/mnt/d/merged_fruit_36_clean_v2/yolo_fruit_dataset/labels/val/tomato_fresh_02_real_context_frame_000210.txt
val,/mnt/d/merged_fruit_36_clean_v2/yolo_fruit_dataset/_tmp_frames/grape_rotten_01_mild_rotten_frame_000165.jpg,/mnt/d/merged_fruit_36_clean_v2/yolo_fruit_dataset/images/val/grape_rotten_01_mild_rotten_frame_000165.jpg,/mnt/d/merged_fruit_36_clean_v2/yolo_fruit_dataset/labels/val/grape_rotten_01_mild_rotten_frame_000165.txt
val,/mnt/d/merged_fruit_36_clean_v2/yolo_fruit_dataset/_tmp_frames/tomato_fresh_01_clear_closeup_frame_000585.jpg,/mnt/d/merged_fruit_36_clean_v2/yolo_fruit_dataset/images/val/tomato_fresh_01_clear_closeup_frame_000585.jpg,/mnt/d/merged_fruit_36_clean_v2/yolo_fruit_dataset/labels/val/tomato_fresh_01_clear_closeup_frame_000585.txt
val,/mnt/d/merged_fruit_36_clean_v2/yolo_fruit_dataset/_tmp_frames/strawberry_fresh_03_hardcase_frame_000135.jpg,/mnt/d/merged_fruit_36_clean_v2/yolo_fruit_dataset/images/val/strawberry_fresh_03_hardcase_frame_000135.jpg,/mnt/d/merged_fruit_36_clean_v2/yolo_fruit_dataset/labels/val/strawberry_fresh_03_hardcase_frame_000135.txt
val,/mnt/d/merged_fruit_36_clean_v2/yolo_fruit_dataset/_tmp_frames/carrot_rotten_02_mold_soft_rotten_frame_000210.jpg,/mnt/d/merged_fruit_36_clean_v2/yolo_fruit_dataset/images/val/carrot_rotten_02_mold_soft_rotten_frame_000210.jpg,/mnt/d/merged_fruit_36_clean_v2/yolo_fruit_dataset/labels/val/carrot_rotten_02_mold_soft_rotten_frame_000210.txt
val,/mnt/d/merged_fruit_36_clean_v2/yolo_fruit_dataset/_tmp_frames/guava_fresh_02_real_context_frame_000015.jpg,/mnt/d/merged_fruit_36_clean_v2/yolo_fruit_dataset/images/val/guava_fresh_02_real_context_frame_000015.jpg,/mnt/d/merged_fruit_36_clean_v2/yolo_fruit_dataset/labels/val/guava_fresh_02_real_context_frame_000015.txt
val,/mnt/d/merged_fruit_36_clean_v2/yolo_fruit_dataset/_tmp_frames/bellpepper_rotten_03_hardcase_rotten_frame_000405.jpg,/mnt/d/merged_fruit_36_clean_v2/yolo_fruit_dataset/images/val/bellpepper_rotten_03_hardcase_rotten_frame_000405.jpg,/mnt/d/merged_fruit_36_clean_v2/yolo_fruit_dataset/labels/val/bellpepper_rotten_03_hardcase_rotten_frame_000405.txt
val,/mnt/d/merged_fruit_36_clean_v2/yolo_fruit_dataset/_tmp_frames/strawberry_rotten_03_hardcase_rotten_frame_000525.jpg,/mnt/d/merged_fruit_36_clean_v2/yolo_fruit_dataset/images/val/strawberry_rotten_03_hardcase_rotten_frame_000525.jpg,/mnt/d/merged_fruit_36_clean_v2/yolo_fruit_dataset/labels/val/strawberry_rotten_03_hardcase_rotten_frame_000525.txt
val,/mnt/d/merged_fruit_36_clean_v2/yolo_fruit_dataset/_tmp_frames/potato_fresh_01_clear_closeup_frame_000075.jpg,/mnt/d/merged_fruit_36_clean_v2/yolo_fruit_dataset/images/val/potato_fresh_01_clear_closeup_frame_000075.jpg,/mnt/d/merged_fruit_36_clean_v2/yolo_fruit_dataset/labels/val/potato_fresh_01_clear_closeup_frame_000075.txt
val,/mnt/d/merged_fruit_36_clean_v2/yolo_fruit_dataset/_tmp_frames/potato_rotten_01_mild_rotten_frame_000240.jpg,/mnt/d/merged_fruit_36_clean_v2/yolo_fruit_dataset/images/val/potato_rotten_01_mild_rotten_frame_000240.jpg,/mnt/d/merged_fruit_36_clean_v2/yolo_fruit_dataset/labels/val/potato_rotten_01_mild_rotten_frame_000240.txt
val,/mnt/d/merged_fruit_36_clean_v2/yolo_fruit_dataset/_tmp_frames/banana_fresh_01_clear_closeup_frame_000075.jpg,/mnt/d/merged_fruit_36_clean_v2/yolo_fruit_dataset/images/val/banana_fresh_01_clear_closeup_frame_000075.jpg,/mnt/d/merged_fruit_36_clean_v2/yolo_fruit_dataset/labels/val/banana_fresh_01_clear_closeup_frame_000075.txt
val,/mnt/d/merged_fruit_36_clean_v2/yolo_fruit_dataset/_tmp_frames/strawberry_fresh_03_hardcase_frame_000195.jpg,/mnt/d/merged_fruit_36_clean_v2/yolo_fruit_dataset/images/val/strawberry_fresh_03_hardcase_frame_000195.jpg,/mnt/d/merged_fruit_36_clean_v2/yolo_fruit_dataset/labels/val/strawberry_fresh_03_hardcase_frame_000195.txt
val,/mnt/d/merged_fruit_36_clean_v2/yolo_fruit_dataset/_tmp_frames/cucumber_fresh_02_real_context_frame_000120.jpg,/mnt/d/merged_fruit_36_clean_v2/yolo_fruit_dataset/images/val/cucumber_fresh_02_real_context_frame_000120.jpg,/mnt/d/merged_fruit_36_clean_v2/yolo_fruit_dataset/labels/val/cucumber_fresh_02_real_context_frame_000120.txt
val,/mnt/d/merged_fruit_36_clean_v2/yolo_fruit_dataset/_tmp_frames/strawberry_fresh_01_clear_closeup_frame_000255.jpg,/mnt/d/merged_fruit_36_clean_v2/yolo_fruit_dataset/images/val/strawberry_fresh_01_clear_closeup_frame_000255.jpg,/mnt/d/merged_fruit_36_clean_v2/yolo_fruit_dataset/labels/val/strawberry_fresh_01_clear_closeup_frame_000255.txt
val,/mnt/d/merged_fruit_36_clean_v2/yolo_fruit_dataset/_tmp_frames/orange_fresh_01_clear_closeup_frame_000255.jpg,/mnt/d/merged_fruit_36_clean_v2/yolo_fruit_dataset/images/val/orange_fresh_01_clear_closeup_frame_000255.jpg,/mnt/d/merged_fruit_36_clean_v2/yolo_fruit_dataset/labels/val/orange_fresh_01_clear_closeup_frame_000255.txt
val,/mnt/d/merged_fruit_36_clean_v2/yolo_fruit_dataset/_tmp_frames/apple_rotten_01_mild_rotten_frame_000555.jpg,/mnt/d/merged_fruit_36_clean_v2/yolo_fruit_dataset/images/val/apple_rotten_01_mild_rotten_frame_000555.jpg,/mnt/d/merged_fruit_36_clean_v2/yolo_fruit_dataset/labels/val/apple_rotten_01_mild_rotten_frame_000555.txt
val,/mnt/d/merged_fruit_36_clean_v2/yolo_fruit_dataset/_tmp_frames/guava_fresh_03_on_tree_hardcase_frame_000000.jpg,/mnt/d/merged_fruit_36_clean_v2/yolo_fruit_dataset/images/val/guava_fresh_03_on_tree_hardcase_frame_000000.jpg,/mnt/d/merged_fruit_36_clean_v2/yolo_fruit_dataset/labels/val/guava_fresh_03_on_tree_hardcase_frame_000000.txt
val,/mnt/d/merged_fruit_36_clean_v2/yolo_fruit_dataset/_tmp_frames/mango_fresh_01_clear_closeup_frame_000315.jpg,/mnt/d/merged_fruit_36_clean_v2/yolo_fruit_dataset/images/val/mango_fresh_01_clear_closeup_frame_000315.jpg,/mnt/d/merged_fruit_36_clean_v2/yolo_fruit_dataset/labels/val/mango_fresh_01_clear_closeup_frame_000315.txt
val,/mnt/d/merged_fruit_36_clean_v2/yolo_fruit_dataset/_tmp_frames/banana_rotten_02_black_bruised_rotten_frame_000375.jpg,/mnt/d/merged_fruit_36_clean_v2/yolo_fruit_dataset/images/val/banana_rotten_02_black_bruised_rotten_frame_000375.jpg,/mnt/d/merged_fruit_36_clean_v2/yolo_fruit_dataset/labels/val/banana_rotten_02_black_bruised_rotten_frame_000375.txt
val,/mnt/d/merged_fruit_36_clean_v2/yolo_fruit_dataset/_tmp_frames/banana_fresh_01_clear_closeup_frame_000060.jpg,/mnt/d/merged_fruit_36_clean_v2/yolo_fruit_dataset/images/val/banana_fresh_01_clear_closeup_frame_000060.jpg,/mnt/d/merged_fruit_36_clean_v2/yolo_fruit_dataset/labels/val/banana_fresh_01_clear_closeup_frame_000060.txt
val,/mnt/d/merged_fruit_36_clean_v2/yolo_fruit_dataset/_tmp_frames/carrot_fresh_03_hardcase_frame_000135.jpg,/mnt/d/merged_fruit_36_clean_v2/yolo_fruit_dataset/images/val/carrot_fresh_03_hardcase_frame_000135.jpg,/mnt/d/merged_fruit_36_clean_v2/yolo_fruit_dataset/labels/val/carrot_fresh_03_hardcase_frame_000135.txt
val,/mnt/d/merged_fruit_36_clean_v2/yolo_fruit_dataset/_tmp_frames/mango_rotten_02_black_bruised_rotten_frame_000225.jpg,/mnt/d/merged_fruit_36_clean_v2/yolo_fruit_dataset/images/val/mango_rotten_02_black_bruised_rotten_frame_000225.jpg,/mnt/d/merged_fruit_36_clean_v2/yolo_fruit_dataset/labels/val/mango_rotten_02_black_bruised_rotten_frame_000225.txt
val,/mnt/d/merged_fruit_36_clean_v2/yolo_fruit_dataset/_tmp_frames/carambola_fresh_03_on_tree_hardcase_frame_000585.jpg,/mnt/d/merged_fruit_36_clean_v2/yolo_fruit_dataset/images/val/carambola_fresh_03_on_tree_hardcase_frame_000585.jpg,/mnt/d/merged_fruit_36_clean_v2/yolo_fruit_dataset/labels/val/carambola_fresh_03_on_tree_hardcase_frame_000585.txt
val,/mnt/d/merged_fruit_36_clean_v2/yolo_fruit_dataset/_tmp_frames/pomegranate_fresh_02_real_context_frame_000240.jpg,/mnt/d/merged_fruit_36_clean_v2/yolo_fruit_dataset/images/val/pomegranate_fresh_02_real_context_frame_000240.jpg,/mnt/d/merged_fruit_36_clean_v2/yolo_fruit_dataset/labels/val/pomegranate_fresh_02_real_context_frame_000240.txt
val,/mnt/d/merged_fruit_36_clean_v2/yolo_fruit_dataset/_tmp_frames/strawberry_rotten_03_hardcase_rotten_frame_000420.jpg,/mnt/d/merged_fruit_36_clean_v2/yolo_fruit_dataset/images/val/strawberry_rotten_03_hardcase_rotten_frame_000420.jpg,/mnt/d/merged_fruit_36_clean_v2/yolo_fruit_dataset/labels/val/strawberry_rotten_03_hardcase_rotten_frame_000420.txt
val,/mnt/d/merged_fruit_36_clean_v2/yolo_fruit_dataset/_tmp_frames/carrot_fresh_03_hardcase_frame_000015.jpg,/mnt/d/merged_fruit_36_clean_v2/yolo_fruit_dataset/images/val/carrot_fresh_03_hardcase_frame_000015.jpg,/mnt/d/merged_fruit_36_clean_v2/yolo_fruit_dataset/labels/val/carrot_fresh_03_hardcase_frame_000015.txt
val,/mnt/d/merged_fruit_36_clean_v2/yolo_fruit_dataset/_tmp_frames/carrot_rotten_01_mild_rotten_frame_000690.jpg,/mnt/d/merged_fruit_36_clean_v2/yolo_fruit_dataset/images/val/carrot_rotten_01_mild_rotten_frame_000690.jpg,/mnt/d/merged_fruit_36_clean_v2/yolo_fruit_dataset/labels/val/carrot_rotten_01_mild_rotten_frame_000690.txt
val,/mnt/d/merged_fruit_36_clean_v2/yolo_fruit_dataset/_tmp_frames/lemon_rotten_03_hardcase_rotten_frame_000150.jpg,/mnt/d/merged_fruit_36_clean_v2/yolo_fruit_dataset/images/val/lemon_rotten_03_hardcase_rotten_frame_000150.jpg,/mnt/d/merged_fruit_36_clean_v2/yolo_fruit_dataset/labels/val/lemon_rotten_03_hardcase_rotten_frame_000150.txt
val,/mnt/d/merged_fruit_36_clean_v2/yolo_fruit_dataset/_tmp_frames/bellpepper_rotten_03_hardcase_rotten_frame_000630.jpg,/mnt/d/merged_fruit_36_clean_v2/yolo_fruit_dataset/images/val/bellpepper_rotten_03_hardcase_rotten_frame_000630.jpg,/mnt/d/merged_fruit_36_clean_v2/yolo_fruit_dataset/labels/val/bellpepper_rotten_03_hardcase_rotten_frame_000630.txt
val,/mnt/d/merged_fruit_36_clean_v2/yolo_fruit_dataset/_tmp_frames/tomato_rotten_02_soft_mold_rotten_frame_000000.jpg,/mnt/d/merged_fruit_36_clean_v2/yolo_fruit_dataset/images/val/tomato_rotten_02_soft_mold_rotten_frame_000000.jpg,/mnt/d/merged_fruit_36_clean_v2/yolo_fruit_dataset/labels/val/tomato_rotten_02_soft_mold_rotten_frame_000000.txt
val,/mnt/d/merged_fruit_36_clean_v2/yolo_fruit_dataset/_tmp_frames/potato_rotten_02_sprout_green_rotten_frame_000240.jpg,/mnt/d/merged_fruit_36_clean_v2/yolo_fruit_dataset/images/val/potato_rotten_02_sprout_green_rotten_frame_000240.jpg,/mnt/d/merged_fruit_36_clean_v2/yolo_fruit_dataset/labels/val/potato_rotten_02_sprout_green_rotten_frame_000240.txt
val,/mnt/d/merged_fruit_36_clean_v2/yolo_fruit_dataset/_tmp_frames/strawberry_fresh_01_clear_closeup_frame_000060.jpg,/mnt/d/merged_fruit_36_clean_v2/yolo_fruit_dataset/images/val/strawberry_fresh_01_clear_closeup_frame_000060.jpg,/mnt/d/merged_fruit_36_clean_v2/yolo_fruit_dataset/labels/val/strawberry_fresh_01_clear_closeup_frame_000060.txt
val,/mnt/d/merged_fruit_36_clean_v2/yolo_fruit_dataset/_tmp_frames/grape_fresh_03_on_tree_hardcase_frame_000180.jpg,/mnt/d/merged_fruit_36_clean_v2/yolo_fruit_dataset/images/val/grape_fresh_03_on_tree_hardcase_frame_000180.jpg,/mnt/d/merged_fruit_36_clean_v2/yolo_fruit_dataset/labels/val/grape_fresh_03_on_tree_hardcase_frame_000180.txt
val,/mnt/d/merged_fruit_36_clean_v2/yolo_fruit_dataset/_tmp_frames/carambola_rotten_02_mold_bruised_rotten_frame_000150.jpg,/mnt/d/merged_fruit_36_clean_v2/yolo_fruit_dataset/images/val/carambola_rotten_02_mold_bruised_rotten_frame_000150.jpg,/mnt/d/merged_fruit_36_clean_v2/yolo_fruit_dataset/labels/val/carambola_rotten_02_mold_bruised_rotten_frame_000150.txt
val,/mnt/d/merged_fruit_36_clean_v2/yolo_fruit_dataset/_tmp_frames/strawberry_rotten_03_hardcase_rotten_frame_000045.jpg,/mnt/d/merged_fruit_36_clean_v2/yolo_fruit_dataset/images/val/strawberry_rotten_03_hardcase_rotten_frame_000045.jpg,/mnt/d/merged_fruit_36_clean_v2/yolo_fruit_dataset/labels/val/strawberry_rotten_03_hardcase_rotten_frame_000045.txt
val,/mnt/d/merged_fruit_36_clean_v2/yolo_fruit_dataset/_tmp_frames/mango_fresh_01_clear_closeup_frame_000300.jpg,/mnt/d/merged_fruit_36_clean_v2/yolo_fruit_dataset/images/val/mango_fresh_01_clear_closeup_frame_000300.jpg,/mnt/d/merged_fruit_36_clean_v2/yolo_fruit_dataset/labels/val/mango_fresh_01_clear_closeup_frame_000300.txt
